=== locate DebugComp / devices.xml / R7FA0E105 files ===
FILE /Applications/Renesas e2 studio with RA FSP v6.6.0/fsp/internal/projectgen/ra/packs/Renesas.RA_board_ra8p1_ek_v2.6.6.0.pack
FILE /Applications/Renesas e2 studio with RA FSP v6.6.0/fsp/internal/projectgen/ra/packs/Renesas.E2RFW_RA8P1.2.8.1.pack
FILE /Applications/Renesas e2 studio with RA FSP v6.6.0/fsp/internal/projectgen/ra/packs/Renesas.RA_board_ra8p1_ek.6.6.0.pack
FILE /Applications/Renesas e2 studio with RA FSP v6.6.0/fsp/internal/projectgen/ra/packs/Renesas.RA_mcu_ra8p1.6.6.0.pack
=== gdb binary path-like strings ===
english.xml
japanese.xml
wDeviceID
dwMcuDeviceCode
dwMcuFineDeviceCodeNum
dwMcuFineDeviceCode
TargetDevice::stop
TargetDevice::stopTargetInternal
TargetDevice::stepTargetInternal
DeviceFileInformation
DeviceAttributes
<xmlattr>.
<xmlattr>.id
/Users/e2studio-cloudbees/.conan2/p/b/boost26776204626a4/p/include/boost/property_tree/xml_parser.hpp
read_xml
/Users/e2studio-cloudbees/.conan2/p/b/boost26776204626a4/p/include/boost/property_tree/detail/xml_parser_read_rapidxml.h
read_xml_internal
<xmlattr>
<xmltext>
<xmlcomment>
DevicePartitionManager
Device name:%s
<?xml version="1.0"?>
<?xml version="1.0"?>
Xfer:features:read:target.xml
xmlRegisters+
No matching device found : Device = <%s>, CPU = <%s>
 authentication] Device authentication failed
The Target Device is: 
The Target Device and the target specified in The Debugger Configuration do not match. 
-uSkipSelectDeviceCheck=
.\ARM\green-dsp-v2-core.xml
E2RxTargetDevice::E1_E20_download_monitor_program() Failed!
JLINKARM_EMU_GetNumDevices
RxTargetDevice::E20_set_debug_information() - FAIL : 0x%X
RxTargetDevice::E20_set_PMOD() - bad mode
RxTargetDevice::E20_set_PMOD() Fail 2
RxTargetDevice::startConnection() Rx_Init_E1_E20() Failed
RxTargetDevice::HandleMCUFile() Failed to open file
RxTargetDevice::HandleMCUFile() CreateMCUFileReader() failed
RxTargetDevice::updatePreRunFunction, 0x%08x
RxTargetDevice::updatePostBreakFunction, 0x%08x
wDeviceID: %d
DeviceIdcode
FineDeviceCode
dwFineDeviceCode
pszDeviceName
T32TargetDeviceCore: Cannot access file for execution: '%s' (%d)!
T32TargetDeviceCore: Could not fork+exec process: '%s' (%d)!
T32TargetDevice_Shader::setPCBreakpoint, %s, 0x%08x
<?xml version="1.0" encoding="UTF-8"?> 
.\RX\green-dsp-v3-core.xml
             wDeviceID = 0x%.4X
             dwJFineDeviceCode = 0x%.8X,
             dwMcuDeviceCode = 0x%.8X
             dwMcuFineDeviceCodeNum = 0x%.8X
             wMcuFineDeviceCode[0] = 0x%.4X
             dwMcuDeviceCode = 0x%.8X
             wMcuFineDeviceCode = 0x%.4X
TargetDeviceListManagerRL78::readDeviceFilesInfo failed
.\RL78\green-dsp-v2-core.xml
.\RL78\green-dsp-faa-core.xml
<xmlattr>.chipType
<xmlattr>.flashFunction
<xmlattr>.standardFunction1
<xmlattr>.standardFunction2
<xmlattr>.subClockSupport
<xmlattr>.ieClassification
<xmlattr>.supportFunction1
<xmlattr>.supportFunction2
<xmlattr>.typeName
<xmlattr>.core
<xmlattr>.type
<xmlattr>.startAddress
<xmlattr>.endAddress
<xmlattr>.busSize
<xmlattr>.readEnabled
<xmlattr>.writeEnabled
<xmlattr>.fetchEnabled
<xmlattr>.useProhibited
-uMultiDeviceSync=
DeviceSettings
McuDeviceCode
McuFineDeviceCodeNum
McuFineDeviceCode_%02d
DLM and PL transition is not supported for this device type through Renesas Device Partition Manager. Please use Renesas
Renesas Device Partition Manager
RFP_GetDeviceInfo
RFP_ReadDeviceOption
RFP_WriteDeviceOption
RFP_VerifyDeviceOption
15DspTargetDevice
12TargetDevice
14TargetDevice64
23TargetDeviceListMCEntry
23TargetDeviceListManager
19TargetDeviceNonExec
N5boost10wrapexceptINS_13property_tree10xml_parser16xml_parser_errorEEE
N5boost13property_tree6detail8rapidxml11parse_errorE
24ARMTargetDeviceCoreSight
25ITrustZoneDeviceListEntry
16ITargetDeviceARM
24ITargetDevicePassThrough
15ITargetDevice64
15ARMTargetDevice
30ARMTargetDeviceWithSemiHosting
13ITargetDevice
24TargetDeviceListEntryARM
26TargetDeviceListManagerARM
24TrustZoneDeviceListEntry
14TZTargetDevice
15ITZTargetDevice
18StarTZTargetDevice
17RA8TZTargetDevice
19RA8x2TZTargetDevice
22RA8x2SiPTZTargetDevice
18EnewTZTargetDevice
19RA6B1TZTargetDevice
19OtherTZTargetDevice
18ARMDspTargetDevice
27ARMDspTargetDeviceGREEN_DSP
24ARMR4TargetDeviceWithVFP
22ARMR8TargetDeviceNoVFP
19ARMTargetDeviceCore
25ARMTargetDeviceCoreM0Plus
23ARMTargetDeviceMC_BRAVO
21ARMTargetDeviceMC_CPU
17E2ARMTargetDevice
26TargetDeviceListEntryE2ARM
28TargetDeviceListManagerE2ARM
23E2ARMTargetDeviceMC_CPU
21E2ARMTargetDeviceCore
16E1RxTargetDevice
22E1RxTargetDeviceMC_6Z4
22E1RxTargetDeviceMC_BPM
22E1RxTargetDeviceMC_CPU
16E2RxTargetDevice
14RxTargetDevice
21TargetDeviceListEntry
18RxTargetDeviceCore
20RxTargetDeviceCoreV2
20RxTargetDeviceCoreV3
20RxTargetDeviceMC_CPU
22RxTargetDeviceMC_Type1
23TargetDeviceListEntryRX
25TargetDeviceListManagerRX
26ProtectZoneDeviceListEntry
14PZTargetDevice
15IPZTargetDevice
19RX74MPZTargetDevice
27IProtectZoneDeviceListEntry
19T32TargetDeviceCore
24TargetDeviceListEntryT32
26TargetDeviceListManagerT32
24TargetDeviceShaderThread
25TargetDeviceShaderThread0
25TargetDeviceShaderThread1
25T32TargetDevice_CORTEXA53
25T32TargetDevice_CORTEXA57
25T32TargetDevice_CORTEXA55
25T32TargetDevice_CORTEXA76
29T32TargetDevice_CORTEXASeries
24T32TargetDevice_CORTEXR7
25T32TargetDevice_CORTEXR52
22T32TargetDevice_Shader
15T32TargetDevice
18T32TargetDeviceCPU
33RCarPassthroughTargetDeviceHolder
23PassthroughTargetDevice
24IPassthroughTargetDevice
26ARMPassthroughTargetDevice
26SimPassthroughTargetDevice
29ShaderPassthroughTargetDevice
16EZRxTargetDevice
17RxDspTargetDevice
24RxDspTargetDeviceMTD_INP
25RxDspTargetDeviceMTD_OUTP
25RxDspTargetDeviceMTD_SENS
20SeggerRxTargetDevice
27TargetDeviceListManagerRL78
16RL78TargetDevice
18E1RL78TargetDevice
18E2RL78TargetDevice
24E1RL78TargetDeviceMC_CPU
26E1RL78TargetDeviceMC_SDMA1
26E2RL78TargetDeviceMC_SDMA1
19RL78DspTargetDevice
22RL78DspTargetDeviceFAA
28RL78DspTargetDeviceGREEN_DSP
20RL78TargetDeviceCore
22RL78TargetDeviceCoreS1
22RL78TargetDeviceCoreS2
22RL78TargetDeviceCoreS3
16ExecTargetDevice
N5boost13property_tree10xml_parser16xml_parser_errorE
17RH850TargetDevice
25TargetDeviceListEntryRL78
22RH850TargetDeviceMCF1H
21RH850TargetDeviceCore
23RH850TargetDeviceCoreG3
23RH850TargetDeviceCoreG4
23RH850TargetDeviceMC_CPU
18RCarE2TargetDevice
24RCarE2TargetDeviceMC_CPU
N5boost6detail11thread_dataINS_3_bi6bind_tIvNS_4_mfi2mfIM24RCarE2TargetDeviceMC_CPUFvNSt3__112basic_stringIcNS7_11char_t
N5boost6detail17sp_counted_impl_pINS0_11thread_dataINS_3_bi6bind_tIvNS_4_mfi2mfIM24RCarE2TargetDeviceMC_CPUFvNSt3__112ba
29TargetDeviceListManagerRCarE2
27TargetDeviceListEntryRCarE2
22RCarE2TargetDeviceCore
26TargetDeviceListEntryRISCV
28TargetDeviceListManagerRISCV
23RISCVTargetDeviceCommon
19E2RISCVTargetDevice
22JLinkRISCVTargetDevice
__ZGVZN5boost13property_tree10xml_parser10xmlcommentINSt3__112basic_stringIcNS3_11char_traitsIcEENS3_9allocatorIcEEEEEER
__ZGVZN5boost13property_tree10xml_parser10xmlcommentINSt3__112basic_stringIwNS3_11char_traitsIwEENS3_9allocatorIwEEEEEER
__ZGVZN5boost13property_tree10xml_parser7xmlattrINSt3__112basic_stringIcNS3_11char_traitsIcEENS3_9allocatorIcEEEEEERKT_v
__ZGVZN5boost13property_tree10xml_parser7xmlattrINSt3__112basic_stringIwNS3_11char_traitsIwEENS3_9allocatorIwEEEEEERKT_v
__ZGVZN5boost13property_tree10xml_parser7xmltextINSt3__112basic_stringIcNS3_11char_traitsIcEENS3_9allocatorIcEEEEEERKT_v
__ZGVZN5boost13property_tree10xml_parser7xmltextINSt3__112basic_stringIwNS3_11char_traitsIwEENS3_9allocatorIwEEEEEERKT_v
__ZN11DeviceEntry7OFSAreaaSERKS0_
__ZN12TargetDevice14getSupportTypeEv
__ZN12TargetDevice16setDiscardErrorsEb
__ZN12TargetDevice18isDownloadCompleteEv
__ZN12TargetDevice22getEnableThreadRefreshEv
__ZN12TargetDevice22setEnableThreadRefreshEb
__ZN12TargetDevice26getConfigurationParametersEv
__ZN15ARMTargetDevice16getARMMonitorCmdEv
__ZN15ARMTargetDevice7getTDLMEv
__ZN15ARMTargetDevice9getARMDLLEv
__ZN15T32TargetDevice10isH3DeviceEv
__ZN15T32TargetDevice11isV3MDeviceEv
__ZN16E2RxTargetDevice12IsE2EmulatorEv
__ZN16E2RxTargetDevice15GetRfwInterfaceEv
__ZN16ExecUserSettings18getMultiDeviceSyncEv
__ZN16MemoryMapManager9setTargetEP13ITargetDevice
__ZN17E2ARMTargetDevice15GetRfwInterfaceEv
__ZN17E2ARMTargetDevice26getTargetDeviceListManagerEv
__ZN17RH850TargetDevice15GetRfwInterfaceEv
__ZN18E2RL78TargetDevice12IsE2EmulatorEv
__ZN18E2RL78TargetDevice15GetRfwInterfaceEv
__ZN18RCarE2TargetDevice15GetRfwInterfaceEv
__ZN18RCarE2TargetDevice15getRFWInterfaceEv
__ZN18RCarE2TargetDevice16getARMMonitorCmdEv
__ZN18RCarE2TargetDevice25GetRfwAspRCarARMInterfaceEv
__ZN18RCarE2TargetDevice25getRfwAspRCarARMInterfaceEv
__ZN18RCarE2TargetDevice25isDataAccessSizeSupportedEv
__ZN18RCarE2TargetDevice26getTargetDeviceListManagerEv
__ZN18RCarE2TargetDevice9getARMDLLEv
__ZN18T32TargetDeviceCPU7GetTDLMEv
__ZN19T32TargetDeviceCore10isBootCoreEv
__ZN19T32TargetDeviceCore13setIsBootCoreEb
__ZN19T32TargetDeviceCore17getCoreParametersEv
__ZN19TargetDeviceNonExec15getSWBreakpointEv
__ZN19TargetDeviceNonExec18getRegistersObjectEv
__ZN22RCarE2TargetDeviceCore11getByEndianEv
__ZN22RCarE2TargetDeviceCore6getETMEv
__ZN22T32TargetDevice_Shader18getShaderRegistersEv
__ZN22T32TargetDevice_Shader23getAddressProgramModuleEv
__ZN23ConfigurationParameters13getDeviceNameEv
__ZN23TargetDeviceListMCEntry15getMCattribute1Ev
__ZN23TargetDeviceListMCEntry17setMCDetailsEntryERK30TargetDeviceListMCDetailsEntry
__ZN23TargetDeviceListMCEntry8getGroupEv
__ZN23TargetDeviceListManager22getEmulatorSectionNameEv
__ZN24ARMTargetDeviceCoreSight14isSWVsupportedEv
__ZN24ARMTargetDeviceCoreSight15setSWVsupportedEb
__ZN24ARMTargetDeviceCoreSight6getSWVEv
__ZN24ARMTargetDeviceCoreSight6setSWVEP4ISWV
__ZN24RCarE2TargetDeviceMC_CPU21isMultideviceInitDoneEv
__ZN24RCarE2TargetDeviceMC_CPU9getRfwAspEv
__ZN24TargetDeviceListEntryARM11getOFSAreasEv
__ZN24TargetDeviceListEntryARM17getPartNumberAddrEv
__ZN24TargetDeviceListEntryARM17setPartNumberAddrEm
__ZN24TargetDeviceListEntryARM18getPartNumberDerefEv
__ZN24TargetDeviceListEntryARM18setPartNumberDerefEb
__ZN24TargetDeviceListEntryARM19getPartNumberOffsetEv
__ZN24TargetDeviceListEntryARM19setPartNumberOffsetEm
__ZN24TargetDeviceListEntryARM20getResumeBeforeResetEv
__ZN24TargetDeviceListEntryARM20setResumeBeforeResetEv
__ZN24TargetDeviceListEntryARM27getPartNumberFormatReversedEv
__ZN24TargetDeviceListEntryARM27setPartNumberFormatReversedEb
__ZN24TargetDeviceListEntryT327OFSAreaaSERKS0_
__ZN25TargetDeviceListEntryRL7835getIsRHG4ResponseDataVariableLengthEv
__ZN25TargetDeviceListEntryRL7835setIsRHG4ResponseDataVariableLengthENSt3__112basic_stringIcNS0_11char_traitsIcEENS0_9al
__ZN27TargetDeviceListEntryRCarE214addWarningAreaE10MemoryArea
__ZN27TargetDeviceListEntryRCarE215addProhibitAreaE10MemoryArea
__ZN27TargetDeviceListEntryRCarE2aSERKS_
__ZN30TargetDeviceListMCDetailsEntry13getattribute1Ev
__ZN30TargetDeviceListMCDetailsEntry8getGroupEv
__ZN30TargetDeviceListMCDetailsEntryaSERKS_
__ZN32TargetDeviceListCoreDetailsEntry10getMcuFileEv
__ZN32TargetDeviceListCoreDetailsEntry13getAttribute1Ev
__ZN32TargetDeviceListCoreDetailsEntry7getNameEv
__ZN32TargetDeviceListCoreDetailsEntry7getTypeEv
__ZN32TargetDeviceListCoreDetailsEntry9getExecIdEv
__ZN32TargetDeviceListCoreDetailsEntry9getRegsetEv
__ZN3SWV10isRADeviceEv
__ZN5boost10wrapexceptINS_13property_tree10xml_parser16xml_parser_errorEE9copy_fromEPKv
__ZN5boost11get_pointerI24RCarE2TargetDeviceMC_CPUEEPT_S3_
__ZN5boost13property_tree10xml_parser10xmlcommentINSt3__112basic_stringIcNS3_11char_traitsIcEENS3_9allocatorIcEEEEEERKT_
__ZN5boost13property_tree10xml_parser10xmlcommentINSt3__112basic_stringIwNS3_11char_traitsIwEENS3_9allocatorIwEEEEEERKT_
__ZN5boost13property_tree10xml_parser13read_xml_nodeINS0_11basic_ptreeINSt3__112basic_stringIcNS4_11char_traitsIcEENS4_9
allocatorIcEEEESA_NS4_4lessISA_EEEEcEEvPNS0_6detail8rapidxml8xml_nodeIT0_EERT_i
__ZN5boost13property_tree10xml_parser13read_xml_nodeINS0_11basic_ptreeINSt3__112basic_stringIwNS4_11char_traitsIwEENS4_9
allocatorIwEEEESA_NS4_4lessISA_EEEEwEEvPNS0_6detail8rapidxml8xml_nodeIT0_EERT_i
__ZN5boost13property_tree10xml_parser17read_xml_internalINS0_11basic_ptreeINSt3__112basic_stringIcNS4_11char_traitsIcEEN
__ZN5boost13property_tree10xml_parser17read_xml_internalINS0_11basic_ptreeINSt3__112basic_stringIwNS4_11char_traitsIwEEN
__ZN5boost13property_tree10xml_parser7xmlattrINSt3__112basic_stringIcNS3_11char_traitsIcEENS3_9allocatorIcEEEEEERKT_v
__ZN5boost13property_tree10xml_parser7xmlattrINSt3__112basic_stringIwNS3_11char_traitsIwEENS3_9allocatorIwEEEEEERKT_v
__ZN5boost13property_tree10xml_parser7xmltextINSt3__112basic_stringIcNS3_11char_traitsIcEENS3_9allocatorIcEEEEEERKT_v
__ZN5boost13property_tree10xml_parser7xmltextINSt3__112basic_stringIwNS3_11char_traitsIwEENS3_9allocatorIwEEEEEERKT_v
__ZN5boost13property_tree10xml_parser8read_xmlINS0_11basic_ptreeINSt3__112basic_stringIcNS4_11char_traitsIcEENS4_9alloca
__ZN5boost13property_tree10xml_parser8read_xmlINS0_11basic_ptreeINSt3__112basic_stringIwNS4_11char_traitsIwEENS4_9alloca
__ZN5boost13property_tree6detail8rapidxml11memory_poolIcE12allocate_rawEm
__ZN5boost13property_tree6detail8rapidxml11memory_poolIcE13allocate_nodeENS2_9node_typeEPKcS7_mm
__ZN5boost13property_tree6detail8rapidxml11memory_poolIcE16allocate_alignedEm
__ZN5boost13property_tree6detail8rapidxml11memory_poolIcE18allocate_attributeEPKcS6_mm
__ZN5boost13property_tree6detail8rapidxml11memory_poolIcE4initEv
__ZN5boost13property_tree6detail8rapidxml11memory_poolIcE5alignEPc
__ZN5boost13property_tree6detail8rapidxml11memory_poolIcE5clearEv
__ZN5boost13property_tree6detail8rapidxml11memory_poolIwE12allocate_rawEm
__ZN5boost13property_tree6detail8rapidxml11memory_poolIwE13allocate_nodeENS2_9node_typeEPKwS7_mm
__ZN5boost13property_tree6detail8rapidxml11memory_poolIwE16allocate_alignedEm
__ZN5boost13property_tree6detail8rapidxml11memory_poolIwE18allocate_attributeEPKwS6_mm
__ZN5boost13property_tree6detail8rapidxml11memory_poolIwE4initEv
__ZN5boost13property_tree6detail8rapidxml11memory_poolIwE5alignEPc
__ZN5boost13property_tree6detail8rapidxml11memory_poolIwE5clearEv
__ZN5boost13property_tree6detail8rapidxml12xml_documentIcE10parse_nodeILi0EEEPNS2_8xml_nodeIcEERPc
__ZN5boost13property_tree6detail8rapidxml12xml_documentIcE10parse_nodeILi3072EEEPNS2_8xml_nodeIcEERPc
__ZN5boost13property_tree6detail8rapidxml12xml_documentIcE10parse_nodeILi3136EEEPNS2_8xml_nodeIcEERPc
__ZN5boost13property_tree6detail8rapidxml12xml_documentIcE10parse_nodeILi64EEEPNS2_8xml_nodeIcEERPc
__ZN5boost13property_tree6detail8rapidxml12xml_documentIcE11parse_cdataILi0EEEPNS2_8xml_nodeIcEERPc
__ZN5boost13property_tree6detail8rapidxml12xml_documentIcE11parse_cdataILi3072EEEPNS2_8xml_nodeIcEERPc
__ZN5boost13property_tree6detail8rapidxml12xml_documentIcE11parse_cdataILi3136EEEPNS2_8xml_nodeIcEERPc
__ZN5boost13property_tree6detail8rapidxml12xml_documentIcE11parse_cdataILi64EEEPNS2_8xml_nodeIcEERPc
__ZN5boost13property_tree6detail8rapidxml12xml_documentIcE13parse_commentILi0EEEPNS2_8xml_nodeIcEERPc
__ZN5boost13property_tree6detail8rapidxml12xml_documentIcE13parse_commentILi3072EEEPNS2_8xml_nodeIcEERPc
__ZN5boost13property_tree6detail8rapidxml12xml_documentIcE13parse_commentILi3136EEEPNS2_8xml_nodeIcEERPc
__ZN5boost13property_tree6detail8rapidxml12xml_documentIcE13parse_commentILi64EEEPNS2_8xml_nodeIcEERPc
__ZN5boost13property_tree6detail8rapidxml12xml_documentIcE13parse_doctypeILi0EEEPNS2_8xml_nodeIcEERPc
__ZN5boost13property_tree6detail8rapidxml12xml_documentIcE13parse_doctypeILi3072EEEPNS2_8xml_nodeIcEERPc
__ZN5boost13property_tree6detail8rapidxml12xml_documentIcE13parse_doctypeILi3136EEEPNS2_8xml_nodeIcEERPc
__ZN5boost13property_tree6detail8rapidxml12xml_documentIcE13parse_doctypeILi64EEEPNS2_8xml_nodeIcEERPc
__ZN5boost13property_tree6detail8rapidxml12xml_documentIcE13parse_elementILi0EEEPNS2_8xml_nodeIcEERPc
__ZN5boost13property_tree6detail8rapidxml12xml_documentIcE13parse_elementILi3072EEEPNS2_8xml_nodeIcEERPc
__ZN5boost13property_tree6detail8rapidxml12xml_documentIcE13parse_elementILi3136EEEPNS2_8xml_nodeIcEERPc
__ZN5boost13property_tree6detail8rapidxml12xml_documentIcE13parse_elementILi64EEEPNS2_8xml_nodeIcEERPc
__ZN5boost13property_tree6detail8rapidxml12xml_documentIcE14node_name_pred4testEc
__ZN5boost13property_tree6detail8rapidxml12xml_documentIcE15whitespace_pred4testEc
__ZN5boost13property_tree6detail8rapidxml12xml_documentIcE19attribute_name_pred4testEc
__ZN5boost13property_tree6detail8rapidxml12xml_documentIcE19parse_node_contentsILi0EEEvRPcPNS2_8xml_nodeIcEE
__ZN5boost13property_tree6detail8rapidxml12xml_documentIcE19parse_node_contentsILi3072EEEvRPcPNS2_8xml_nodeIcEE
__ZN5boost13property_tree6detail8rapidxml12xml_documentIcE19parse_node_contentsILi3136EEEvRPcPNS2_8xml_nodeIcEE
__ZN5boost13property_tree6detail8rapidxml12xml_documentIcE19parse_node_contentsILi64EEEvRPcPNS2_8xml_nodeIcEE
__ZN5boost13property_tree6detail8rapidxml12xml_documentIcE20attribute_value_predILc34EE4testEc
__ZN5boost13property_tree6detail8rapidxml12xml_documentIcE20attribute_value_predILc39EE4testEc
__ZN5boost13property_tree6detail8rapidxml12xml_documentIcE20text_pure_no_ws_pred4testEc
__ZN5boost13property_tree6detail8rapidxml12xml_documentIcE21parse_and_append_dataILi0EEEcPNS2_8xml_nodeIcEERPcS9_
__ZN5boost13property_tree6detail8rapidxml12xml_documentIcE21parse_and_append_dataILi3072EEEcPNS2_8xml_nodeIcEERPcS9_
__ZN5boost13property_tree6detail8rapidxml12xml_documentIcE21parse_and_append_dataILi3136EEEcPNS2_8xml_nodeIcEERPcS9_
__ZN5boost13property_tree6detail8rapidxml12xml_documentIcE21parse_and_append_dataILi64EEEcPNS2_8xml_nodeIcEERPcS9_
__ZN5boost13property_tree6detail8rapidxml12xml_documentIcE21parse_node_attributesILi0EEEvRPcPNS2_8xml_nodeIcEE
__ZN5boost13property_tree6detail8rapidxml12xml_documentIcE21parse_node_attributesILi3072EEEvRPcPNS2_8xml_nodeIcEE
__ZN5boost13property_tree6detail8rapidxml12xml_documentIcE21parse_node_attributesILi3136EEEvRPcPNS2_8xml_nodeIcEE
__ZN5boost13property_tree6detail8rapidxml12xml_documentIcE21parse_node_attributesILi64EEEvRPcPNS2_8xml_nodeIcEE
__ZN5boost13property_tree6detail8rapidxml12xml_documentIcE21parse_xml_declarationILi0EEEPNS2_8xml_nodeIcEERPc
__ZN5boost13property_tree6detail8rapidxml12xml_documentIcE21parse_xml_declarationILi3072EEEPNS2_8xml_nodeIcEERPc
__ZN5boost13property_tree6detail8rapidxml12xml_documentIcE21parse_xml_declarationILi3136EEEPNS2_8xml_nodeIcEERPc
__ZN5boost13property_tree6detail8rapidxml12xml_documentIcE21parse_xml_declarationILi64EEEPNS2_8xml_nodeIcEERPc
__ZN5boost13property_tree6detail8rapidxml12xml_documentIcE22insert_coded_characterILi0EEEvRPcm
__ZN5boost13property_tree6detail8rapidxml12xml_documentIcE22insert_coded_characterILi1024EEEvRPcm
__ZN5boost13property_tree6detail8rapidxml12xml_documentIcE22insert_coded_characterILi1088EEEvRPcm
__ZN5boost13property_tree6detail8rapidxml12xml_documentIcE22insert_coded_characterILi3072EEEvRPcm
__ZN5boost13property_tree6detail8rapidxml12xml_documentIcE22insert_coded_characterILi3136EEEvRPcm
__ZN5boost13property_tree6detail8rapidxml12xml_documentIcE22insert_coded_characterILi64EEEvRPcm
__ZN5boost13property_tree6detail8rapidxml12xml_documentIcE22text_pure_with_ws_pred4testEc
__ZN5boost13property_tree6detail8rapidxml12xml_documentIcE25attribute_value_pure_predILc34EE4testEc
__ZN5boost13property_tree6detail8rapidxml12xml_documentIcE25attribute_value_pure_predILc39EE4testEc
__ZN5boost13property_tree6detail8rapidxml12xml_documentIcE30skip_and_expand_character_refsINS4_20attribute_value_predILc
__ZN5boost13property_tree6detail8rapidxml12xml_documentIcE30skip_and_expand_character_refsINS4_20attribute_value_predILc
__ZN5boost13property_tree6detail8rapidxml12xml_documentIcE30skip_and_expand_character_refsINS4_20attribute_value_predILc
__ZN5boost13property_tree6detail8rapidxml12xml_documentIcE30skip_and_expand_character_refsINS4_20attribute_value_predILc
__ZN5boost13property_tree6detail8rapidxml12xml_documentIcE30skip_and_expand_character_refsINS4_20attribute_value_predILc
__ZN5boost13property_tree6detail8rapidxml12xml_documentIcE30skip_and_expand_character_refsINS4_20attribute_value_predILc
__ZN5boost13property_tree6detail8rapidxml12xml_documentIcE30skip_and_expand_character_refsINS4_20attribute_value_predILc
__ZN5boost13property_tree6detail8rapidxml12xml_documentIcE30skip_and_expand_character_refsINS4_20attribute_value_predILc
__ZN5boost13property_tree6detail8rapidxml12xml_documentIcE30skip_and_expand_character_refsINS4_9text_predENS4_20text_pur
__ZN5boost13property_tree6detail8rapidxml12xml_documentIcE30skip_and_expand_character_refsINS4_9text_predENS4_20text_pur
__ZN5boost13property_tree6detail8rapidxml12xml_documentIcE30skip_and_expand_character_refsINS4_9text_predENS4_22text_pur
__ZN5boost13property_tree6detail8rapidxml12xml_documentIcE30skip_and_expand_character_refsINS4_9text_predENS4_22text_pur
__ZN5boost13property_tree6detail8rapidxml12xml_documentIcE4skipINS4_14node_name_predELi0EEEvRPc
__ZN5boost13property_tree6detail8rapidxml12xml_documentIcE4skipINS4_14node_name_predELi3072EEEvRPc
__ZN5boost13property_tree6detail8rapidxml12xml_documentIcE4skipINS4_14node_name_predELi3136EEEvRPc
__ZN5boost13property_tree6detail8rapidxml12xml_documentIcE4skipINS4_14node_name_predELi64EEEvRPc
__ZN5boost13property_tree6detail8rapidxml12xml_documentIcE4skipINS4_15whitespace_predELi0EEEvRPc
__ZN5boost13property_tree6detail8rapidxml12xml_documentIcE4skipINS4_15whitespace_predELi3072EEEvRPc
__ZN5boost13property_tree6detail8rapidxml12xml_documentIcE4skipINS4_15whitespace_predELi3136EEEvRPc
__ZN5boost13property_tree6detail8rapidxml12xml_documentIcE4skipINS4_15whitespace_predELi64EEEvRPc
__ZN5boost13property_tree6detail8rapidxml12xml_documentIcE4skipINS4_19attribute_name_predELi0EEEvRPc
__ZN5boost13property_tree6detail8rapidxml12xml_documentIcE4skipINS4_19attribute_name_predELi3072EEEvRPc
__ZN5boost13property_tree6detail8rapidxml12xml_documentIcE4skipINS4_19attribute_name_predELi3136EEEvRPc
__ZN5boost13property_tree6detail8rapidxml12xml_documentIcE4skipINS4_19attribute_name_predELi64EEEvRPc
__ZN5boost13property_tree6detail8rapidxml12xml_documentIcE4skipINS4_20text_pure_no_ws_predELi0EEEvRPc
__ZN5boost13property_tree6detail8rapidxml12xml_documentIcE4skipINS4_20text_pure_no_ws_predELi64EEEvRPc
__ZN5boost13property_tree6detail8rapidxml12xml_documentIcE4skipINS4_22text_pure_with_ws_predELi3072EEEvRPc
__ZN5boost13property_tree6detail8rapidxml12xml_documentIcE4skipINS4_22text_pure_with_ws_predELi3136EEEvRPc
__ZN5boost13property_tree6detail8rapidxml12xml_documentIcE4skipINS4_25attribute_value_pure_predILc34EEELi0EEEvRPc
__ZN5boost13property_tree6detail8rapidxml12xml_documentIcE4skipINS4_25attribute_value_pure_predILc34EEELi1024EEEvRPc
__ZN5boost13property_tree6detail8rapidxml12xml_documentIcE4skipINS4_25attribute_value_pure_predILc34EEELi1088EEEvRPc
__ZN5boost13property_tree6detail8rapidxml12xml_documentIcE4skipINS4_25attribute_value_pure_predILc34EEELi64EEEvRPc
__ZN5boost13property_tree6detail8rapidxml12xml_documentIcE4skipINS4_25attribute_value_pure_predILc39EEELi0EEEvRPc
__ZN5boost13property_tree6detail8rapidxml12xml_documentIcE4skipINS4_25attribute_value_pure_predILc39EEELi1024EEEvRPc
__ZN5boost13property_tree6detail8rapidxml12xml_documentIcE4skipINS4_25attribute_value_pure_predILc39EEELi1088EEEvRPc
__ZN5boost13property_tree6detail8rapidxml12xml_documentIcE4skipINS4_25attribute_value_pure_predILc39EEELi64EEEvRPc
__ZN5boost13property_tree6detail8rapidxml12xml_documentIcE5parseILi0EEEvPc
__ZN5boost13property_tree6detail8rapidxml12xml_documentIcE5parseILi3072EEEvPc
__ZN5boost13property_tree6detail8rapidxml12xml_documentIcE5parseILi3136EEEvPc
__ZN5boost13property_tree6detail8rapidxml12xml_documentIcE5parseILi64EEEvPc
__ZN5boost13property_tree6detail8rapidxml12xml_documentIcE8parse_piILi0EEEPNS2_8xml_nodeIcEERPc
__ZN5boost13property_tree6detail8rapidxml12xml_documentIcE8parse_piILi3072EEEPNS2_8xml_nodeIcEERPc
__ZN5boost13property_tree6detail8rapidxml12xml_documentIcE8parse_piILi3136EEEPNS2_8xml_nodeIcEERPc
__ZN5boost13property_tree6detail8rapidxml12xml_documentIcE8parse_piILi64EEEPNS2_8xml_nodeIcEERPc
__ZN5boost13property_tree6detail8rapidxml12xml_documentIcE9parse_bomILi0EEEvRPc
__ZN5boost13property_tree6detail8rapidxml12xml_documentIcE9parse_bomILi3072EEEvRPc
__ZN5boost13property_tree6detail8rapidxml12xml_documentIcE9parse_bomILi3136EEEvRPc
__ZN5boost13property_tree6detail8rapidxml12xml_documentIcE9parse_bomILi64EEEvRPc
__ZN5boost13property_tree6detail8rapidxml12xml_documentIcE9text_pred4testEc
__ZN5boost13property_tree6detail8rapidxml12xml_documentIwE10parse_nodeILi0EEEPNS2_8xml_nodeIwEERPw
__ZN5boost13property_tree6detail8rapidxml12xml_documentIwE10parse_nodeILi3072EEEPNS2_8xml_nodeIwEERPw
__ZN5boost13property_tree6detail8rapidxml12xml_documentIwE10parse_nodeILi3136EEEPNS2_8xml_nodeIwEERPw
__ZN5boost13property_tree6detail8rapidxml12xml_documentIwE10parse_nodeILi64EEEPNS2_8xml_nodeIwEERPw
__ZN5boost13property_tree6detail8rapidxml12xml_documentIwE11parse_cdataILi0EEEPNS2_8xml_nodeIwEERPw
__ZN5boost13property_tree6detail8rapidxml12xml_documentIwE11parse_cdataILi3072EEEPNS2_8xml_nodeIwEERPw
__ZN5boost13property_tree6detail8rapidxml12xml_documentIwE11parse_cdataILi3136EEEPNS2_8xml_nodeIwEERPw
__ZN5boost13property_tree6detail8rapidxml12xml_documentIwE11parse_cdataILi64EEEPNS2_8xml_nodeIwEERPw
__ZN5boost13property_tree6detail8rapidxml12xml_documentIwE13parse_commentILi0EEEPNS2_8xml_nodeIwEERPw
__ZN5boost13property_tree6detail8rapidxml12xml_documentIwE13parse_commentILi3072EEEPNS2_8xml_nodeIwEERPw
__ZN5boost13property_tree6detail8rapidxml12xml_documentIwE13parse_commentILi3136EEEPNS2_8xml_nodeIwEERPw
__ZN5boost13property_tree6detail8rapidxml12xml_documentIwE13parse_commentILi64EEEPNS2_8xml_nodeIwEERPw
__ZN5boost13property_tree6detail8rapidxml12xml_documentIwE13parse_doctypeILi0EEEPNS2_8xml_nodeIwEERPw
__ZN5boost13property_tree6detail8rapidxml12xml_documentIwE13parse_doctypeILi3072EEEPNS2_8xml_nodeIwEERPw
__ZN5boost13property_tree6detail8rapidxml12xml_documentIwE13parse_doctypeILi3136EEEPNS2_8xml_nodeIwEERPw
__ZN5boost13property_tree6detail8rapidxml12xml_documentIwE13parse_doctypeILi64EEEPNS2_8xml_nodeIwEERPw
__ZN5boost13property_tree6detail8rapidxml12xml_documentIwE13parse_elementILi0EEEPNS2_8xml_nodeIwEERPw
__ZN5boost13property_tree6detail8rapidxml12xml_documentIwE13parse_elementILi3072EEEPNS2_8xml_nodeIwEERPw
__ZN5boost13property_tree6detail8rapidxml12xml_documentIwE13parse_elementILi3136EEEPNS2_8xml_nodeIwEERPw
__ZN5boost13property_tree6detail8rapidxml12xml_documentIwE13parse_elementILi64EEEPNS2_8xml_nodeIwEERPw
__ZN5boost13property_tree6detail8rapidxml12xml_documentIwE14node_name_pred4testEw
__ZN5boost13property_tree6detail8rapidxml12xml_documentIwE15whitespace_pred4testEw
__ZN5boost13property_tree6detail8rapidxml12xml_documentIwE19attribute_name_pred4testEw
__ZN5boost13property_tree6detail8rapidxml12xml_documentIwE19parse_node_contentsILi0EEEvRPwPNS2_8xml_nodeIwEE
__ZN5boost13property_tree6detail8rapidxml12xml_documentIwE19parse_node_contentsILi3072EEEvRPwPNS2_8xml_nodeIwEE
__ZN5boost13property_tree6detail8rapidxml12xml_documentIwE19parse_node_contentsILi3136EEEvRPwPNS2_8xml_nodeIwEE
__ZN5boost13property_tree6detail8rapidxml12xml_documentIwE19parse_node_contentsILi64EEEvRPwPNS2_8xml_nodeIwEE
__ZN5boost13property_tree6detail8rapidxml12xml_documentIwE20attribute_value_predILw34EE4testEw
__ZN5boost13property_tree6detail8rapidxml12xml_documentIwE20attribute_value_predILw39EE4testEw
__ZN5boost13property_tree6detail8rapidxml12xml_documentIwE20text_pure_no_ws_pred4testEw
__ZN5boost13property_tree6detail8rapidxml12xml_documentIwE21parse_and_append_dataILi0EEEwPNS2_8xml_nodeIwEERPwS9_
__ZN5boost13property_tree6detail8rapidxml12xml_documentIwE21parse_and_append_dataILi3072EEEwPNS2_8xml_nodeIwEERPwS9_
__ZN5boost13property_tree6detail8rapidxml12xml_documentIwE21parse_and_append_dataILi3136EEEwPNS2_8xml_nodeIwEERPwS9_
__ZN5boost13property_tree6detail8rapidxml12xml_documentIwE21parse_and_append_dataILi64EEEwPNS2_8xml_nodeIwEERPwS9_
__ZN5boost13property_tree6detail8rapidxml12xml_documentIwE21parse_node_attributesILi0EEEvRPwPNS2_8xml_nodeIwEE
__ZN5boost13property_tree6detail8rapidxml12xml_documentIwE21parse_node_attributesILi3072EEEvRPwPNS2_8xml_nodeIwEE
__ZN5boost13property_tree6detail8rapidxml12xml_documentIwE21parse_node_attributesILi3136EEEvRPwPNS2_8xml_nodeIwEE
__ZN5boost13property_tree6detail8rapidxml12xml_documentIwE21parse_node_attributesILi64EEEvRPwPNS2_8xml_nodeIwEE
__ZN5boost13property_tree6detail8rapidxml12xml_documentIwE21parse_xml_declarationILi0EEEPNS2_8xml_nodeIwEERPw
__ZN5boost13property_tree6detail8rapidxml12xml_documentIwE21parse_xml_declarationILi3072EEEPNS2_8xml_nodeIwEERPw
__ZN5boost13property_tree6detail8rapidxml12xml_documentIwE21parse_xml_declarationILi3136EEEPNS2_8xml_nodeIwEERPw
__ZN5boost13property_tree6detail8rapidxml12xml_documentIwE21parse_xml_declarationILi64EEEPNS2_8xml_nodeIwEERPw
__ZN5boost13property_tree6detail8rapidxml12xml_documentIwE22insert_coded_characterILi0EEEvRPwm
__ZN5boost13property_tree6detail8rapidxml12xml_documentIwE22insert_coded_characterILi1024EEEvRPwm
__ZN5boost13property_tree6detail8rapidxml12xml_documentIwE22insert_coded_characterILi1088EEEvRPwm
__ZN5boost13property_tree6detail8rapidxml12xml_documentIwE22insert_coded_characterILi3072EEEvRPwm
__ZN5boost13property_tree6detail8rapidxml12xml_documentIwE22insert_coded_characterILi3136EEEvRPwm
__ZN5boost13property_tree6detail8rapidxml12xml_documentIwE22insert_coded_characterILi64EEEvRPwm
__ZN5boost13property_tree6detail8rapidxml12xml_documentIwE22text_pure_with_ws_pred4testEw
__ZN5boost13property_tree6detail8rapidxml12xml_documentIwE25attribute_value_pure_predILw34EE4testEw
__ZN5boost13property_tree6detail8rapidxml12xml_documentIwE25attribute_value_pure_predILw39EE4testEw
__ZN5boost13property_tree6detail8rapidxml12xml_documentIwE30skip_and_expand_character_refsINS4_20attribute_value_predILw
__ZN5boost13property_tree6detail8rapidxml12xml_documentIwE30skip_and_expand_character_refsINS4_20attribute_value_predILw
__ZN5boost13property_tree6detail8rapidxml12xml_documentIwE30skip_and_expand_character_refsINS4_20attribute_value_predILw
__ZN5boost13property_tree6detail8rapidxml12xml_documentIwE30skip_and_expand_character_refsINS4_20attribute_value_predILw
__ZN5boost13property_tree6detail8rapidxml12xml_documentIwE30skip_and_expand_character_refsINS4_20attribute_value_predILw
__ZN5boost13property_tree6detail8rapidxml12xml_documentIwE30skip_and_expand_character_refsINS4_20attribute_value_predILw
__ZN5boost13property_tree6detail8rapidxml12xml_documentIwE30skip_and_expand_character_refsINS4_20attribute_value_predILw
__ZN5boost13property_tree6detail8rapidxml12xml_documentIwE30skip_and_expand_character_refsINS4_20attribute_value_predILw
__ZN5boost13property_tree6detail8rapidxml12xml_documentIwE30skip_and_expand_character_refsINS4_9text_predENS4_20text_pur
__ZN5boost13property_tree6detail8rapidxml12xml_documentIwE30skip_and_expand_character_refsINS4_9text_predENS4_20text_pur
__ZN5boost13property_tree6detail8rapidxml12xml_documentIwE30skip_and_expand_character_refsINS4_9text_predENS4_22text_pur
__ZN5boost13property_tree6detail8rapidxml12xml_documentIwE30skip_and_expand_character_refsINS4_9text_predENS4_22text_pur
__ZN5boost13property_tree6detail8rapidxml12xml_documentIwE4skipINS4_14node_name_predELi0EEEvRPw
__ZN5boost13property_tree6detail8rapidxml12xml_documentIwE4skipINS4_14node_name_predELi3072EEEvRPw
__ZN5boost13property_tree6detail8rapidxml12xml_documentIwE4skipINS4_14node_name_predELi3136EEEvRPw
__ZN5boost13property_tree6detail8rapidxml12xml_documentIwE4skipINS4_14node_name_predELi64EEEvRPw
__ZN5boost13property_tree6detail8rapidxml12xml_documentIwE4skipINS4_15whitespace_predELi0EEEvRPw
__ZN5boost13property_tree6detail8rapidxml12xml_documentIwE4skipINS4_15whitespace_predELi3072EEEvRPw
__ZN5boost13property_tree6detail8rapidxml12xml_documentIwE4skipINS4_15whitespace_predELi3136EEEvRPw
__ZN5boost13property_tree6detail8rapidxml12xml_documentIwE4skipINS4_15whitespace_predELi64EEEvRPw
__ZN5boost13property_tree6detail8rapidxml12xml_documentIwE4skipINS4_19attribute_name_predELi0EEEvRPw
__ZN5boost13property_tree6detail8rapidxml12xml_documentIwE4skipINS4_19attribute_name_predELi3072EEEvRPw
__ZN5boost13property_tree6detail8rapidxml12xml_documentIwE4skipINS4_19attribute_name_predELi3136EEEvRPw
__ZN5boost13property_tree6detail8rapidxml12xml_documentIwE4skipINS4_19attribute_name_predELi64EEEvRPw
__ZN5boost13property_tree6detail8rapidxml12xml_documentIwE4skipINS4_20text_pure_no_ws_predELi0EEEvRPw
__ZN5boost13property_tree6detail8rapidxml12xml_documentIwE4skipINS4_20text_pure_no_ws_predELi64EEEvRPw
__ZN5boost13property_tree6detail8rapidxml12xml_documentIwE4skipINS4_22text_pure_with_ws_predELi3072EEEvRPw
__ZN5boost13property_tree6detail8rapidxml12xml_documentIwE4skipINS4_22text_pure_with_ws_predELi3136EEEvRPw
__ZN5boost13property_tree6detail8rapidxml12xml_documentIwE4skipINS4_25attribute_value_pure_predILw34EEELi0EEEvRPw
__ZN5boost13property_tree6detail8rapidxml12xml_documentIwE4skipINS4_25attribute_value_pure_predILw34EEELi1024EEEvRPw
__ZN5boost13property_tree6detail8rapidxml12xml_documentIwE4skipINS4_25attribute_value_pure_predILw34EEELi1088EEEvRPw
__ZN5boost13property_tree6detail8rapidxml12xml_documentIwE4skipINS4_25attribute_value_pure_predILw34EEELi64EEEvRPw
__ZN5boost13property_tree6detail8rapidxml12xml_documentIwE4skipINS4_25attribute_value_pure_predILw39EEELi0EEEvRPw
__ZN5boost13property_tree6detail8rapidxml12xml_documentIwE4skipINS4_25attribute_value_pure_predILw39EEELi1024EEEvRPw
__ZN5boost13property_tree6detail8rapidxml12xml_documentIwE4skipINS4_25attribute_value_pure_predILw39EEELi1088EEEvRPw
__ZN5boost13property_tree6detail8rapidxml12xml_documentIwE4skipINS4_25attribute_value_pure_predILw39EEELi64EEEvRPw
__ZN5boost13property_tree6detail8rapidxml12xml_documentIwE5parseILi0EEEvPw
__ZN5boost13property_tree6detail8rapidxml12xml_documentIwE5parseILi3072EEEvPw
__ZN5boost13property_tree6detail8rapidxml12xml_documentIwE5parseILi3136EEEvPw
__ZN5boost13property_tree6detail8rapidxml12xml_documentIwE5parseILi64EEEvPw
__ZN5boost13property_tree6detail8rapidxml12xml_documentIwE8parse_piILi0EEEPNS2_8xml_nodeIwEERPw
__ZN5boost13property_tree6detail8rapidxml12xml_documentIwE8parse_piILi3072EEEPNS2_8xml_nodeIwEERPw
__ZN5boost13property_tree6detail8rapidxml12xml_documentIwE8parse_piILi3136EEEPNS2_8xml_nodeIwEERPw
__ZN5boost13property_tree6detail8rapidxml12xml_documentIwE8parse_piILi64EEEPNS2_8xml_nodeIwEERPw
__ZN5boost13property_tree6detail8rapidxml12xml_documentIwE9parse_bomILi0EEEvRPw
__ZN5boost13property_tree6detail8rapidxml12xml_documentIwE9parse_bomILi3072EEEvRPw
__ZN5boost13property_tree6detail8rapidxml12xml_documentIwE9parse_bomILi3136EEEvRPw
__ZN5boost13property_tree6detail8rapidxml12xml_documentIwE9parse_bomILi64EEEvRPw
__ZN5boost13property_tree6detail8rapidxml12xml_documentIwE9text_pred4testEw
__ZN5boost13property_tree6detail8rapidxml8internal13lookup_tablesILi0EE11lookup_textE
__ZN5boost13property_tree6detail8rapidxml8internal13lookup_tablesILi0EE13lookup_digitsE
__ZN5boost13property_tree6detail8rapidxml8internal13lookup_tablesILi0EE13lookup_upcaseE
__ZN5boost13property_tree6detail8rapidxml8internal13lookup_tablesILi0EE16lookup_node_nameE
__ZN5boost13property_tree6detail8rapidxml8internal13lookup_tablesILi0EE17lookup_whitespaceE
__ZN5boost13property_tree6detail8rapidxml8internal13lookup_tablesILi0EE21lookup_attribute_nameE
__ZN5boost13property_tree6detail8rapidxml8internal13lookup_tablesILi0EE22lookup_text_pure_no_wsE
__ZN5boost13property_tree6detail8rapidxml8internal13lookup_tablesILi0EE23lookup_attribute_data_1E
__ZN5boost13property_tree6detail8rapidxml8internal13lookup_tablesILi0EE23lookup_attribute_data_2E
__ZN5boost13property_tree6detail8rapidxml8internal13lookup_tablesILi0EE24lookup_text_pure_with_wsE
__ZN5boost13property_tree6detail8rapidxml8internal13lookup_tablesILi0EE28lookup_attribute_data_1_pureE
__ZN5boost13property_tree6detail8rapidxml8internal13lookup_tablesILi0EE28lookup_attribute_data_2_pureE
__ZN5boost13property_tree6detail8rapidxml8internal7compareIcEEbPKT_mS7_mb
__ZN5boost13property_tree6detail8rapidxml8internal7compareIwEEbPKT_mS7_mb
__ZN5boost13property_tree6detail8rapidxml8internal7measureIcEEmPKT_
__ZN5boost13property_tree6detail8rapidxml8internal7measureIwEEmPKT_
__ZN5boost13property_tree6detail8rapidxml8internal9get_indexIcEEmT_
__ZN5boost13property_tree6detail8rapidxml8internal9get_indexIwEEmT_
__ZN5boost13property_tree6detail8rapidxml8xml_baseIcE4nameEPKc
__ZN5boost13property_tree6detail8rapidxml8xml_baseIcE4nameEPKcm
__ZN5boost13property_tree6detail8rapidxml8xml_baseIcE5valueEPKc
__ZN5boost13property_tree6detail8rapidxml8xml_baseIcE5valueEPKcm
__ZN5boost13property_tree6detail8rapidxml8xml_baseIcE7nullstrEv
__ZN5boost13property_tree6detail8rapidxml8xml_baseIwE4nameEPKw
__ZN5boost13property_tree6detail8rapidxml8xml_baseIwE4nameEPKwm
__ZN5boost13property_tree6detail8rapidxml8xml_baseIwE5valueEPKw
__ZN5boost13property_tree6detail8rapidxml8xml_baseIwE5valueEPKwm
__ZN5boost13property_tree6detail8rapidxml8xml_baseIwE7nullstrEv
__ZN5boost13property_tree6detail8rapidxml8xml_nodeIcE11append_nodeEPS4_
__ZN5boost13property_tree6detail8rapidxml8xml_nodeIcE16append_attributeEPNS2_13xml_attributeIcEE
__ZN5boost13property_tree6detail8rapidxml8xml_nodeIcE16remove_all_nodesEv
__ZN5boost13property_tree6detail8rapidxml8xml_nodeIcE21remove_all_attributesEv
__ZN5boost13property_tree6detail8rapidxml8xml_nodeIwE11append_nodeEPS4_
__ZN5boost13property_tree6detail8rapidxml8xml_nodeIwE16append_attributeEPNS2_13xml_attributeIwEE
__ZN5boost13property_tree6detail8rapidxml8xml_nodeIwE16remove_all_nodesEv
__ZN5boost13property_tree6detail8rapidxml8xml_nodeIwE21remove_all_attributesEv
__ZN5boost14checked_deleteINS_6detail11thread_dataINS_3_bi6bind_tIvNS_4_mfi2mfIM24RCarE2TargetDeviceMC_CPUFvNSt3__112bas
__ZN5boost15throw_exceptionINS_13property_tree10xml_parser16xml_parser_errorEEEvRKT_RKNS_15source_locationE
__ZN5boost16exception_detail8set_infoINS_10wrapexceptINS_13property_tree10xml_parser16xml_parser_errorEEEEERKT_S9_RKNS_1
__ZN5boost16exception_detail8set_infoINS_10wrapexceptINS_13property_tree10xml_parser16xml_parser_errorEEEEERKT_S9_RKNS_1
__ZN5boost16exception_detail8set_infoINS_10wrapexceptINS_13property_tree10xml_parser16xml_parser_errorEEEEERKT_S9_RKNS_1
__ZN5boost16exception_detail8set_infoINS_10wrapexceptINS_13property_tree10xml_parser16xml_parser_errorEEEEERKT_S9_RKNS_1
__ZN5boost3_bi4listIJNS0_5valueIP24RCarE2TargetDeviceMC_CPUEENS2_INSt3__112basic_stringIcNS6_11char_traitsIcEENS6_9alloc
__ZN5boost3_bi4listIJNS0_5valueIP24RCarE2TargetDeviceMC_CPUEENS2_INSt3__112basic_stringIcNS6_11char_traitsIcEENS6_9alloc
__ZN5boost3_bi5valueIP24RCarE2TargetDeviceMC_CPUE3getEv
__ZN5boost3_bi6bind_tIvNS_4_mfi2mfIM24RCarE2TargetDeviceMC_CPUFvNSt3__112basic_stringIcNS5_11char_traitsIcEENS5_9allocat
__ZN5boost3_bi9unwrapperINS_4_mfi2mfIM24RCarE2TargetDeviceMC_CPUFvNSt3__112basic_stringIcNS5_11char_traitsIcEENS5_9alloc
__ZN5boost4bindIvNS_4_mfi2mfIM24RCarE2TargetDeviceMC_CPUFvNSt3__112basic_stringIcNS4_11char_traitsIcEENS4_9allocatorIcEE
__ZN5boost4bindIvv24RCarE2TargetDeviceMC_CPUNSt3__112basic_stringIcNS2_11char_traitsIcEENS2_9allocatorIcEEEENS2_6vectorI
rgetDeviceMC_CPUFvNSt3__112basic_stringIcNS9_11char_traitsIcEENS9_9allocatorIcEEEENS9_6vectorI15tag_DISPLAYDATANSD_ISH_E
arE2TargetDeviceMC_CPUFvNSt3__112basic_stringIcNS9_11char_traitsIcEENS9_9allocatorIcEEEENS9_6vectorI15tag_DISPLAYDATANSD
__ZN5boost6detail8heap_newINS0_11thread_dataINS_3_bi6bind_tIvNS_4_mfi2mfIM24RCarE2TargetDeviceMC_CPUFvNSt3__112basic_str
__ZN5boost6mem_fnIv24RCarE2TargetDeviceMC_CPUJNSt3__112basic_stringIcNS2_11char_traitsIcEENS2_9allocatorIcEEEENS2_6vecto
__ZN5boost6thread16make_thread_infoINS_3_bi6bind_tIvNS_4_mfi2mfIM24RCarE2TargetDeviceMC_CPUFvNSt3__112basic_stringIcNS7_
__ZN5boost7forwardINS_3_bi6bind_tIvNS_4_mfi2mfIM24RCarE2TargetDeviceMC_CPUFvNSt3__112basic_stringIcNS6_11char_traitsIcEE
__ZN6Device13DeviceDetails11getDeviceIDEPKc
__ZNK24TargetDeviceListEntryARM11getTzConfigEv
__ZNK5boost13property_tree6detail8rapidxml11parse_error5whereIcEEPT_v
__ZNK5boost13property_tree6detail8rapidxml11parse_error5whereIwEEPT_v
__ZNK5boost13property_tree6detail8rapidxml13xml_attributeIcE14next_attributeEPKcmb
__ZNK5boost13property_tree6detail8rapidxml13xml_attributeIwE14next_attributeEPKwmb
__ZNK5boost13property_tree6detail8rapidxml8xml_baseIcE10value_sizeEv
__ZNK5boost13property_tree6detail8rapidxml8xml_baseIcE4nameEv
__ZNK5boost13property_tree6detail8rapidxml8xml_baseIcE5valueEv
__ZNK5boost13property_tree6detail8rapidxml8xml_baseIcE9name_sizeEv
__ZNK5boost13property_tree6detail8rapidxml8xml_baseIwE10value_sizeEv
__ZNK5boost13property_tree6detail8rapidxml8xml_baseIwE4nameEv
__ZNK5boost13property_tree6detail8rapidxml8xml_baseIwE5valueEv
__ZNK5boost13property_tree6detail8rapidxml8xml_baseIwE9name_sizeEv
__ZNK5boost13property_tree6detail8rapidxml8xml_nodeIcE10first_nodeEPKcmb
__ZNK5boost13property_tree6detail8rapidxml8xml_nodeIcE12next_siblingEPKcmb
__ZNK5boost13property_tree6detail8rapidxml8xml_nodeIcE15first_attributeEPKcmb
__ZNK5boost13property_tree6detail8rapidxml8xml_nodeIcE4typeEv
__ZNK5boost13property_tree6detail8rapidxml8xml_nodeIwE10first_nodeEPKwmb
__ZNK5boost13property_tree6detail8rapidxml8xml_nodeIwE12next_siblingEPKwmb
__ZNK5boost13property_tree6detail8rapidxml8xml_nodeIwE15first_attributeEPKwmb
__ZNK5boost13property_tree6detail8rapidxml8xml_nodeIwE4typeEv
6bind_tIvNS_4_mfi2mfIM24RCarE2TargetDeviceMC_CPUFvNSt3__112basic_stringIcNSB_11char_traitsIcEENSB_9allocatorIcEEEENSB_6v
__ZNK5boost3_bi6rrlistIJEEixIP24RCarE2TargetDeviceMC_CPUEERT_RNS0_5valueIS6_EE
__ZNK5boost4_mfi2mfIM24RCarE2TargetDeviceMC_CPUFvNSt3__112basic_stringIcNS3_11char_traitsIcEENS3_9allocatorIcEEEENS3_6ve
__ZNKSt3__111__copy_loopINS_17_ClassicAlgPolicyEEclB8ne180100IPN11DeviceEntry7OFSAreaES6_S6_EENS_4pairIT_T1_EES8_T0_S9_
__ZNKSt3__111__copy_loopINS_17_ClassicAlgPolicyEEclB8ne180100IPN24TargetDeviceListEntryT327OFSAreaES6_S6_EENS_4pairIT_T1
__ZNKSt3__111__move_loopINS_17_ClassicAlgPolicyEEclB8ne180100INS_16reverse_iteratorIPN17E2ARMTargetDevice11CacheMemoryEE
__ZNKSt3__111__move_loopINS_17_ClassicAlgPolicyEEclB8ne180100INS_16reverse_iteratorIPN19E2RISCVTargetDevice11CacheMemory
__ZNSt3__110__list_impI32TargetDeviceListCoreDetailsEntryNS_9allocatorIS1_EEE13__create_nodeB8ne180100IJRKS1_EEEPNS_11__
__ZNSt3__110__list_impI32TargetDeviceListCoreDetailsEntryNS_9allocatorIS1_EEE13__create_nodeB8ne180100IJRS1_EEEPNS_11__l
__ZNSt3__110__list_impI32TargetDeviceListCoreDetailsEntryNS_9allocatorIS1_EEE13__create_nodeB8ne180100IJS1_EEEPNS_11__li
__ZNSt3__110__list_impI32TargetDeviceListCoreDetailsEntryNS_9allocatorIS1_EEE13__delete_nodeB8ne180100IJEEEvPNS_11__list
__ZNSt3__110__list_impI37TargetDeviceListCoreArmExtensionEntryNS_9allocatorIS1_EEE13__create_nodeB8ne180100IJRKS1_EEEPNS
__ZNSt3__110__list_impI37TargetDeviceListCoreArmExtensionEntryNS_9allocatorIS1_EEE13__create_nodeB8ne180100IJRS1_EEEPNS_
__ZNSt3__110__list_impI37TargetDeviceListCoreArmExtensionEntryNS_9allocatorIS1_EEE13__create_nodeB8ne180100IJS1_EEEPNS_1
__ZNSt3__110__list_impI37TargetDeviceListCoreArmExtensionEntryNS_9allocatorIS1_EEE13__delete_nodeB8ne180100IJEEEvPNS_11_
__ZNSt3__110__list_impIP12TargetDeviceNS_9allocatorIS2_EEE13__create_nodeB8ne180100IJRKS2_EEEPNS_11__list_nodeIS2_PvEEPN
__ZNSt3__110__list_impIP12TargetDeviceNS_9allocatorIS2_EEE13__create_nodeB8ne180100IJS2_EEEPNS_11__list_nodeIS2_PvEEPNS_
__ZNSt3__110__list_impIP12TargetDeviceNS_9allocatorIS2_EEE13__delete_nodeB8ne180100IJEEEvPNS_11__list_nodeIS2_PvEE
__ZNSt3__110__list_impIP19T32TargetDeviceCoreNS_9allocatorIS2_EEE13__create_nodeB8ne180100IJRKS2_EEEPNS_11__list_nodeIS2
__ZNSt3__110__list_impIP19T32TargetDeviceCoreNS_9allocatorIS2_EEE13__delete_nodeB8ne180100IJEEEvPNS_11__list_nodeIS2_PvE
__ZNSt3__110__list_impIP21E2ARMTargetDeviceCoreNS_9allocatorIS2_EEE13__create_nodeB8ne180100IJRKS2_EEEPNS_11__list_nodeI
__ZNSt3__110__list_impIP21E2ARMTargetDeviceCoreNS_9allocatorIS2_EEE13__delete_nodeB8ne180100IJEEEvPNS_11__list_nodeIS2_P
__ZNSt3__111__introsortINS_17_ClassicAlgPolicyERPFbRKN17E2ARMTargetDevice11CacheMemoryES5_EPS3_Lb0EEEvT1_SA_T0_NS_15iter
__ZNSt3__111__introsortINS_17_ClassicAlgPolicyERPFbRKN19E2RISCVTargetDevice11CacheMemoryES5_EPS3_Lb0EEEvT1_SA_T0_NS_15it
__ZNSt3__116allocator_traitsINS_9allocatorIN11DeviceEntry7OFSAreaEEEE7destroyB8ne180100IS3_vEEvRS4_PT_
__ZNSt3__116allocator_traitsINS_9allocatorIN11DeviceEntry7OFSAreaEEEE8max_sizeB8ne180100IS4_vEEmRKS4_
__ZNSt3__116allocator_traitsINS_9allocatorIN11DeviceEntry7OFSAreaEEEE9constructB8ne180100IS3_JRKS3_EvEEvRS4_PT_DpOT0_
__ZNSt3__116allocator_traitsINS_9allocatorIN11DeviceEntry7OFSAreaEEEE9constructB8ne180100IS3_JRS3_EvEEvRS4_PT_DpOT0_
__ZNSt3__116allocator_traitsINS_9allocatorIN11DeviceEntry7OFSAreaEEEE9constructB8ne180100IS3_JS3_EvEEvRS4_PT_DpOT0_
__ZNSt3__116allocator_traitsINS_9allocatorIN17E2ARMTargetDevice11CacheMemoryEEEE7destroyB8ne180100IS3_vEEvRS4_PT_
__ZNSt3__116allocator_traitsINS_9allocatorIN17E2ARMTargetDevice11CacheMemoryEEEE8max_sizeB8ne180100IS4_vEEmRKS4_
__ZNSt3__116allocator_traitsINS_9allocatorIN17E2ARMTargetDevice11CacheMemoryEEEE9constructB8ne180100IS3_JRKS3_EvEEvRS4_P
__ZNSt3__116allocator_traitsINS_9allocatorIN17E2ARMTargetDevice13CacheRegisterEEEE7destroyB8ne180100IS3_vEEvRS4_PT_
__ZNSt3__116allocator_traitsINS_9allocatorIN17E2ARMTargetDevice13CacheRegisterEEEE8max_sizeB8ne180100IS4_vEEmRKS4_
__ZNSt3__116allocator_traitsINS_9allocatorIN17E2ARMTargetDevice13CacheRegisterEEEE9constructB8ne180100IS3_JRKS3_EvEEvRS4
__ZNSt3__116allocator_traitsINS_9allocatorIN17E2ARMTargetDevice13CacheRegisterEEEE9constructB8ne180100IS3_JS3_EvEEvRS4_P
__ZNSt3__116allocator_traitsINS_9allocatorIN18RCarE2TargetDevice13CacheRegisterEEEE7destroyB8ne180100IS3_vEEvRS4_PT_
__ZNSt3__116allocator_traitsINS_9allocatorIN18RCarE2TargetDevice13CacheRegisterEEEE8max_sizeB8ne180100IS4_vEEmRKS4_
__ZNSt3__116allocator_traitsINS_9allocatorIN18RCarE2TargetDevice13CacheRegisterEEEE9constructB8ne180100IS3_JRKS3_EvEEvRS
__ZNSt3__116allocator_traitsINS_9allocatorIN18RCarE2TargetDevice13CacheRegisterEEEE9constructB8ne180100IS3_JS3_EvEEvRS4_
__ZNSt3__116allocator_traitsINS_9allocatorIN19E2RISCVTargetDevice11CacheMemoryEEEE7destroyB8ne180100IS3_vEEvRS4_PT_
__ZNSt3__116allocator_traitsINS_9allocatorIN19E2RISCVTargetDevice11CacheMemoryEEEE8max_sizeB8ne180100IS4_vEEmRKS4_
__ZNSt3__116allocator_traitsINS_9allocatorIN19E2RISCVTargetDevice11CacheMemoryEEEE9constructB8ne180100IS3_JRKS3_EvEEvRS4
__ZNSt3__116allocator_traitsINS_9allocatorIN19E2RISCVTargetDevice13CacheRegisterEEEE7destroyB8ne180100IS3_vEEvRS4_PT_
__ZNSt3__116allocator_traitsINS_9allocatorIN19E2RISCVTargetDevice13CacheRegisterEEEE8max_sizeB8ne180100IS4_vEEmRKS4_
__ZNSt3__116allocator_traitsINS_9allocatorIN19E2RISCVTargetDevice13CacheRegisterEEEE9constructB8ne180100IS3_JRKS3_EvEEvR
__ZNSt3__116allocator_traitsINS_9allocatorIN19E2RISCVTargetDevice13CacheRegisterEEEE9constructB8ne180100IS3_JS3_EvEEvRS4
__ZNSt3__116allocator_traitsINS_9allocatorIN24TargetDeviceListEntryT327OFSAreaEEEE7destroyB8ne180100IS3_vEEvRS4_PT_
__ZNSt3__116allocator_traitsINS_9allocatorIN24TargetDeviceListEntryT327OFSAreaEEEE8max_sizeB8ne180100IS4_vEEmRKS4_
__ZNSt3__116allocator_traitsINS_9allocatorIN24TargetDeviceListEntryT327OFSAreaEEEE9constructB8ne180100IS3_JRKS3_EvEEvRS4
__ZNSt3__116allocator_traitsINS_9allocatorIN24TargetDeviceListEntryT327OFSAreaEEEE9constructB8ne180100IS3_JRS3_EvEEvRS4_
__ZNSt3__116allocator_traitsINS_9allocatorIN24TargetDeviceListEntryT327OFSAreaEEEE9constructB8ne180100IS3_JS3_EvEEvRS4_P
__ZNSt3__116allocator_traitsINS_9allocatorINS_11__list_nodeI32TargetDeviceListCoreDetailsEntryPvEEEEE7destroyB8ne180100I
__ZNSt3__116allocator_traitsINS_9allocatorINS_11__list_nodeI32TargetDeviceListCoreDetailsEntryPvEEEEE8max_sizeB8ne180100
__ZNSt3__116allocator_traitsINS_9allocatorINS_11__list_nodeI32TargetDeviceListCoreDetailsEntryPvEEEEE9constructB8ne18010
__ZNSt3__116allocator_traitsINS_9allocatorINS_11__list_nodeI32TargetDeviceListCoreDetailsEntryPvEEEEE9constructB8ne18010
__ZNSt3__116allocator_traitsINS_9allocatorINS_11__list_nodeI32TargetDeviceListCoreDetailsEntryPvEEEEE9constructB8ne18010
__ZNSt3__116allocator_traitsINS_9allocatorINS_11__list_nodeI37TargetDeviceListCoreArmExtensionEntryPvEEEEE7destroyB8ne18
__ZNSt3__116allocator_traitsINS_9allocatorINS_11__list_nodeI37TargetDeviceListCoreArmExtensionEntryPvEEEEE8max_sizeB8ne1
__ZNSt3__116allocator_traitsINS_9allocatorINS_11__list_nodeI37TargetDeviceListCoreArmExtensionEntryPvEEEEE9constructB8ne
__ZNSt3__116allocator_traitsINS_9allocatorINS_11__list_nodeI37TargetDeviceListCoreArmExtensionEntryPvEEEEE9constructB8ne
__ZNSt3__116allocator_traitsINS_9allocatorINS_11__list_nodeI37TargetDeviceListCoreArmExtensionEntryPvEEEEE9constructB8ne
__ZNSt3__116allocator_traitsINS_9allocatorINS_11__list_nodeIP12TargetDevicePvEEEEE7destroyB8ne180100IS4_vvEEvRS7_PT_
__ZNSt3__116allocator_traitsINS_9allocatorINS_11__list_nodeIP12TargetDevicePvEEEEE8max_sizeB8ne180100IS7_vEEmRKS7_
__ZNSt3__116allocator_traitsINS_9allocatorINS_11__list_nodeIP12TargetDevicePvEEEEE9constructB8ne180100IS4_JRKS4_EvEEvRS7
__ZNSt3__116allocator_traitsINS_9allocatorINS_11__list_nodeIP12TargetDevicePvEEEEE9constructB8ne180100IS4_JS4_EvEEvRS7_P
__ZNSt3__116allocator_traitsINS_9allocatorINS_11__list_nodeIP19T32TargetDeviceCorePvEEEEE7destroyB8ne180100IS4_vvEEvRS7_
__ZNSt3__116allocator_traitsINS_9allocatorINS_11__list_nodeIP19T32TargetDeviceCorePvEEEEE8max_sizeB8ne180100IS7_vEEmRKS7
__ZNSt3__116allocator_traitsINS_9allocatorINS_11__list_nodeIP19T32TargetDeviceCorePvEEEEE9constructB8ne180100IS4_JRKS4_E
__ZNSt3__116allocator_traitsINS_9allocatorINS_11__list_nodeIP21E2ARMTargetDeviceCorePvEEEEE7destroyB8ne180100IS4_vvEEvRS
__ZNSt3__116allocator_traitsINS_9allocatorINS_11__list_nodeIP21E2ARMTargetDeviceCorePvEEEEE8max_sizeB8ne180100IS7_vEEmRK
__ZNSt3__116allocator_traitsINS_9allocatorINS_11__list_nodeIP21E2ARMTargetDeviceCorePvEEEEE9constructB8ne180100IS4_JRKS4
_IcEEEE23TargetDeviceListEntryRXEEPvEEEEE7destroyB8ne180100INS_4pairIKS8_S9_EEvvEEvRSD_PT_
_IcEEEE23TargetDeviceListEntryRXEEPvEEEEE8max_sizeB8ne180100ISD_vEEmRKSD_
_IcEEEE23TargetDeviceListEntryRXEEPvEEEEE9constructB8ne180100INS_4pairIKS8_S9_EEJRKNS_21piecewise_construct_tENS_5tupleI
_IcEEEE24TargetDeviceListEntryARMEEPvEEEEE7destroyB8ne180100INS_4pairIKS8_S9_EEvvEEvRSD_PT_
_IcEEEE24TargetDeviceListEntryARMEEPvEEEEE8max_sizeB8ne180100ISD_vEEmRKSD_
_IcEEEE24TargetDeviceListEntryARMEEPvEEEEE9constructB8ne180100INS_4pairIKS8_S9_EEJRKNS_21piecewise_construct_tENS_5tuple
_IcEEEE24TargetDeviceListEntryT32EEPvEEEEE7destroyB8ne180100INS_4pairIKS8_S9_EEvvEEvRSD_PT_
_IcEEEE24TargetDeviceListEntryT32EEPvEEEEE8max_sizeB8ne180100ISD_vEEmRKSD_
_IcEEEE24TargetDeviceListEntryT32EEPvEEEEE9constructB8ne180100INS_4pairIKS8_S9_EEJRKNS_21piecewise_construct_tENS_5tuple
_IcEEEE25TargetDeviceListEntryRL78EEPvEEEEE7destroyB8ne180100INS_4pairIKS8_S9_EEvvEEvRSD_PT_
_IcEEEE25TargetDeviceListEntryRL78EEPvEEEEE8max_sizeB8ne180100ISD_vEEmRKSD_
_IcEEEE25TargetDeviceListEntryRL78EEPvEEEEE9constructB8ne180100INS_4pairIKS8_S9_EEJRKNS_21piecewise_construct_tENS_5tupl
_IcEEEE26TargetDeviceListEntryE2ARMEEPvEEEEE37select_on_container_copy_constructionB8ne180100ISD_vvEESD_RKSD_
_IcEEEE26TargetDeviceListEntryE2ARMEEPvEEEEE7destroyB8ne180100INS_4pairIKS8_S9_EEvvEEvRSD_PT_
_IcEEEE26TargetDeviceListEntryE2ARMEEPvEEEEE8max_sizeB8ne180100ISD_vEEmRKSD_
_IcEEEE26TargetDeviceListEntryE2ARMEEPvEEEEE9constructB8ne180100INS_4pairIKS8_S9_EEJRKNS_21piecewise_construct_tENS_5tup
_IcEEEE26TargetDeviceListEntryE2ARMEEPvEEEEE9constructB8ne180100INS_4pairIKS8_S9_EEJRKSI_EvEEvRSD_PT_DpOT0_
_IcEEEE26TargetDeviceListEntryRISCVEEPvEEEEE7destroyB8ne180100INS_4pairIKS8_S9_EEvvEEvRSD_PT_
_IcEEEE26TargetDeviceListEntryRISCVEEPvEEEEE8max_sizeB8ne180100ISD_vEEmRKSD_
_IcEEEE26TargetDeviceListEntryRISCVEEPvEEEEE9constructB8ne180100INS_4pairIKS8_S9_EEJRKNS_21piecewise_construct_tENS_5tup
_IcEEEE27TargetDeviceListEntryRCarE2EEPvEEEEE7destroyB8ne180100INS_4pairIKS8_S9_EEvvEEvRSD_PT_
_IcEEEE27TargetDeviceListEntryRCarE2EEPvEEEEE8max_sizeB8ne180100ISD_vEEmRKSD_
_IcEEEE27TargetDeviceListEntryRCarE2EEPvEEEEE9constructB8ne180100INS_4pairIKS8_S9_EEJRKNS_21piecewise_construct_tENS_5tu
__ZNSt3__116allocator_traitsINS_9allocatorINS_11__tree_nodeINS_12__value_typeIjN22T32TargetDevice_Shader9opCodes_tEEEPvE
__ZNSt3__116allocator_traitsINS_9allocatorINS_11__tree_nodeINS_12__value_typeIjN22T32TargetDevice_Shader9opCodes_tEEEPvE
__ZNSt3__116allocator_traitsINS_9allocatorINS_11__tree_nodeINS_12__value_typeIjN22T32TargetDevice_Shader9opCodes_tEEEPvE
__ZNSt3__116allocator_traitsINS_9allocatorINS_11__tree_nodeINS_12__value_typeItP24IPassthroughTargetDeviceEEPvEEEEE7dest
__ZNSt3__116allocator_traitsINS_9allocatorINS_11__tree_nodeINS_12__value_typeItP24IPassthroughTargetDeviceEEPvEEEEE8max_
__ZNSt3__116allocator_traitsINS_9allocatorINS_11__tree_nodeINS_12__value_typeItP24IPassthroughTargetDeviceEEPvEEEEE9cons
__ZNSt3__13mapINS_12basic_stringIcNS_11char_traitsIcEENS_9allocatorIcEEEE26TargetDeviceListEntryE2ARMNS_4lessIS6_EENS4_I
__ZNSt3__13mapIjN22T32TargetDevice_Shader9opCodes_tENS_4lessIjEENS_9allocatorINS_4pairIKjS2_EEEEE7emplaceB8ne180100IJRjS
__ZNSt3__14listI32TargetDeviceListCoreDetailsEntryNS_9allocatorIS1_EEE22__insert_with_sentinelB8ne180100INS_15__list_ite
__ZNSt3__14listI32TargetDeviceListCoreDetailsEntryNS_9allocatorIS1_EEE22__insert_with_sentinelB8ne180100INS_21__list_con
__ZNSt3__14listI32TargetDeviceListCoreDetailsEntryNS_9allocatorIS1_EEE6insertINS_15__list_iteratorIS1_PvEEEES8_NS_21__li
__ZNSt3__14listI32TargetDeviceListCoreDetailsEntryNS_9allocatorIS1_EEE6insertINS_21__list_const_iteratorIS1_PvEEEENS_15_
__ZNSt3__14listI37TargetDeviceListCoreArmExtensionEntryNS_9allocatorIS1_EEE22__insert_with_sentinelB8ne180100INS_15__lis
__ZNSt3__14listI37TargetDeviceListCoreArmExtensionEntryNS_9allocatorIS1_EEE22__insert_with_sentinelB8ne180100INS_21__lis
__ZNSt3__14listI37TargetDeviceListCoreArmExtensionEntryNS_9allocatorIS1_EEE6insertINS_15__list_iteratorIS1_PvEEEES8_NS_2
__ZNSt3__14listI37TargetDeviceListCoreArmExtensionEntryNS_9allocatorIS1_EEE6insertINS_21__list_const_iteratorIS1_PvEEEEN
__ZNSt3__16__treeINS_12__value_typeINS_12basic_stringIcNS_11char_traitsIcEENS_9allocatorIcEEEE23TargetDeviceListEntryRXE
__ZNSt3__16__treeINS_12__value_typeINS_12basic_stringIcNS_11char_traitsIcEENS_9allocatorIcEEEE23TargetDeviceListEntryRXE
__ZNSt3__16__treeINS_12__value_typeINS_12basic_stringIcNS_11char_traitsIcEENS_9allocatorIcEEEE23TargetDeviceListEntryRXE
__ZNSt3__16__treeINS_12__value_typeINS_12basic_stringIcNS_11char_traitsIcEENS_9allocatorIcEEEE23TargetDeviceListEntryRXE
__ZNSt3__16__treeINS_12__value_typeINS_12basic_stringIcNS_11char_traitsIcEENS_9allocatorIcEEEE23TargetDeviceListEntryRXE
__ZNSt3__16__treeINS_12__value_typeINS_12basic_stringIcNS_11char_traitsIcEENS_9allocatorIcEEEE24TargetDeviceListEntryARM
__ZNSt3__16__treeINS_12__value_typeINS_12basic_stringIcNS_11char_traitsIcEENS_9allocatorIcEEEE24TargetDeviceListEntryARM
__ZNSt3__16__treeINS_12__value_typeINS_12basic_stringIcNS_11char_traitsIcEENS_9allocatorIcEEEE24TargetDeviceListEntryARM
__ZNSt3__16__treeINS_12__value_typeINS_12basic_stringIcNS_11char_traitsIcEENS_9allocatorIcEEEE24TargetDeviceListEntryARM
__ZNSt3__16__treeINS_12__value_typeINS_12basic_stringIcNS_11char_traitsIcEENS_9allocatorIcEEEE24TargetDeviceListEntryARM
__ZNSt3__16__treeINS_12__value_typeINS_12basic_stringIcNS_11char_traitsIcEENS_9allocatorIcEEEE24TargetDeviceListEntryT32
__ZNSt3__16__treeINS_12__value_typeINS_12basic_stringIcNS_11char_traitsIcEENS_9allocatorIcEEEE24TargetDeviceListEntryT32
__ZNSt3__16__treeINS_12__value_typeINS_12basic_stringIcNS_11char_traitsIcEENS_9allocatorIcEEEE24TargetDeviceListEntryT32
__ZNSt3__16__treeINS_12__value_typeINS_12basic_stringIcNS_11char_traitsIcEENS_9allocatorIcEEEE24TargetDeviceListEntryT32
__ZNSt3__16__treeINS_12__value_typeINS_12basic_stringIcNS_11char_traitsIcEENS_9allocatorIcEEEE24TargetDeviceListEntryT32
__ZNSt3__16__treeINS_12__value_typeINS_12basic_stringIcNS_11char_traitsIcEENS_9allocatorIcEEEE25TargetDeviceListEntryRL7
__ZNSt3__16__treeINS_12__value_typeINS_12basic_stringIcNS_11char_traitsIcEENS_9allocatorIcEEEE25TargetDeviceListEntryRL7
__ZNSt3__16__treeINS_12__value_typeINS_12basic_stringIcNS_11char_traitsIcEENS_9allocatorIcEEEE25TargetDeviceListEntryRL7
__ZNSt3__16__treeINS_12__value_typeINS_12basic_stringIcNS_11char_traitsIcEENS_9allocatorIcEEEE25TargetDeviceListEntryRL7
__ZNSt3__16__treeINS_12__value_typeINS_12basic_stringIcNS_11char_traitsIcEENS_9allocatorIcEEEE25TargetDeviceListEntryRL7
__ZNSt3__16__treeINS_12__value_typeINS_12basic_stringIcNS_11char_traitsIcEENS_9allocatorIcEEEE26TargetDeviceListEntryE2A
__ZNSt3__16__treeINS_12__value_typeINS_12basic_stringIcNS_11char_traitsIcEENS_9allocatorIcEEEE26TargetDeviceListEntryE2A
__ZNSt3__16__treeINS_12__value_typeINS_12basic_stringIcNS_11char_traitsIcEENS_9allocatorIcEEEE26TargetDeviceListEntryE2A
__ZNSt3__16__treeINS_12__value_typeINS_12basic_stringIcNS_11char_traitsIcEENS_9allocatorIcEEEE26TargetDeviceListEntryE2A
__ZNSt3__16__treeINS_12__value_typeINS_12basic_stringIcNS_11char_traitsIcEENS_9allocatorIcEEEE26TargetDeviceListEntryE2A
__ZNSt3__16__treeINS_12__value_typeINS_12basic_stringIcNS_11char_traitsIcEENS_9allocatorIcEEEE26TargetDeviceListEntryE2A
__ZNSt3__16__treeINS_12__value_typeINS_12basic_stringIcNS_11char_traitsIcEENS_9allocatorIcEEEE26TargetDeviceListEntryE2A
__ZNSt3__16__treeINS_12__value_typeINS_12basic_stringIcNS_11char_traitsIcEENS_9allocatorIcEEEE26TargetDeviceListEntryE2A
__ZNSt3__16__treeINS_12__value_typeINS_12basic_stringIcNS_11char_traitsIcEENS_9allocatorIcEEEE26TargetDeviceListEntryRIS
__ZNSt3__16__treeINS_12__value_typeINS_12basic_stringIcNS_11char_traitsIcEENS_9allocatorIcEEEE26TargetDeviceListEntryRIS
__ZNSt3__16__treeINS_12__value_typeINS_12basic_stringIcNS_11char_traitsIcEENS_9allocatorIcEEEE26TargetDeviceListEntryRIS
__ZNSt3__16__treeINS_12__value_typeINS_12basic_stringIcNS_11char_traitsIcEENS_9allocatorIcEEEE26TargetDeviceListEntryRIS
__ZNSt3__16__treeINS_12__value_typeINS_12basic_stringIcNS_11char_traitsIcEENS_9allocatorIcEEEE26TargetDeviceListEntryRIS
__ZNSt3__16__treeINS_12__value_typeINS_12basic_stringIcNS_11char_traitsIcEENS_9allocatorIcEEEE27TargetDeviceListEntryRCa
__ZNSt3__16__treeINS_12__value_typeINS_12basic_stringIcNS_11char_traitsIcEENS_9allocatorIcEEEE27TargetDeviceListEntryRCa
__ZNSt3__16__treeINS_12__value_typeINS_12basic_stringIcNS_11char_traitsIcEENS_9allocatorIcEEEE27TargetDeviceListEntryRCa
__ZNSt3__16__treeINS_12__value_typeINS_12basic_stringIcNS_11char_traitsIcEENS_9allocatorIcEEEE27TargetDeviceListEntryRCa
__ZNSt3__16__treeINS_12__value_typeINS_12basic_stringIcNS_11char_traitsIcEENS_9allocatorIcEEEE27TargetDeviceListEntryRCa
__ZNSt3__16__treeINS_12__value_typeIjN22T32TargetDevice_Shader9opCodes_tEEENS_19__map_value_compareIjS4_NS_4lessIjEELb1E
__ZNSt3__16__treeINS_12__value_typeIjN22T32TargetDevice_Shader9opCodes_tEEENS_19__map_value_compareIjS4_NS_4lessIjEELb1E
__ZNSt3__16__treeINS_12__value_typeIjN22T32TargetDevice_Shader9opCodes_tEEENS_19__map_value_compareIjS4_NS_4lessIjEELb1E
__ZNSt3__16__treeINS_12__value_typeIjN22T32TargetDevice_Shader9opCodes_tEEENS_19__map_value_compareIjS4_NS_4lessIjEELb1E
__ZNSt3__16__treeINS_12__value_typeIjN22T32TargetDevice_Shader9opCodes_tEEENS_19__map_value_compareIjS4_NS_4lessIjEELb1E
__ZNSt3__16__treeINS_12__value_typeIjN22T32TargetDevice_Shader9opCodes_tEEENS_19__map_value_compareIjS4_NS_4lessIjEELb1E
__ZNSt3__16__treeINS_12__value_typeItP24IPassthroughTargetDeviceEENS_19__map_value_compareItS4_NS_4lessItEELb1EEENS_9all
__ZNSt3__16__treeINS_12__value_typeItP24IPassthroughTargetDeviceEENS_19__map_value_compareItS4_NS_4lessItEELb1EEENS_9all
__ZNSt3__16__treeINS_12__value_typeItP24IPassthroughTargetDeviceEENS_19__map_value_compareItS4_NS_4lessItEELb1EEENS_9all
__ZNSt3__16__treeINS_12__value_typeItP24IPassthroughTargetDeviceEENS_19__map_value_compareItS4_NS_4lessItEELb1EEENS_9all
__ZNSt3__16__treeINS_12__value_typeItP24IPassthroughTargetDeviceEENS_19__map_value_compareItS4_NS_4lessItEELb1EEENS_9all
__ZNSt3__16vectorIN11DeviceEntry7OFSAreaENS_9allocatorIS2_EEE18__assign_with_sizeB8ne180100IPS2_S7_EEvT_T0_l
__ZNSt3__16vectorIN11DeviceEntry7OFSAreaENS_9allocatorIS2_EEE18__construct_at_endIPS2_S7_EEvT_T0_m
__ZNSt3__16vectorIN11DeviceEntry7OFSAreaENS_9allocatorIS2_EEE21__push_back_slow_pathIRKS2_EEPS2_OT_
__ZNSt3__16vectorIN11DeviceEntry7OFSAreaENS_9allocatorIS2_EEE22__construct_one_at_endB8ne180100IJRKS2_EEEvDpOT_
__ZNSt3__16vectorIN11DeviceEntry7OFSAreaENS_9allocatorIS2_EEE6assignIPS2_Li0EEEvT_S8_
__ZNSt3__16vectorIN17E2ARMTargetDevice11CacheMemoryENS_9allocatorIS2_EEE21__push_back_slow_pathIRKS2_EEPS2_OT_
__ZNSt3__16vectorIN17E2ARMTargetDevice11CacheMemoryENS_9allocatorIS2_EEE22__construct_one_at_endB8ne180100IJRKS2_EEEvDpO
__ZNSt3__16vectorIN17E2ARMTargetDevice13CacheRegisterENS_9allocatorIS2_EEE21__push_back_slow_pathIRKS2_EEPS2_OT_
__ZNSt3__16vectorIN17E2ARMTargetDevice13CacheRegisterENS_9allocatorIS2_EEE22__construct_one_at_endB8ne180100IJRKS2_EEEvD
__ZNSt3__16vectorIN18RCarE2TargetDevice13CacheRegisterENS_9allocatorIS2_EEE21__push_back_slow_pathIRKS2_EEPS2_OT_
__ZNSt3__16vectorIN18RCarE2TargetDevice13CacheRegisterENS_9allocatorIS2_EEE22__construct_one_at_endB8ne180100IJRKS2_EEEv
__ZNSt3__16vectorIN19E2RISCVTargetDevice11CacheMemoryENS_9allocatorIS2_EEE21__push_back_slow_pathIRKS2_EEPS2_OT_
__ZNSt3__16vectorIN19E2RISCVTargetDevice11CacheMemoryENS_9allocatorIS2_EEE22__construct_one_at_endB8ne180100IJRKS2_EEEvD
__ZNSt3__16vectorIN19E2RISCVTargetDevice13CacheRegisterENS_9allocatorIS2_EEE21__push_back_slow_pathIRKS2_EEPS2_OT_
__ZNSt3__16vectorIN19E2RISCVTargetDevice13CacheRegisterENS_9allocatorIS2_EEE22__construct_one_at_endB8ne180100IJRKS2_EEE
__ZNSt3__16vectorIN24TargetDeviceListEntryT327OFSAreaENS_9allocatorIS2_EEE18__assign_with_sizeB8ne180100IPS2_S7_EEvT_T0_
__ZNSt3__16vectorIN24TargetDeviceListEntryT327OFSAreaENS_9allocatorIS2_EEE18__construct_at_endIPS2_S7_EEvT_T0_m
__ZNSt3__16vectorIN24TargetDeviceListEntryT327OFSAreaENS_9allocatorIS2_EEE21__push_back_slow_pathIRKS2_EEPS2_OT_
__ZNSt3__16vectorIN24TargetDeviceListEntryT327OFSAreaENS_9allocatorIS2_EEE22__construct_one_at_endB8ne180100IJRKS2_EEEvD
__ZNSt3__16vectorIN24TargetDeviceListEntryT327OFSAreaENS_9allocatorIS2_EEE6assignIPS2_Li0EEEvT_S8_
__ZNSt3__19allocatorIN11DeviceEntry7OFSAreaEE9constructB8ne180100IS2_JRKS2_EEEvPT_DpOT0_
__ZNSt3__19allocatorIN11DeviceEntry7OFSAreaEE9constructB8ne180100IS2_JRS2_EEEvPT_DpOT0_
__ZNSt3__19allocatorIN11DeviceEntry7OFSAreaEE9constructB8ne180100IS2_JS2_EEEvPT_DpOT0_
__ZNSt3__19allocatorIN17E2ARMTargetDevice11CacheMemoryEE9constructB8ne180100IS2_JRKS2_EEEvPT_DpOT0_
__ZNSt3__19allocatorIN17E2ARMTargetDevice13CacheRegisterEE9constructB8ne180100IS2_JRKS2_EEEvPT_DpOT0_
__ZNSt3__19allocatorIN17E2ARMTargetDevice13CacheRegisterEE9constructB8ne180100IS2_JS2_EEEvPT_DpOT0_
__ZNSt3__19allocatorIN18RCarE2TargetDevice13CacheRegisterEE9constructB8ne180100IS2_JRKS2_EEEvPT_DpOT0_
__ZNSt3__19allocatorIN18RCarE2TargetDevice13CacheRegisterEE9constructB8ne180100IS2_JS2_EEEvPT_DpOT0_
__ZNSt3__19allocatorIN19E2RISCVTargetDevice11CacheMemoryEE9constructB8ne180100IS2_JRKS2_EEEvPT_DpOT0_
__ZNSt3__19allocatorIN19E2RISCVTargetDevice13CacheRegisterEE9constructB8ne180100IS2_JRKS2_EEEvPT_DpOT0_
__ZNSt3__19allocatorIN19E2RISCVTargetDevice13CacheRegisterEE9constructB8ne180100IS2_JS2_EEEvPT_DpOT0_
__ZNSt3__19allocatorIN24TargetDeviceListEntryT327OFSAreaEE9constructB8ne180100IS2_JRKS2_EEEvPT_DpOT0_
__ZNSt3__19allocatorIN24TargetDeviceListEntryT327OFSAreaEE9constructB8ne180100IS2_JRS2_EEEvPT_DpOT0_
__ZNSt3__19allocatorIN24TargetDeviceListEntryT327OFSAreaEE9constructB8ne180100IS2_JS2_EEEvPT_DpOT0_
__ZNSt3__19allocatorINS_11__list_nodeI32TargetDeviceListCoreDetailsEntryPvEEE9constructB8ne180100IS2_JRKS2_EEEvPT_DpOT0_
__ZNSt3__19allocatorINS_11__list_nodeI32TargetDeviceListCoreDetailsEntryPvEEE9constructB8ne180100IS2_JRS2_EEEvPT_DpOT0_
__ZNSt3__19allocatorINS_11__list_nodeI32TargetDeviceListCoreDetailsEntryPvEEE9constructB8ne180100IS2_JS2_EEEvPT_DpOT0_
__ZNSt3__19allocatorINS_11__list_nodeI37TargetDeviceListCoreArmExtensionEntryPvEEE9constructB8ne180100IS2_JRKS2_EEEvPT_D
__ZNSt3__19allocatorINS_11__list_nodeI37TargetDeviceListCoreArmExtensionEntryPvEEE9constructB8ne180100IS2_JRS2_EEEvPT_Dp
__ZNSt3__19allocatorINS_11__list_nodeI37TargetDeviceListCoreArmExtensionEntryPvEEE9constructB8ne180100IS2_JS2_EEEvPT_DpO
__ZNSt3__19allocatorINS_11__list_nodeIP12TargetDevicePvEEE9constructB8ne180100IS3_JRKS3_EEEvPT_DpOT0_
__ZNSt3__19allocatorINS_11__list_nodeIP12TargetDevicePvEEE9constructB8ne180100IS3_JS3_EEEvPT_DpOT0_
__ZNSt3__19allocatorINS_11__list_nodeIP19T32TargetDeviceCorePvEEE9constructB8ne180100IS3_JRKS3_EEEvPT_DpOT0_
__ZNSt3__19allocatorINS_11__list_nodeIP21E2ARMTargetDeviceCorePvEEE9constructB8ne180100IS3_JRKS3_EEEvPT_DpOT0_
__ZNSt3__19allocatorINS_11__tree_nodeINS_12__value_typeINS_12basic_stringIcNS_11char_traitsIcEENS0_IcEEEE23TargetDeviceL
__ZNSt3__19allocatorINS_11__tree_nodeINS_12__value_typeINS_12basic_stringIcNS_11char_traitsIcEENS0_IcEEEE24TargetDeviceL
__ZNSt3__19allocatorINS_11__tree_nodeINS_12__value_typeINS_12basic_stringIcNS_11char_traitsIcEENS0_IcEEEE24TargetDeviceL
__ZNSt3__19allocatorINS_11__tree_nodeINS_12__value_typeINS_12basic_stringIcNS_11char_traitsIcEENS0_IcEEEE25TargetDeviceL
__ZNSt3__19allocatorINS_11__tree_nodeINS_12__value_typeINS_12basic_stringIcNS_11char_traitsIcEENS0_IcEEEE26TargetDeviceL
__ZNSt3__19allocatorINS_11__tree_nodeINS_12__value_typeINS_12basic_stringIcNS_11char_traitsIcEENS0_IcEEEE26TargetDeviceL
__ZNSt3__19allocatorINS_11__tree_nodeINS_12__value_typeINS_12basic_stringIcNS_11char_traitsIcEENS0_IcEEEE26TargetDeviceL
__ZNSt3__19allocatorINS_11__tree_nodeINS_12__value_typeINS_12basic_stringIcNS_11char_traitsIcEENS0_IcEEEE27TargetDeviceL
__ZNSt3__19allocatorINS_11__tree_nodeINS_12__value_typeIjN22T32TargetDevice_Shader9opCodes_tEEEPvEEE9constructB8ne180100
__ZNSt3__19allocatorINS_11__tree_nodeINS_12__value_typeItP24IPassthroughTargetDeviceEEPvEEE9constructB8ne180100INS_4pair
__ZZN5boost13property_tree10xml_parser10xmlcommentINSt3__112basic_stringIcNS3_11char_traitsIcEENS3_9allocatorIcEEEEEERKT
__ZZN5boost13property_tree10xml_parser10xmlcommentINSt3__112basic_stringIwNS3_11char_traitsIwEENS3_9allocatorIwEEEEEERKT
__ZZN5boost13property_tree10xml_parser7xmlattrINSt3__112basic_stringIcNS3_11char_traitsIcEENS3_9allocatorIcEEEEEERKT_vE1
__ZZN5boost13property_tree10xml_parser7xmlattrINSt3__112basic_stringIwNS3_11char_traitsIwEENS3_9allocatorIwEEEEEERKT_vE1
__ZZN5boost13property_tree10xml_parser7xmltextINSt3__112basic_stringIcNS3_11char_traitsIcEENS3_9allocatorIcEEEEEERKT_vE1
__ZZN5boost13property_tree10xml_parser7xmltextINSt3__112basic_stringIwNS3_11char_traitsIwEENS3_9allocatorIwEEEEEERKT_vE1
__ZZN5boost13property_tree6detail8rapidxml8xml_baseIcE7nullstrEvE4zero
__ZZN5boost13property_tree6detail8rapidxml8xml_baseIwE7nullstrEvE4zero
dNumDevices
TestPreConnectP13ITargetDevice
7E2ARMTargetDevice11CacheMemoryES2_
8RCarE2TargetDevice11CacheMemoryES2_
9E2RISCVTargetDevice11CacheMemoryES2_
GetNumDevicesv
10xmlcommentINSt3__112basic_stringI
3property_tree10xml_parser
1EP13ITargetDeviceP19T32TargetDeviceCoreNSt3__112basic_stringIcNS4_11char_traitsIcEENS4_9allocatorIcEEEESA_R24TargetDevi
2EP13ITargetDeviceP19T32TargetDeviceCoreNSt3__112basic_stringIcNS4_11char_traitsIcEENS4_9allocatorIcEEEESA_R24TargetDevi
1EP11JLinkARMDLLP13ITargetDevice
2EP11JLinkARMDLLP13ITargetDevice
C2EP13ITargetDevice
C2EP11IConfigDataR23ConfigurationParametersP16TargetPropertiesP12ExecCommandsP12TargetDeviceP14IMemoryManager
C2EP10ConfigDataR23ConfigurationParametersP16TargetPropertiesP12ExecCommandsP12TargetDeviceP14IMemoryManager
1EP13ITargetDevice
2EP13ITargetDevice
1EP6T32DLLP13ITargetDeviceNSt3__112basic_stringIcNS4_11char_traitsIcEENS4_9allocatorIcEEEE
2EP6T32DLLP13ITargetDeviceNSt3__112basic_stringIcNS4_11char_traitsIcEENS4_9allocatorIcEEEE
N6Device8DeviceIDE
N6Device8DeviceIDE
N6Device8DeviceIDE
GetColumnInfoEP16STraceColumnInfoN6Device8DeviceIDE
getColumnCountEN6Device8DeviceIDE
9createUnknownRecordEP16STraceRecordDataN6Device8DeviceIDE
3createBreakReasonRecordEP16STraceRecordDataS1_N6Device8DeviceIDE
DeviceEntry7OFSAreaaSERKS0_
1EP13ITargetDeviceR14IServerContextR23ConfigurationParametersP15CFncEzonMcuFileP17CFFWEzonInterface
2EP13ITargetDeviceR14IServerContextR23ConfigurationParametersP15CFncEzonMcuFileP17CFFWEzonInterface
1EP13ITargetDeviceR14IServerContextR23ConfigurationParametersP11JLinkARMDLL
2EP13ITargetDeviceR14IServerContextR23ConfigurationParametersP11JLinkARMDLL
1EyP13ITargetDevicePKc
2EyP13ITargetDevicePKc
1EP13ITargetDeviceR14IServerContextR23ConfigurationParametersP6T32DLLNSt3__112basic_stringIcNS8_11char_traitsIcEENS8_9al
2EP13ITargetDeviceR14IServerContextR23ConfigurationParametersP6T32DLLNSt3__112basic_stringIcNS8_11char_traitsIcEENS8_9al
DeviceIDEv
DebuggerNameEN6Device8DeviceIDE
TargetDeviceEPKcS1_
MCDeviceEntryER23TargetDeviceListMCEntry
loadAndCheckDeviceFilesEv
ErrorDeviceMCUFileAccessEv
isDeviceSupportingSeparateExceptionStackEv
1EP16CTargetEzonTraceP13CEventManagerP13ITargetDevice
2EP16CTargetEzonTraceP13CEventManagerP13ITargetDevice
argetDevice
getDeviceEv
4handleGetDeviceCoresTypeEPKcRNSt3__112basic_stringIcNS2_11char_traitsIcEENS2_9allocatorIcEEEE
1EP10ConfigDataR23ConfigurationParametersP16TargetPropertiesP12ExecCommandsP12TargetDeviceP14IMemoryManager
2EP10ConfigDataR23ConfigurationParametersP16TargetPropertiesP12ExecCommandsP12TargetDeviceP14IMemoryManager
1EP10ConfigDataR23ConfigurationParametersP16TargetPropertiesP12ExecCommandsP12TargetDeviceP14IMemoryManager
2EP10ConfigDataR23ConfigurationParametersP16TargetPropertiesP12ExecCommandsP12TargetDeviceP14IMemoryManager
1EP13ITargetDevicePN18RenesasElectronics9MicomTool15DebuggerLibrary15RenesasFirmWare11ARMFirmware15RfwARMInterfaceER23Co
2EP13ITargetDevicePN18RenesasElectronics9MicomTool15DebuggerLibrary15RenesasFirmWare11ARMFirmware15RfwARMInterfaceER23Co
getRTZDeviceRegionsEv
updateAndGetRegionsERKN23ProtectZoneTargetDevice9DLM_STATEE
lectPZTargetDeviceERKN18RenesasElectronics21RenesasTrustZoneDebug14RTZ_MCUTZ_TYPEE
updateRTZDeviceRegionsEv
getRTZEmuTypeFromDeviceNameEv
isBoundaryProgrammingNeededERKN23ProtectZoneTargetDevice9DLM_STATEERKN18RenesasElectronics21RenesasTrustZoneDebug15RTZ_I
4preInitialiseProtectZoneDeviceTypeEv
1EP13ITargetDeviceP27IProtectZoneDeviceListEntryR23ConfigurationParameters
2EP13ITargetDeviceP27IProtectZoneDeviceListEntryR23ConfigurationParameters
21getActiveTargetDeviceEv
1EP15ADMExecCommandsP13ITargetDevice
2EP15ADMExecCommandsP13ITargetDevice
argetDevices
0InitialiseEP16ExecTargetDeviceP15ADMExecCommands
1EP16ExecTargetDeviceR14IServerContextR23ConfigurationParametersP15ADMExecCommands
2EP16ExecTargetDeviceR14IServerContextR23ConfigurationParametersP15ADMExecCommands
1EP13ITargetDevice
2EP13ITargetDevice
1EP10ConfigDataR23ConfigurationParametersP16TargetPropertiesP12ExecCommandsP17RH850TargetDeviceP14IMemoryManager
2EP10ConfigDataR23ConfigurationParametersP16TargetPropertiesP12ExecCommandsP17RH850TargetDeviceP14IMemoryManager
1EP13ITargetDeviceR14IServerContextR23ConfigurationParametersPN18RenesasElectronics9MicomTool15DebuggerLibrary15RenesasF
2EP13ITargetDeviceR14IServerContextR23ConfigurationParametersPN18RenesasElectronics9MicomTool15DebuggerLibrary15RenesasF
5getPzDeviceTypeEv
8isSecureDebugStateERKN23ProtectZoneTargetDevice9DLM_STATEE
4isValidDlmAuthenticationERKN23ProtectZoneTargetDevice9DLM_STATEES3_
1EP13ITargetDeviceR14IServerContextR23ConfigurationParameters
2EP13ITargetDeviceR14IServerContextR23ConfigurationParameters
ZTargetDevice
1EP13ITargetDevicePN18RenesasElectronics9MicomTool15DebuggerLibrary15RenesasFirmWare11ARMFirmware15RfwARMInterfaceER23Co
2EP13ITargetDevicePN18RenesasElectronics9MicomTool15DebuggerLibrary15RenesasFirmWare11ARMFirmware15RfwARMInterfaceER23Co
1ENSt3__112basic_stringIcNS0_11char_traitsIcEENS0_9allocatorIcEEEEP13ITargetDevice
2ENSt3__112basic_stringIcNS0_11char_traitsIcEENS0_9allocatorIcEEEEP13ITargetDevice
IsE20DeviceEv
DebuggerNameEN6Device8DeviceIDE
MCDeviceEntryER23TargetDeviceListMCEntry
loadDeviceSupportEv
getDeviceCoreFamilyEPKc
DeviceListToManagerERKNSt3__16vectorINS0_12basic_stringIcNS0_11char_traitsIcEENS0_9allocatorIcEEEENS5_IS7_EEEE
loadAndCheckDeviceFilesEv
DeviceListManagerEv
0isDeviceSupportingSeparateExceptionStackEv
TargetDevice
1EP13ITargetDevice
2EP13ITargetDevice
ecureDebugStateERKN21TrustZoneTargetDevice9DLM_STATEE
5getTzDeviceTypeEv
isNonSecureDebugStateERKN21TrustZoneTargetDevice9DLM_STATEE
ChipManufactureStateERKN21TrustZoneTargetDevice9DLM_STATEE
4isValidDlmAuthenticationERKN21TrustZoneTargetDevice9DLM_STATEES3_
C2ER23ConfigurationParametersR14IServerContextPKcS5_jP12TargetDevice
ZTargetDevice
argetDevice64
CortexMDeviceEv
SynergyDeviceEv
SynergyS5DeviceEv
loadDeviceSupportEv
getDeviceCoreFamilyEPKc
setDeviceNameForDLMERK24TargetDeviceListEntryARM
TargetDeviceDetailsEv
addDeviceListToManagerERNSt3__16vectorINS0_12basic_stringIcNS0_11char_traitsIcEENS0_9allocatorIcEEEENS5_IS7_EEEE
pareForBootModeEntryE24TargetDeviceListEntryARM
SynergyCM3orMoreDeviceEv
SynergyDevicePrefixCheckEPKNSt3__112basic_stringIcNS0_11char_traitsIcEENS0_9allocatorIcEEEE
9setTargetDeviceRegisterBankAndSetDeviceEv
0isDeviceSupportingSeparateExceptionStackEv
2isCoreInQuiescentStateForRAMulticoreDeviceEv
TargetDevice
1EP13ITargetDevice
2EP13ITargetDevice
loadDeviceSupportEv
C2ER23ConfigurationParametersR14IServerContextPKcS5_jS5_P12TargetDevice
1EP13ITargetDevicePN18RenesasElectronics9MicomTool15DebuggerLibrary15RenesasFirmWare13RISCVFirmware17RfwRISCVInterfaceER
2EP13ITargetDevicePN18RenesasElectronics9MicomTool15DebuggerLibrary15RenesasFirmWare13RISCVFirmware17RfwRISCVInterfaceER
ActiveTargetDeviceEv
1EP13ITargetDeviceR14IServerContextR23ConfigurationParametersPN18RenesasElectronics9MicomTool15DebuggerLibrary15RenesasF
2EP13ITargetDeviceR14IServerContextR23ConfigurationParametersPN18RenesasElectronics9MicomTool15DebuggerLibrary15RenesasF
0InitializeEP12TargetDeviceP18GDBSocketInterfaceP45MultithreadedOperatingSystemGDBMessageHandlerP14IServerContext
Xfer_features_read_target_xmlEPKcRNSt3__112basic_stringIcNS2_11char_traitsIcEENS2_9allocatorIcEEEER9GDB_error
0isH3DeviceEv
1isV3MDeviceEv
C2ER23ConfigurationParametersR14IServerContextP19TargetDeviceNonExec
32TargetDevice
DspTargetDevice
1EP13ITargetDeviceP15ADMExecCommands
2EP13ITargetDeviceP15ADMExecCommands
1EP19TargetDeviceNonExec
2EP19TargetDeviceNonExec
1EP13ITargetDevicePN18RenesasElectronics9MicomTool15DebuggerLibrary15RenesasFirmWare11ARMFirmware15RfwARMInterfaceE
2EP13ITargetDevicePN18RenesasElectronics9MicomTool15DebuggerLibrary15RenesasFirmWare11ARMFirmware15RfwARMInterfaceE
1EP13ITargetDeviceR14IServerContextR23ConfigurationParametersPN18RenesasElectronics9MicomTool15DebuggerLibrary15RenesasF
2EP13ITargetDeviceR14IServerContextR23ConfigurationParametersPN18RenesasElectronics9MicomTool15DebuggerLibrary15RenesasF
xTargetDevice
MCDeviceEntryER23TargetDeviceListMCEntry
MultiDeviceSyncEv
TargetDevice
1RxTargetDevice
ZRxTargetDevice
9setTargetEP13ITargetDevice
getDeviceCoreFamilyEPKc
7loadDeviceSupportEv
loadAndCheckDeviceFilesEv
L78TargetDevice
1EP13ITargetDeviceP6T32DLL
2EP13ITargetDeviceP6T32DLL
PKcP13ITargetDevicejjji
PKcP13ITargetDevicejjji
loadDeviceSupportEv
DeviceCoreFamilyEPKc
RunModeForDeviceEv
AccessTypeForDeviceEv
TargetDeviceDetailsEv
addDeviceListToManagerERNSt3__16vectorINS0_12basic_stringIcNS0_11char_traitsIcEENS0_9allocatorIcEEEENS5_IS7_EEEE
TargetDeviceListManagerEv
P19TargetDeviceNonExec
P19TargetDeviceNonExec
40isDeviceSupportingSeparateExceptionStackEv
2ARMTargetDevice
5getTzDeviceTypeEv
isValidDlmAuthenticationERKN21TrustZoneTargetDevice9DLM_STATEES3_
printTrustZoneTargetInfoERKN21TrustZoneTargetDevice9DLM_STATEERKN18RenesasElectronics21RenesasTrustZoneDebug15RTZ_IDAU_R
ReadingEbP24RCarE2TargetDeviceMC_CPU
getPMURemainingDataEP24RCarE2TargetDeviceMC_CPU
2handleSocketEbP24RCarE2TargetDeviceMC_CPU
1EP13ITargetDevicePN18RenesasElectronics9MicomTool15DebuggerLibrary15RenesasFirmWare11ARMFirmware15RfwARMInterfaceE
2EP13ITargetDevicePN18RenesasElectronics9MicomTool15DebuggerLibrary15RenesasFirmWare11ARMFirmware15RfwARMInterfaceE
ebuggerNameEN6Device8DeviceIDE
loadDeviceSupportEv
loadAndCheckDeviceFilesEv
nitialiseMulchDeviceSyncDebugEv
9initialiseMulchDeviceSyncDebug
1ER23ConfigurationParametersR14IServerContextPKcP14RxTargetDevice
2ER23ConfigurationParametersR14IServerContextPKcP14RxTargetDevice
DspTargetDevice
A8TZTargetDevice
H850TargetDevice
DeviceInformationC
1EP13ITargetDeviceR14IServerContextR23ConfigurationParametersP11JLinkARMDLL
2EP13ITargetDeviceR14IServerContextR23ConfigurationParametersP11JLinkARMDLL
1ER23ConfigurationParametersR14IServerContextPKcP15ARMTargetDevice
2ER23ConfigurationParametersR14IServerContextPKcP15ARMTargetDevice
DspTargetDevice
1EP13ITargetDevice
2EP13ITargetDevice
DebuggerNameEN6Device8DeviceIDE
1EP13ITargetDeviceR14IServerContextR23ConfigurationParametersPN18RenesasElectronics9MicomTool15DebuggerLibrary15RenesasF
2EP13ITargetDeviceR14IServerContextR23ConfigurationParametersPN18RenesasElectronics9MicomTool15DebuggerLibrary15RenesasF
1EP13ITargetDevicePN18RenesasElectronics9MicomTool15DebuggerLibrary15RenesasFirmWare11ARMFirmware15RfwARMInterfaceE
2EP13ITargetDevicePN18RenesasElectronics9MicomTool15DebuggerLibrary15RenesasFirmWare11ARMFirmware15RfwARMInterfaceE
1EP13ITargetDevicePN18RenesasElectronics9MicomTool15DebuggerLibrary15RenesasFirmWare13RISCVFirmware17RfwRISCVInterfaceE
2EP13ITargetDevicePN18RenesasElectronics9MicomTool15DebuggerLibrary15RenesasFirmWare13RISCVFirmware17RfwRISCVInterfaceE
L78TargetDevice
5getTzDeviceTypeEv
8isSecureDebugStateERKN21TrustZoneTargetDevice9DLM_STATEE
isNonSecureDebugStateERKN21TrustZoneTargetDevice9DLM_STATEE
isChipManufactureStateERKN21TrustZoneTargetDevice9DLM_STATEE
4printTrustZoneTargetInfoERKN21TrustZoneTargetDevice9DLM_STATEERKN18RenesasElectronics21RenesasTrustZoneDebug15RTZ_IDAU_
1RL78TargetDevice
newTZTargetDevice
ActiveTargetDeviceEv
1EP13ITargetDeviceP11JLinkARMDLLR23ConfigurationParameters
2EP13ITargetDeviceP11JLinkARMDLLR23ConfigurationParameters
loadDeviceSupportEv
TargetDeviceListManagerEv
1ER23ConfigurationParametersR14IServerContextP19TargetDeviceNonExec
2ER23ConfigurationParametersR14IServerContextP19TargetDeviceNonExec
1EP24RCarE2TargetDeviceMC_CPU
2EP24RCarE2TargetDeviceMC_CPU
argetDevice
DeviceOptionEjRPhRNSt3__112basic_stringIcNS4_11char_traitsIcEENS4_9allocatorIcEEEE
ogramDeviceOptionEjjPKvRNSt3__112basic_stringIcNS4_11char_traitsIcEENS4_9allocatorIcEEEE
0validateDeviceFamilyERKNS0_17RTZ_DEVICE_FAMILYERh
initializeDeviceERNSt3__112basic_stringIcNS2_11char_traitsIcEENS2_9allocatorIcEEEE
8authenticateDeviceERKNS0_14RTZ_AUTH_LEVELEPKhRNSt3__112basic_stringIcNS7_11char_traitsIcEENS7_9allocatorIcEEEE
disconnectDeviceERNSt3__112basic_stringIcNS2_11char_traitsIcEENS2_9allocatorIcEEEE
tDeviceFamilyERKNS0_17RTZ_DEVICE_FAMILYE
getDeviceFamilyEv
getMcuFileEP25TargetDeviceListManagerRX
HandleMCUFileCoreEP25TargetDeviceListManagerRX
1ER23ConfigurationParametersR14IServerContextPKcP14RxTargetDevice
2ER23ConfigurationParametersR14IServerContextPKcP14RxTargetDevice
xTargetDeviceCore
5getTzDeviceTypeEv
isValidDlmAuthenticationERKN21TrustZoneTargetDevice9DLM_STATEES3_
printTrustZoneTargetInfoERKN21TrustZoneTargetDevice9DLM_STATEERKN18RenesasElectronics21RenesasTrustZoneDebug15RTZ_IDAU_R
TZTargetDevice
createCoreEPKcS1_RP12TargetDevice
DeviceInfoEv
haderCoresERNSt3__14listIP19T32TargetDeviceCoreNS0_9allocatorIS3_EEEE
DeviceInfoXMLEPci
MCDeviceEntryER23TargetDeviceListMCEntry
getT32DeviceEntryER24TargetDeviceListEntryT32
loadDeviceSupportEv
loadAndCheckDeviceFilesEv
1ER23ConfigurationParametersR14IServerContextP19TargetDeviceNonExec
2ER23ConfigurationParametersR14IServerContextP19TargetDeviceNonExec
TargetDeviceCPU
C2EP13ITargetDevice
IE850ATargetDeviceEv
1EP15ADMExecCommandsP17ExecCommandsRH850P17RH850TargetDeviceR23ConfigurationParameters
2EP15ADMExecCommandsP17ExecCommandsRH850P17RH850TargetDeviceR23ConfigurationParameters
1EP17RH850TargetDeviceR14IServerContextR23ConfigurationParametersP15ADMExecCommands
2EP17RH850TargetDeviceR14IServerContextR23ConfigurationParametersP15ADMExecCommands
1ER23ConfigurationParametersR14IServerContextPKcP15ARMTargetDevice
2ER23ConfigurationParametersR14IServerContextPKcP15ARMTargetDevice
TargetDeviceCore
1EP13ITargetDevicePN18RenesasElectronics9MicomTool15DebuggerLibrary15RenesasFirmWare11ARMFirmware15RfwARMInterfaceER23Co
2EP13ITargetDevicePN18RenesasElectronics9MicomTool15DebuggerLibrary15RenesasFirmWare11ARMFirmware15RfwARMInterfaceER23Co
loadDeviceSupportEv
addDeviceListToManagerERNSt3__16vectorINS0_12basic_stringIcNS0_11char_traitsIcEENS0_9allocatorIcEEEENS5_IS7_EEEE
RISCVTargetDevice
1EP13ITargetDeviceR14IServerContextR23ConfigurationParametersP11JLinkARMDLL
2EP13ITargetDeviceR14IServerContextR23ConfigurationParametersP11JLinkARMDLL
5getTzDeviceTypeEv
8isSecureDebugStateERKN21TrustZoneTargetDevice9DLM_STATEE
5getTzDeviceTypeEv
4printTrustZoneTargetInfoERKN21TrustZoneTargetDevice9DLM_STATEERKN18RenesasElectronics21RenesasTrustZoneDebug15RTZ_IDAU_
4getTrustZoneTargetInfoStringStreamERKN21TrustZoneTargetDevice9DLM_STATEERKN18RenesasElectronics21RenesasTrustZoneDebug1
15getTzDeviceTypeEv
24printTrustZoneTargetInfoERKN21TrustZoneTargetDevice9DLM_STATEERKN18RenesasElectronics21RenesasTrustZoneDebug15RTZ_IDAU
6B1TZTargetDevice
8x2TZTargetDevice
1EP13ITargetDevicePN18RenesasElectronics9MicomTool15DebuggerLibrary15RenesasFirmWare11ARMFirmware15RfwARMInterfaceE
2EP13ITargetDevicePN18RenesasElectronics9MicomTool15DebuggerLibrary15RenesasFirmWare11ARMFirmware15RfwARMInterfaceE
C2ER23ConfigurationParametersR14IServerContextPKcP16RL78TargetDevicebb
5getPzDeviceTypeEv
printProtectZoneTargetInfoERKN23ProtectZoneTargetDevice9DLM_STATEERKN18RenesasElectronics21RenesasTrustZoneDebug15RTZ_ID
4isValidDlmAuthenticationERKN23ProtectZoneTargetDevice9DLM_STATEES3_
L78DspTargetDevice
X74MPZTargetDevice
1EP19T32TargetDeviceCorejjP22T32TargetDevice_Shader
2EP19T32TargetDeviceCorejjP22T32TargetDevice_Shader
loadDeviceSupportEv
C2ER23ConfigurationParametersR14IServerContextP17T32CoreParametersP19TargetDeviceNonExec
TargetDeviceCore
argetDeviceNonExec
OtherTZTargetDevice
1EP13ITargetDeviceR14IServerContextR23ConfigurationParametersP15CFncEzonMcuFileP17CFFWEzonInterface
2EP13ITargetDeviceR14IServerContextR23ConfigurationParametersP15CFncEzonMcuFileP17CFFWEzonInterface
1EP10ConfigDataR23ConfigurationParametersP16TargetPropertiesP12ExecCommandsP23RH850TargetDeviceMC_CPUP14IMemoryManager
2EP10ConfigDataR23ConfigurationParametersP16TargetPropertiesP12ExecCommandsP23RH850TargetDeviceMC_CPUP14IMemoryManager
1EP13ITargetDeviceR14IServerContextR23ConfigurationParametersPN18RenesasElectronics9MicomTool15DebuggerLibrary15RenesasF
2EP13ITargetDeviceR14IServerContextR23ConfigurationParametersPN18RenesasElectronics9MicomTool15DebuggerLibrary15RenesasF
C2ER23ConfigurationParametersR14IServerContextPKcP16RL78TargetDevice
1ER23ConfigurationParametersR14IServerContextPKcP14RxTargetDevice
2ER23ConfigurationParametersR14IServerContextPKcP14RxTargetDevice
1ER23ConfigurationParametersR14IServerContextPKcP14RxTargetDevice
2ER23ConfigurationParametersR14IServerContextPKcP14RxTargetDevice
L78TargetDeviceCore
xTargetDevice
ggerRxTargetDevice
1EP16CTargetEzonTraceP13CEventManagerP13ITargetDeviceR23ConfigurationParameters
2EP16CTargetEzonTraceP13CEventManagerP13ITargetDeviceR23ConfigurationParameters
MCDeviceEntryER23TargetDeviceListMCEntry
3loadAndCheckDeviceFilesEv
CpuCoreEP12TargetDevice
DspCoreEP12TargetDevice
1EP13ITargetDevice
2EP13ITargetDevice
19calculateNoOverflowEjiP15ARMTargetDevice
argetDeviceMC_CPU
1EP17RH850TargetDeviceP15ADMExecCommands
2EP17RH850TargetDeviceP15ADMExecCommands
6initialiseTargetDeviceCoreEv
1ER23ConfigurationParametersR14IServerContextPKcP17E2ARMTargetDeviceS5_
2ER23ConfigurationParametersR14IServerContextPKcP17E2ARMTargetDeviceS5_
2ARMTargetDeviceCore
1EP13ITargetDeviceP11JLinkARMDLL
2EP13ITargetDeviceP11JLinkARMDLL
1EP13ITargetDeviceR14IServerContext
2EP13ITargetDeviceR14IServerContext
loadAndCheckDeviceFilesEv
1ER23ConfigurationParametersR14IServerContextPKcP23RH850TargetDeviceMC_CPU
2ER23ConfigurationParametersR14IServerContextPKcP23RH850TargetDeviceMC_CPU
H850TargetDeviceCore
1EP13ITargetDevice
2EP13ITargetDevice
argetDeviceListEntry
RMR8TargetDeviceNoVFP
0createCoreEPKcS1_RP12TargetDevice
0createCoreEPKcS1_RP12TargetDevice
CpuCoreEP12TargetDevice
DspCoreEP12TargetDevice
1EP13ITargetDevicePN18RenesasElectronics9MicomTool15DebuggerLibrary15RenesasFirmWare11ARMFirmware15RfwARMInterfaceE
2EP13ITargetDevicePN18RenesasElectronics9MicomTool15DebuggerLibrary15RenesasFirmWare11ARMFirmware15RfwARMInterfaceE
1RxTargetDeviceMC_
7loadDeviceSupportEv
addDeviceListToManagerERNSt3__16vectorINS0_12basic_stringIcNS0_11char_traitsIcEENS0_9allocatorIcEEEENS5_IS7_EEEE
TargetDevice
9getDeviceEv
24printTrustZoneTargetInfoERKN21TrustZoneTargetDevice9DLM_STATEERKN18RenesasElectronics21RenesasTrustZoneDebug15RTZ_IDAU
1ER23ConfigurationParametersR14IServerContextPKcP24RCarE2TargetDeviceMC_CPUS5_
2ER23ConfigurationParametersR14IServerContextPKcP24RCarE2TargetDeviceMC_CPUS5_
32initialiseRCarE2TargetDeviceCoreEv
TargetDeviceCore
2getTraceLockEP13ITargetDevice
6releaseTraceLockEP13ITargetDevice
850TargetDeviceMCF1H
1ER23ConfigurationParametersR14IServerContextPKcP16RL78TargetDevicebb
2ER23ConfigurationParametersR14IServerContextPKcP16RL78TargetDevicebb
1ER23ConfigurationParametersR14IServerContextPKcP16RL78TargetDevice
2ER23ConfigurationParametersR14IServerContextPKcP16RL78TargetDevice
1ER23ConfigurationParametersR14IServerContextPKcP16RL78TargetDevice
2ER23ConfigurationParametersR14IServerContextPKcP16RL78TargetDevice
1ER23ConfigurationParametersR14IServerContextPKcP16RL78TargetDevice
2ER23ConfigurationParametersR14IServerContextPKcP16RL78TargetDevice
DspTargetDeviceFAA
TargetDeviceCoreS
A8x2SiPTZTargetDevice
xTargetDeviceMC_Type1
HelperCoreEP19T32TargetDeviceCore
createShaderCoreER23ConfigurationParametersR14IServerContextP17T32CoreParametersP18T32TargetDeviceCPURNSt3__112basic_str
T32DeviceEntryER24TargetDeviceListEntryT32
C2ER23ConfigurationParametersR14IServerContextP17T32CoreParametersP18T32TargetDeviceCPURNSt3__112basic_stringIcNS8_11cha
1EP13ITargetDevice
2EP13ITargetDevice
32TargetDevice_Shader
0createCoreEPKcS1_RP12TargetDevice
5isSynergyDeviceEv
1EP13ITargetDeviceR23ConfigurationParameters
2EP13ITargetDeviceR23ConfigurationParameters
RMTargetDeviceMC_BRAVO
DeviceNameEv
createCoreEPKcS1_RP12TargetDevice
MCDeviceEntryER23TargetDeviceListMCEntry
loadAndCheckDeviceFilesEv
isCpuCoreEP12TargetDevice
1EP13ITargetDeviceR23ConfigurationParameters
2EP13ITargetDeviceR23ConfigurationParameters
argetDeviceMC_CPU
1EP17RH850TargetDeviceP15ADMExecCommandsP17ExecCommandsRH850
2EP17RH850TargetDeviceP15ADMExecCommandsP17ExecCommandsRH850
9getDeviceEv
TargetDevice
1ER23ConfigurationParametersR14IServerContextPKcP23RH850TargetDeviceMC_CPU
2ER23ConfigurationParametersR14IServerContextPKcP23RH850TargetDeviceMC_CPU
1ER23ConfigurationParametersR14IServerContextPKcP23RH850TargetDeviceMC_CPU
2ER23ConfigurationParametersR14IServerContextPKcP23RH850TargetDeviceMC_CPU
0createCoreEPKcS1_RP21RH850TargetDeviceCore
3loadAndCheckDeviceFilesEv
C2ER23ConfigurationParametersR14IServerContextPKcS5_jP19TargetDeviceNonExec
H850TargetDevice
ISCVTargetDeviceCommon
setMCDetailsEntryERK30TargetDeviceListMCDetailsEntry
addCoresERNSt3__14listI32TargetDeviceListCoreDetailsEntryNS0_9allocatorIS2_EEEE
isMulticoreDeviceENSt3__112basic_stringIcNS0_11char_traitsIcEENS0_9allocatorIcEEEE
readMultiCoreDetailsER23TargetDeviceListMCEntryRKN5boost13property_tree11basic_ptreeINSt3__112basic_stringIcNS5_11char_t
DeviceList
1EP13ITargetDeviceP15ADMExecCommands
2EP13ITargetDeviceP15ADMExecCommands
CA55DeviceCheckENSt3__112basic_stringIcNS0_11char_traitsIcEENS0_9allocatorIcEEEE
getTZTargetDeviceEv
getRTZDeviceRegionsEv
selectTZTargetDeviceERKN18RenesasElectronics21RenesasTrustZoneDebug14RTZ_MCUTZ_TYPEE
ADevicePrefixCheckEv
EDevicePrefixCheckEv
DADevicePrefixCheckEv
TargetDeviceDetailsEv
RTZDeviceRegionsEv
AndGetIdauRegionsERKN21TrustZoneTargetDevice9DLM_STATEE
RA8SeriesTzTargetDeviceEv
getRTZEmuTypeFromDeviceNameEv
InitialiseTrustZoneDeviceTypeEv
40isDeviceRequiringSetPCOnResetPrefixCheckEv
C2ER23ConfigurationParametersR14IServerContextPKcS5_jP19TargetDeviceNonExec
R4TargetDeviceWithVFP
TargetDeviceCoreSight
2getTraceLockEP13ITargetDevice
6releaseTraceLockEP13ITargetDevice
CpuCoreEP12TargetDevice
DspCoreEP12TargetDevice
1EP13ITargetDevicePN18RenesasElectronics9MicomTool15DebuggerLibrary15RenesasFirmWare11ARMFirmware15RfwARMInterfaceE
2EP13ITargetDevicePN18RenesasElectronics9MicomTool15DebuggerLibrary15RenesasFirmWare11ARMFirmware15RfwARMInterfaceE
1RL78TargetDeviceMC_CPU
createRCarCoreEPKcS1_RP22RCarE2TargetDeviceCore
MCDeviceEntryER23TargetDeviceListMCEntry
loadDeviceSupportEv
parseMultiCoreNameE23TargetDeviceListMCEntry
addDeviceListToManagerERNSt3__16vectorINS0_12basic_stringIcNS0_11char_traitsIcEENS0_9allocatorIcEEEENS5_IS7_EEEES7_
checkSupportMultiDeviceSyncDebugEv
initialiseMulchDeviceSyncDebugSyncBoardEv
1EP13ITargetDeviceR23ConfigurationParameters
2EP13ITargetDeviceR23ConfigurationParameters
argetDeviceMC_CPU
1ER23ConfigurationParametersR14IServerContextPKcP14RxTargetDevice
2ER23ConfigurationParametersR14IServerContextPKcP14RxTargetDevice
DspTargetDeviceMTD_INP
0WakeUpCoreEP19T32TargetDeviceCore
3loadAndCheckDeviceFilesEv
1ER23ConfigurationParametersR14IServerContextP17T32CoreParametersP15T32TargetDeviceb
2ER23ConfigurationParametersR14IServerContextP17T32CoreParametersP15T32TargetDeviceb
 C2ER23ConfigurationParametersR14IServerContextP17T32CoreParametersP18T32TargetDeviceCPURNSt3__112basic_stringIcNS8_11ch
1EP15ADMExecCommandsP17ExecCommandsRH850P23RH850TargetDeviceMC_CPUR23ConfigurationParameters
 2EP15ADMExecCommandsP17ExecCommandsRH850P23RH850TargetDeviceMC_CPUR23ConfigurationParameters
 ustZoneDeviceListEntry
32TargetDevice_CORTEXR7
argetDevice
1EP23RH850TargetDeviceMC_CPUR14IServerContextR23ConfigurationParametersP15ADMExecCommands
 2EP23RH850TargetDeviceMC_CPUR14IServerContextR23ConfigurationParametersP15ADMExecCommands
1ER23ConfigurationParametersR14IServerContextPKcP15ARMTargetDevice
 2ER23ConfigurationParametersR14IServerContextPKcP15ARMTargetDevice
 RMTargetDeviceCoreM0Plus
11releaseLockEP13ITargetDevice
 7getLockEP13ITargetDevice
1EP13ITargetDeviceR23ConfigurationParameters
 2EP13ITargetDeviceR23ConfigurationParameters
1EP13CEventManagerP13ITargetDevice
 2EP13CEventManagerP13ITargetDevice
1ER23ConfigurationParametersR14IServerContextPKcP14RxTargetDevice
 2ER23ConfigurationParametersR14IServerContextPKcP14RxTargetDevice
1ER23ConfigurationParametersR14IServerContextPKcP14RxTargetDevice
 2ER23ConfigurationParametersR14IServerContextPKcP14RxTargetDevice
1ER23ConfigurationParametersR14IServerContextP17T32CoreParametersP15T32TargetDeviceb
 2ER23ConfigurationParametersR14IServerContextP17T32CoreParametersP15T32TargetDeviceb
10WakeUpCoreEP19T32TargetDeviceCore
1ER23ConfigurationParametersR14IServerContextP17T32CoreParametersP15T32TargetDeviceb
 2ER23ConfigurationParametersR14IServerContextP17T32CoreParametersP15T32TargetDeviceb
10WakeUpCoreEP19T32TargetDeviceCore
1ER23ConfigurationParametersR14IServerContextP17T32CoreParametersP15T32TargetDeviceb
 2ER23ConfigurationParametersR14IServerContextP17T32CoreParametersP15T32TargetDeviceb
10WakeUpCoreEP19T32TargetDeviceCore
1ER23ConfigurationParametersR14IServerContextP17T32CoreParametersP15T32TargetDeviceb
 2ER23ConfigurationParametersR14IServerContextP17T32CoreParametersP15T32TargetDeviceb
10WakeUpCoreEP19T32TargetDeviceCore
0WakeUpCoreEP19T32TargetDeviceCore
!3loadAndCheckDeviceFilesEv
1ER23ConfigurationParametersR14IServerContextP17T32CoreParametersP15T32TargetDeviceb
!2ER23ConfigurationParametersR14IServerContextP17T32CoreParametersP15T32TargetDeviceb
!readDevicesERKN5boost13property_tree11basic_ptreeINSt3__112basic_stringIcNS3_11char_traitsIcEENS3_9allocatorIcEEEES9_NS
1TargetDeviceListEntry
!3TargetDeviceListEntryRX
getDeviceEntryENSt3__112basic_stringIcNS0_11char_traitsIcEENS0_9allocatorIcEEEER2
!7createDeviceEntryENSt3__112basic_stringIcNS0_11char_traitsIcEENS0_9allocatorIcEEEES6_S6_R23TargetDeviceListEntryRX
!22readMultiCoreDetailsRXER23TargetDeviceListMCEntryRKN5boost13property_tree11basic_ptreeINSt3__112basic_stringIcNS5_11c
1ER23ConfigurationParametersR14IServerContextP17T32CoreParametersP18T32TargetDeviceCPURNSt3__112basic_stringIcNS8_11char
!2ER23ConfigurationParametersR14IServerContextP17T32CoreParametersP18T32TargetDeviceCPURNSt3__112basic_stringIcNS8_11cha
1ER23ConfigurationParametersR14IServerContextP17T32CoreParametersP18T32TargetDeviceCPURNSt3__112basic_stringIcNS8_11char
_traitsIcEENS8_9allocatorIcEEEEP24TargetDeviceShaderThreadb
!2ER23ConfigurationParametersR14IServerContextP17T32CoreParametersP18T32TargetDeviceCPURNSt3__112basic_stringIcNS8_11cha
r_traitsIcEENS8_9allocatorIcEEEEP24TargetDeviceShaderThreadb
1EP13ITargetDevice
!2EP13ITargetDevice
32TargetDevice_CORTEX
!argetDevice
 RxDspTargetDeviceMTD_
1ER23ConfigurationParametersR14IServerContexttP24IPassthroughTargetDevice
!2ER23ConfigurationParametersR14IServerContexttP24IPassthroughTargetDevice
0createCoreEPKcS1_RP12TargetDevice
1RL78TargetDeviceMC_SDMA1
!2RL78TargetDeviceMC_SDMA1
!26getPassthroughTargetDeviceEv
!rotectZoneDeviceListEntry
1ER23ConfigurationParametersR14IServerContexttP24IPassthroughTargetDevice
!2ER23ConfigurationParametersR14IServerContexttP24IPassthroughTargetDevice
PassthroughTargetDevice
!6addArmCoreExtensionDetailsERNSt3__14listI37TargetDeviceListCoreArmExtensionEntryNS0_9allocatorIS2_EEEE
!30initializeRiscVDeviceListEntryERK
!readDevicesERKN5boost13property_tree11basic_ptreeINSt3__112basic_stringIcNS3_11char_traitsIcEENS3_9allocatorIcEEEES9_NS
1TargetDeviceListEntry
!4TargetDeviceListEntryARM
getDeviceEntryENSt3__112basic_stringIcNS0_11char_traitsIcEENS0_9allocatorIcEEEER2
!7createDeviceEntryENSt3__112basic_stringIcNS0_11char_traitsIcEENS0_9allocatorIcEEEES6_bbbbbbbbS6_S6_R24TargetDeviceList
!20readMultiCoreDetailsER23TargetDeviceListMCEntryRKN5boost13property_tree11basic_ptreeINSt3__112basic_stringIcNS5_11cha
!readDevicesERKN5boost13property_tree11basic_ptreeINSt3__112basic_stringIcNS3_11char_traitsIcEENS3_9allocatorIcEEEES9_NS
1TargetDeviceListEntry
!4TargetDeviceListEntryT32
!getDeviceEntryENSt3__112basic_stringIcNS0_11char_traitsIcEENS0_9allocatorIcEEEER2
!7createDeviceEntryENSt3__112basic_stringIcNS0_11char_traitsIcEENS0_9allocatorIcEEEER24TargetDeviceListEntryT32
DeviceAttributesER24TargetDeviceListEntryT32RKN5boost13property_tree11basic_ptreeINSt3__112basic_stringIcNS5_11char_trai
!MultiCoreDetailsER23TargetDeviceListMCEntryRKN5boost13property_tree11basic_ptreeINSt3__112basic_stringIcNS5_11char_trai
argetDeviceList
ARMPassthroughTargetDevice
1ER23ConfigurationParametersR14IServerContextPKcP15ARMTargetDevice
"2ER23ConfigurationParametersR14IServerContextPKcP15ARMTargetDevice
1EP13ITargetDevice
"2EP13ITargetDevice
DspTargetDeviceGREEN_DSP
"readDevicesERKN5boost13property_tree11basic_ptreeINSt3__112basic_stringIcNS3_11char_traitsIcEENS3_9allocatorIcEEEES9_NS
1TargetDeviceListEntry
"5TargetDeviceListEntryRL78
getDeviceEntryENSt3__112basic_stringIcNS0_11char_traitsIcEENS0_9allocatorIcEEEER2
R25TargetDeviceListEntryRL78
"S6_R25TargetDeviceListEntryRL78
"7createDeviceEntryENSt3__112basic_stringIcNS0_11char_traitsIcEENS0_9allocatorIcEEEES6_S6_
"9readDeviceFilesInfoERKN5boost13property_tree11basic_ptreeINSt3__112basic_stringIcNS3_11char_traitsIcEENS3_9allocatorIc
DeviceList
1EP13ITargetDeviceR23ConfigurationParameters
"2EP13ITargetDeviceR23ConfigurationParameters
1ER23ConfigurationParametersR14IServerContextPKcP16RL78TargetDevicebb
"2ER23ConfigurationParametersR14IServerContextPKcP16RL78TargetDevicebb
"L78DspTargetDeviceGREEN_DSP
"readDevicesERKN5boost13property_tree11basic_ptreeINSt3__112basic_stringIcNS3_11char_traitsIcEENS3_9allocatorIcEEEES9_NS
1TargetDeviceListEntry
"6TargetDeviceListEntryE2ARM
getDeviceEntryENSt3__112basic_stringIcNS0_11char_traitsIcEENS0_9allocatorIcEEEER2
"7createDeviceEntryENSt3__112basic_stringIcNS0_11char_traitsIcEENS0_9allocatorIcEEEES6_S6_S6_bbbbbbR26TargetDeviceListEn
"8parseDeviceDetailsERKN5boost13property_tree11basic_ptreeINSt3__112basic_stringIcNS3_11char_traitsIcEENS3_9allocatorIcE
"7readArmCoreExtensionDetailsER26TargetDeviceListEntryE2ARMRKN5boost13property_tree11basic_ptreeINSt3__112basic_stringIc
"readDevicesERKN5boost13property_tree11basic_ptreeINSt3__112basic_stringIcNS3_11char_traitsIcEENS3_9allocatorIcEEEES9_NS
1TargetDeviceListEntry
"6TargetDeviceListEntryRISCV
getDeviceEntryENSt3__112basic_stringIcNS0_11char_traitsIcEENS0_9allocatorIcEEEER2
"8parseDeviceDetailsERKN5boost13property_tree11basic_ptreeINSt3__112basic_stringIcNS3_11char_traitsIcEENS3_9allocatorIcE
"21initializeDeviceEntryENSt3__112basic_stringIcNS0_11char_traitsIcEENS0_9allocatorIcEEEES6_S6_S6_S6_S6_R26TargetDeviceL
1EP17RH850TargetDeviceP15ADMExecCommands
#2EP17RH850TargetDeviceP15ADMExecCommands
argetDeviceListManager
1EP13ITargetDeviceR23ConfigurationParameters
#2EP13ITargetDeviceR23ConfigurationParameters
#haderPassthroughTargetDevice
1ER23ConfigurationParametersR14IServerContextP17T32CoreParametersP15T32TargetDeviceb
#2ER23ConfigurationParametersR14IServerContextP17T32CoreParametersP15T32TargetDeviceb
#readDevicesERKN5boost13property_tree11basic_ptreeINSt3__112basic_stringIcNS3_11char_traitsIcEENS3_9allocatorIcEEEES9_NS
1TargetDeviceListEntry
#7TargetDeviceListEntryRCarE2
getDeviceEntryENSt3__112basic_stringIcNS0_11char_traitsIcEENS0_9allocatorIcEEEER2
#7createDeviceEntryENSt3__112basic_stringIcNS0_11char_traitsIcEENS0_9allocatorIcEEEES6_S6_S6_R27TargetDeviceListEntryRCa
#8parseDeviceDetailsERKN5boost13property_tree11basic_ptreeINSt3__112basic_stringIcNS3_11char_traitsIcEENS3_9allocatorIcE
#24readRCarMultiCoreDetailsER23TargetDeviceListMCEntryRKN5boost13property_tree11basic_ptreeINSt3__112basic_stringIcNS5_1
32TargetDevice_CORTEXASeries
#argetDeviceListManagerRCarE2
#C2ER23ConfigurationParametersR14IServerContextPKcS5_jP19TargetDeviceNonExec
#RMTargetDeviceWithSemiHosting
1EP13ITargetDeviceR23ConfigurationParameters
#2EP13ITargetDeviceR23ConfigurationParameters
argetDeviceListMCDetailsEntry
1ER14IServerContextNSt3__112basic_stringIcNS2_11char_traitsIcEENS2_9allocatorIcEEEEtS8_P33RCarPassthroughTargetDeviceHol
#2ER14IServerContextNSt3__112basic_stringIcNS2_11char_traitsIcEENS2_9allocatorIcEEEEtS8_P33RCarPassthroughTargetDeviceHo
$TargetDeviceListCoreDetailsEntry
$setComponentEtP24IPassthroughTargetDevice
$loadDeviceSupportEv
$RCarPassthroughTargetDeviceHolder
$TargetDeviceListCoreArmExtensionEntry
P6T32DLLP17T32CoreConnectionNSt3__112basic_stringIcNS8_11char_traitsIcEENS8_9allocatorIcEEEER24TargetDeviceListEntryT32b
P6T32DLLP17T32CoreConnectionNSt3__112basic_stringIcNS8_11char_traitsIcEENS8_9allocatorIcEEEER24TargetDeviceListEntryT32b
1EP13ITargetDeviceR23ConfigurationParameters
$2EP13ITargetDeviceR23ConfigurationParameters
P6T32DLLP17T32CoreConnectionR24TargetDeviceListEntryT32RKNSt3__112basic_stringIcNS8_11char_traitsIcEENS8_9allocatorIcEEE
P6T32DLLP17T32CoreConnectionR24TargetDeviceListEntryT32RKNSt3__112basic_stringIcNS8_11char_traitsIcEENS8_9allocatorIcEEE
1EP13ITargetDevice
%2EP13ITargetDevice
0isRADeviceEv
%setTargetEP13ITargetDevice
1EP13ITargetDevicePN18RenesasElectronics9MicomTool15DebuggerLibrary15RenesasFirmWare11ARMFirmware15RfwARMInterfaceEthRKm
%2EP13ITargetDevicePN18RenesasElectronics9MicomTool15DebuggerLibrary15RenesasFirmWare11ARMFirmware15RfwARMInterfaceEthRK
%USBDevicesENSt3__112basic_stringIcNS0_11char_traitsIcEENS0_9allocatorIcEEEE
&xml_parser16xml_parser_errorEE9copy_fromEPKv
&RCarE2TargetDeviceMC_CPUEEPT_S3_
cNS4_11char_traitsIcEENS4_9allocatorIcEEEESA_NS4_4lessISA_EEEEcEEvPNS0_6detail8rapidxml8xml_nodeIT0_EERT_i
'wNS4_11char_traitsIwEENS4_9allocatorIwEEEESA_NS4_4lessISA_EEEEwEEvPNS0_6detail8rapidxml8xml_nodeIT0_EERT_i
0xmlcommentINSt3__112basic_stringI
'3read_xml_nodeINS0_11basic_ptreeINSt3__112basic_stringI
'7read_xml_internalINS0_11basic_ptreeINSt3__112basic_stringI
'8read_xmlINS0_11basic_ptreeINSt3__112basic_stringI
'xml_parser
072EEEPNS2_8xml_nodeIcEERPc
(136EEEPNS2_8xml_nodeIcEERPc
0EEEPNS2_8xml_nodeIcEERPc
(64EEEPNS2_8xml_nodeIcEERPc
072EEEPNS2_8xml_nodeIcEERPc
(136EEEPNS2_8xml_nodeIcEERPc
0EEEPNS2_8xml_nodeIcEERPc
(64EEEPNS2_8xml_nodeIcEERPc
072EEEPNS2_8xml_nodeIcEERPc
(136EEEPNS2_8xml_nodeIcEERPc
0EEEPNS2_8xml_nodeIcEERPc
(64EEEPNS2_8xml_nodeIcEERPc
072EEEPNS2_8xml_nodeIcEERPc
(136EEEPNS2_8xml_nodeIcEERPc
0EEEPNS2_8xml_nodeIcEERPc
(64EEEPNS2_8xml_nodeIcEERPc
072EEEPNS2_8xml_nodeIcEERPc
(136EEEPNS2_8xml_nodeIcEERPc
0EEEPNS2_8xml_nodeIcEERPc
(64EEEPNS2_8xml_nodeIcEERPc
072EEEvRPcPNS2_8xml_nodeIcEE
(136EEEvRPcPNS2_8xml_nodeIcEE
0EEEvRPcPNS2_8xml_nodeIcEE
(64EEEvRPcPNS2_8xml_nodeIcEE
072EEEcPNS2_8xml_nodeIcEERPcS9_
(136EEEcPNS2_8xml_nodeIcEERPcS9_
0EEEcPNS2_8xml_nodeIcEERPcS9_
(64EEEcPNS2_8xml_nodeIcEERPcS9_
072EEEvRPcPNS2_8xml_nodeIcEE
(136EEEvRPcPNS2_8xml_nodeIcEE
0EEEvRPcPNS2_8xml_nodeIcEE
(64EEEvRPcPNS2_8xml_nodeIcEE
072EEEPNS2_8xml_nodeIcEERPc
(136EEEPNS2_8xml_nodeIcEERPc
0EEEPNS2_8xml_nodeIcEERPc
(64EEEPNS2_8xml_nodeIcEERPc
(xml_declarationILi
072EEEPNS2_8xml_nodeIcEERPc
(136EEEPNS2_8xml_nodeIcEERPc
0EEEPNS2_8xml_nodeIcEERPc
(64EEEPNS2_8xml_nodeIcEERPc
072EEEPNS2_8xml_nodeIwEERPw
(136EEEPNS2_8xml_nodeIwEERPw
0EEEPNS2_8xml_nodeIwEERPw
(64EEEPNS2_8xml_nodeIwEERPw
072EEEPNS2_8xml_nodeIwEERPw
(136EEEPNS2_8xml_nodeIwEERPw
0EEEPNS2_8xml_nodeIwEERPw
(64EEEPNS2_8xml_nodeIwEERPw
072EEEPNS2_8xml_nodeIwEERPw
(136EEEPNS2_8xml_nodeIwEERPw
0EEEPNS2_8xml_nodeIwEERPw
(64EEEPNS2_8xml_nodeIwEERPw
072EEEPNS2_8xml_nodeIwEERPw
(136EEEPNS2_8xml_nodeIwEERPw
0EEEPNS2_8xml_nodeIwEERPw
(64EEEPNS2_8xml_nodeIwEERPw
072EEEPNS2_8xml_nodeIwEERPw
(136EEEPNS2_8xml_nodeIwEERPw
0EEEPNS2_8xml_nodeIwEERPw
(64EEEPNS2_8xml_nodeIwEERPw
072EEEvRPwPNS2_8xml_nodeIwEE
(136EEEvRPwPNS2_8xml_nodeIwEE
0EEEvRPwPNS2_8xml_nodeIwEE
(64EEEvRPwPNS2_8xml_nodeIwEE
072EEEwPNS2_8xml_nodeIwEERPwS9_
(136EEEwPNS2_8xml_nodeIwEERPwS9_
0EEEwPNS2_8xml_nodeIwEERPwS9_
(64EEEwPNS2_8xml_nodeIwEERPwS9_
072EEEvRPwPNS2_8xml_nodeIwEE
(136EEEvRPwPNS2_8xml_nodeIwEE
0EEEvRPwPNS2_8xml_nodeIwEE
(64EEEvRPwPNS2_8xml_nodeIwEE
072EEEPNS2_8xml_nodeIwEERPw
(136EEEPNS2_8xml_nodeIwEERPw
0EEEPNS2_8xml_nodeIwEERPw
(64EEEPNS2_8xml_nodeIwEERPw
(xml_declarationILi
072EEEPNS2_8xml_nodeIwEERPw
(136EEEPNS2_8xml_nodeIwEERPw
0EEEPNS2_8xml_nodeIwEERPw
(64EEEPNS2_8xml_nodeIwEERPw
(2xml_documentI
append_attributeEPNS2_13xml_attributeIcEE
append_attributeEPNS2_13xml_attributeIwEE
(8rapidxml
(RCarE2TargetDeviceMC_CPUFvNSt3__112basic_stringIcNS8_11char_traitsIcEENS8_9allocatorIcEEEENS8_6vectorI15tag_DISPLAYDATA
)xml_parser16xml_parser_errorEEEvRKT_RKNS_15source_locationE
)xml_parser16xml_parser_errorEEEEERKT_S9_RKNS_10error_infoINS_1
*RCarE2TargetDeviceMC_CPUEENS2_INSt3__112basic_stringIcNS6_11char_traitsIcEENS6_9allocatorIcEEEEEENS2_INS6_6vectorI15tag
*RCarE2TargetDeviceMC_CPUE3getEv
*RCarE2TargetDeviceMC_CPUFvNSt3__112basic_stringIcNS5_11char_traitsIcEENS5_9allocatorIcEEEENS5_6vectorI15tag_DISPLAYDATA
*RCarE2TargetDeviceMC_CPUFvNSt3__112basic_stringIcNS5_11char_traitsIcEENS5_9allocatorIcEEEENS5_6vectorI15tag_DISPLAYDATA
-RCarE2TargetDeviceMC_CPUFvNSt3__112basic_stringIcNS4_11char_traitsIcEENS4_9allocatorIcEEEENS4_6vectorI15tag_DISPLAYDATA
-RCarE2TargetDeviceMC_CPUNSt3__112basic_stringIcNS2_11char_traitsIcEENS2_9allocatorIcEEEENS2_6vectorI15tag_DISPLAYDATANS
-RCarE2TargetDeviceMC_CPUFvNSt3__112basic_stringIcNS9_11char_traitsIcEENS9_9allocatorIcEEEENS9_6vectorI15tag_DISPLAYDATA
-RCarE2TargetDeviceMC_CPUFvNSt3__112basic_stringIcNS9_11char_traitsIcEENS9_9allocatorIcEEEENS9_6vectorI15tag_DISPLAYDATA
.RCarE2TargetDeviceMC_CPUFvNSt3__112basic_stringIcNS8_11char_traitsIcEENS8_9allocatorIcEEEENS8_6vectorI15tag_DISPLAYDATA
.RCarE2TargetDeviceMC_CPUJNSt3__112basic_stringIcNS2_11char_traitsIcEENS2_9allocatorIcEEEENS2_6vectorI15tag_DISPLAYDATAN
.RCarE2TargetDeviceMC_CPUFvNSt3__112basic_stringIcNS7_11char_traitsIcEENS7_9allocatorIcEEEENS7_6vectorI15tag_DISPLAYDATA
.RCarE2TargetDeviceMC_CPUFvNSt3__112basic_stringIcNS6_11char_traitsIcEENS6_9allocatorIcEEEENS6_6vectorI15tag_DISPLAYDATA
Device13DeviceDetails11getDeviceIDEPKc
1EP17RH850TargetDeviceNSt3__112basic_stringIcNS2_11char_traitsIcEENS2_9allocatorIcEEEE
12EP17RH850TargetDeviceNSt3__112basic_stringIcNS2_11char_traitsIcEENS2_9allocatorIcEEEE
1EP13ITargetDeviceP11JLinkARMDLLtmbRKm
12EP13ITargetDeviceP11JLinkARMDLLtmbRKm
1C2EP13ITargetDevice
1C2EP13ITargetDeviceR14IServerContextR23ConfigurationParameters
1C2EyP13ITargetDevicePKc
1EP13ITargetDevice
12EP13ITargetDevice
2TZTargetDevice17getTzDeviceFamilyEv
1is_registers_from_xmlEv
2DeviceInformation10getMCUFileEv
2RA6B1TZTargetDevice17getTzDeviceFamilyEv
3TargetDeviceListEntryARM11getTzConfigEv
43xml_attributeI
46detail8rapidxml
5RCarE2TargetDeviceMC_CPUFvNSt3__112basic_stringIcNSB_11char_traitsIcEENSB_9allocatorIcEEEENSB_6vectorI15tag_DISPLAYDATA
5RCarE2TargetDeviceMC_CPUEERT_RNS0_5valueIS6_EE
5RCarE2TargetDeviceMC_CPUFvNSt3__112basic_stringIcNS3_11char_traitsIcEENS3_9allocatorIcEEEENS3_6vectorI15tag_DISPLAYDATA
64Create_thread_xml_recordERNSt3__118basic_stringstreamIcNS0_11char_traitsIcEENS0_9allocatorIcEEEEPK7ProcessPK16IOperati
65Create_threads_xml_recordERNSt3__118basic_stringstreamIcNS0_11char_traitsIcEENS0_9allocatorIcEEEEbPK16IOperatingSystem
1DeviceEntry7OFSAreaES6_S6_EENS_4pairIT_T1_EES8_T0_S9_
624TargetDeviceListEntryT327OFSAreaES6_S6_EENS_4pairIT_T1_EES8_T0_S9_
E2ARMTargetDevice11CacheMemoryEEES8_S8_EENS_4pairIT_T1_EESA_T0_SB_
69E2RISCVTargetDevice11CacheMemoryEEES8_S8_EENS_4pairIT_T1_EESA_T0_SB_
2TargetDeviceListCoreDetailsEntryNS_9allocatorIS1_EEE13__
77TargetDeviceListCoreArmExtensionEntryNS_9allocatorIS1_EEE13__
7TargetDeviceNS_9allocatorIS2_EEE13__
79T32TargetDeviceCoreNS_9allocatorIS2_EEE13__
2ARMTargetDeviceCoreNS_9allocatorIS2_EEE13__
87E2ARMTargetDevice11CacheMemoryES5_EPS3_Lb0EEEvT1_SA_T0_NS_15iterator_traitsISA_E15difference_typeEb
89E2RISCVTargetDevice11CacheMemoryES5_EPS3_Lb0EEEvT1_SA_T0_NS_15iterator_traitsISA_E15difference_typeEb
E2ARMTargetDevice1
CarE2TargetDevice13CacheRegisterEEEE
91DeviceEntry7OFSAreaEEEE
99E2RISCVTargetDevice1
2TargetDeviceListCoreDetailsEntryPvEEEEE
:7TargetDeviceListCoreArmExtensionEntryPvEEEEE
:TargetDevicePvEEEEE
:9T32TargetDeviceCorePvEEEEE
2ARMTargetDeviceCorePvEEEEE
3TargetDeviceListEntryRXEEPvEEEEE
;4TargetDeviceListEntry
;5TargetDeviceListEntryRL78EEPvEEEEE
;6TargetDeviceListEntry
;7TargetDeviceListEntryRCarE2EEPvEEEEE
22T32TargetDevice_Shader9opCodes_tEEEPvEEEEE
;tP24IPassthroughTargetDeviceEEPvEEEEE
924TargetDeviceListEntryT327OFSAreaEEEE
26TargetDeviceListEntryE2ARMEEE9__get_keyB8ne180100IKNS_4pairIKS7_S8_EELi0EEERSD_RT_
<26TargetDeviceListEntryE2ARMNS_4lessIS6_EENS4_INS_4pairIKS6_S7_EEEEE6insertB8ne180100INS_20__map_const_iteratorINS_21__
<jN22T32TargetDevice_Shader9opCodes_tENS_4lessIjEENS_9allocatorINS_4pairIKjS2_EEEEE7emplaceB8ne180100IJRjS2_EEENS6_INS_1
2TargetDeviceListCoreDetailsEntryNS_9allocatorIS1_EEE
=7TargetDeviceListCoreArmExtensionEntryNS_9allocatorIS1_EEE
3TargetDeviceListEntryRXEENS_19__map_value_compareIS7_S9_NS_4lessIS7_EELb1EEENS5_IS9_EEE
>4TargetDeviceListEntry
>5TargetDeviceListEntryRL78EENS_19__map_value_compareIS7_S9_NS_4lessIS7_EELb1EEENS5_IS9_EEE
>6TargetDeviceListEntry
>7TargetDeviceListEntryRCarE2EENS_19__map_value_compareIS7_S9_NS_4lessIS7_EELb1EEENS5_IS9_EEE
22T32TargetDevice_Shader9opCodes_tEEENS_19__map_value_compareIjS4_NS_4lessIjEELb1EEENS_9allocatorIS4_EEE
@tP24IPassthroughTargetDeviceEENS_19__map_value_compareItS4_NS_4lessItEELb1EEENS_9allocatorIS4_EEE
E2ARMTargetDevice1
CarE2TargetDevice13CacheRegisterENS_9allocatorIS2_EEE2
@1DeviceEntry7OFSAreaENS_9allocatorIS2_EEE
A9E2RISCVTargetDevice1
A24TargetDeviceListEntryT327OFSAreaENS_9allocatorIS2_EEE
E2ARMTargetDevice1
CarE2TargetDevice13CacheRegisterEE9constructB8ne180100IS2_J
B1DeviceEntry7OFSAreaEE9constructB8ne180100IS2_J
B9E2RISCVTargetDevice1
2TargetDeviceListCoreDetailsEntryPvEEE9constructB8ne180100IS2_J
B7TargetDeviceListCoreArmExtensionEntryPvEEE9constructB8ne180100IS2_J
BTargetDevicePvEEE9constructB8ne180100IS3_J
B9T32TargetDeviceCorePvEEE9constructB8ne180100IS3_JRKS3_EEEvPT_DpOT0_
2ARMTargetDeviceCorePvEEE9constructB8ne180100IS3_JRKS3_EEEvPT_DpOT0_
3TargetDeviceListEntryRXEEPvEEE9constructB8ne180100INS_4pairIKS7_S8_EEJRKNS_21piecewise_construct_tENS_5tupleIJRSF_EEENS
B4TargetDeviceListEntry
B5TargetDeviceListEntryRL78EEPvEEE9constructB8ne180100INS_4pairIKS7_S8_EEJRKNS_21piecewise_construct_tENS_5tupleIJRSF_EE
B6TargetDeviceListEntry
B7TargetDeviceListEntryRCarE2EEPvEEE9constructB8ne180100INS_4pairIKS7_S8_EEJRKNS_21piecewise_construct_tENS_5tupleIJRSF_
22T32TargetDevice_Shader9opCodes_tEEEPvEEE9constructB8ne180100INS_4pairIKjS4_EEJRjS4_EEEvPT_DpOT0_
CtP24IPassthroughTargetDeviceEEPvEEE9constructB8ne180100INS_4pairIKtS4_EEJRKNS_21piecewise_construct_tENS_5tupleIJRSB_EE
B24TargetDeviceListEntryT327OFSAreaEE9constructB8ne180100IS2_J
4E1RL78TargetDeviceMC_CPU
C6E1RL78TargetDeviceMC_SDMA1
C40_18E2RL78TargetDevice
1RL78TargetDeviceMC_SDMA10_24E1RL78TargetDeviceMC_CPU
C2RL78TargetDeviceMC_SDMA1
CargetDevice
ZTargetDevice
CTargetDevice
CZTargetDevice
CargetDevice64
CTargetDevice
32TargetDevice
CDspTargetDevice
CxTargetDevice
TargetDevice
1RxTargetDevice
CZRxTargetDevice
L78TargetDevice
2ARMTargetDevice
DspTargetDevice
A8TZTargetDevice
CH850TargetDevice
CDspTargetDevice
CL78TargetDevice
1RL78TargetDevice
CnewTZTargetDevice
CCarE2TargetDevice
CxTargetDeviceCore
TZTargetDevice
CTargetDeviceCPU
CTargetDeviceCore
CRISCVTargetDevice
6B1TZTargetDevice
C8x2TZTargetDevice
CL78DspTargetDevice
CX74MPZTargetDevice
CTargetDeviceCore
CargetDeviceNonExec
COtherTZTargetDevice
CL78TargetDeviceCore
CxTargetDevice
ggerRxTargetDevice
argetDeviceMC_CPU
H850TargetDeviceCore
CE2ARMTargetDeviceCore
RMR8TargetDeviceNoVFP
1RxTargetDeviceMC_
DTargetDevice
850TargetDeviceMCF1H
DspTargetDeviceFAA
DTargetDeviceCoreS
A8x2SiPTZTargetDevice
DCarE2TargetDeviceCore
DxTargetDeviceMC_Type1
32TargetDevice_Shader
DRMTargetDeviceMC_BRAVO
argetDeviceMC_CPU
TargetDevice
H850TargetDevice
DISCVTargetDeviceCommon
argetDeviceList
R4TargetDeviceWithVFP
DTargetDeviceCoreSight
1RL78TargetDeviceMC_CPU
argetDeviceMC_CPU
DspTargetDeviceMTD_INP
DustZoneDeviceListEntry
32TargetDevice_CORTEXR7
DargetDevice
DRMTargetDeviceCoreM0Plus
32TargetDevice_CORTEX
DargetDevice
DRxDspTargetDeviceMTD_
1RL78TargetDeviceMC_SDMA1
D2RL78TargetDeviceMC_SDMA1
DrotectZoneDeviceListEntry
PassthroughTargetDevice
argetDeviceList
ARMPassthroughTargetDevice
DspTargetDeviceGREEN_DSP
DeviceList
argetDeviceListManager
DRL78DspTargetDeviceGREEN_DSP
DhaderPassthroughTargetDevice
32TargetDevice_CORTEXASeries
DargetDeviceListManagerRCarE2
DRMTargetDeviceWithSemiHosting
DRCarPassthroughTargetDeviceHolder
DargetDevice
ZTargetDevice
ETargetDevice
EZTargetDevice
EargetDevice64
ETargetDevice
32TargetDevice
EDspTargetDevice
ExTargetDevice
TargetDevice
1RxTargetDevice
EZRxTargetDevice
L78TargetDevice
2ARMTargetDevice
DspTargetDevice
A8TZTargetDevice
EH850TargetDevice
EDspTargetDevice
EL78TargetDevice
1RL78TargetDevice
EnewTZTargetDevice
ECarE2TargetDevice
ExTargetDeviceCore
TZTargetDevice
ETargetDeviceCPU
ETargetDeviceCore
ERISCVTargetDevice
6B1TZTargetDevice
E8x2TZTargetDevice
EL78DspTargetDevice
EX74MPZTargetDevice
ETargetDeviceCore
EargetDeviceNonExec
EOtherTZTargetDevice
EL78TargetDeviceCore
ExTargetDevice
ggerRxTargetDevice
argetDeviceMC_CPU
H850TargetDeviceCore
EE2ARMTargetDeviceCore
RMR8TargetDeviceNoVFP
1RxTargetDeviceMC_
ETargetDevice
850TargetDeviceMCF1H
DspTargetDeviceFAA
ETargetDeviceCoreS
A8x2SiPTZTargetDevice
ECarE2TargetDeviceCore
ExTargetDeviceMC_Type1
32TargetDevice_Shader
ERMTargetDeviceMC_BRAVO
argetDeviceMC_CPU
TargetDevice
H850TargetDevice
EISCVTargetDeviceCommon
argetDeviceList
R4TargetDeviceWithVFP
ETargetDeviceCoreSight
1RL78TargetDeviceMC_CPU
argetDeviceMC_CPU
DspTargetDeviceMTD_INP
EustZoneDeviceListEntry
32TargetDevice_CORTEXR7
EargetDevice
ERMTargetDeviceCoreM0Plus
32TargetDevice_CORTEX
EargetDevice
ERxDspTargetDeviceMTD_
1RL78TargetDeviceMC_SDMA1
E2RL78TargetDeviceMC_SDMA1
ErotectZoneDeviceListEntry
PassthroughTargetDevice
argetDeviceList
ARMPassthroughTargetDevice
DspTargetDeviceGREEN_DSP
DeviceList
argetDeviceListManager
ERL78DspTargetDeviceGREEN_DSP
EhaderPassthroughTargetDevice
32TargetDevice_CORTEXASeries
EargetDeviceListManagerRCarE2
ERMTargetDeviceWithSemiHosting
FRCarPassthroughTargetDeviceHolder
1RL78TargetDeviceMC_SDMA1
F2RL78TargetDeviceMC_SDMA1
4E1RL78TargetDeviceMC_CPU
18E2RL78TargetDevice
FargetDevice
ZTargetDevice
FTargetDevice
FZTargetDevice
FargetDevice64
FTargetDevice
32TargetDevice
FDspTargetDevice
FxTargetDevice
TargetDevice
1RxTargetDevice
FZRxTargetDevice
L78TargetDevice
2ARMTargetDevice
DspTargetDevice
A8TZTargetDevice
FH850TargetDevice
FDspTargetDevice
FL78TargetDevice
1RL78TargetDevice
FnewTZTargetDevice
FCarE2TargetDevice
FxTargetDeviceCore
TZTargetDevice
FTargetDeviceCPU
FTargetDeviceCore
FRISCVTargetDevice
6B1TZTargetDevice
F8x2TZTargetDevice
FL78DspTargetDevice
FX74MPZTargetDevice
FTargetDeviceCore
FargetDeviceNonExec
FOtherTZTargetDevice
FL78TargetDeviceCore
FxTargetDevice
ggerRxTargetDevice
argetDeviceMC_CPU
H850TargetDeviceCore
FE2ARMTargetDeviceCore
RMR8TargetDeviceNoVFP
1RxTargetDeviceMC_
FTargetDevice
850TargetDeviceMCF1H
DspTargetDeviceFAA
FTargetDeviceCoreS
A8x2SiPTZTargetDevice
FCarE2TargetDeviceCore
FxTargetDeviceMC_Type1
32TargetDevice_Shader
FRMTargetDeviceMC_BRAVO
argetDeviceMC_CPU
TargetDevice
H850TargetDevice
GISCVTargetDeviceCommon
argetDeviceList
R4TargetDeviceWithVFP
GTargetDeviceCoreSight
1RL78TargetDeviceMC_CPU
argetDeviceMC_CPU
DspTargetDeviceMTD_INP
GustZoneDeviceListEntry
32TargetDevice_CORTEXR7
GargetDevice
GRMTargetDeviceCoreM0Plus
32TargetDevice_CORTEX
GargetDevice
GRxDspTargetDeviceMTD_
1RL78TargetDeviceMC_SDMA1
G2RL78TargetDeviceMC_SDMA1
GrotectZoneDeviceListEntry
PassthroughTargetDevice
argetDeviceList
ARMPassthroughTargetDevice
DspTargetDeviceGREEN_DSP
DeviceList
argetDeviceListManager
GRL78DspTargetDeviceGREEN_DSP
GhaderPassthroughTargetDevice
32TargetDevice_CORTEXASeries
GargetDeviceListManagerRCarE2
GRMTargetDeviceWithSemiHosting
GRCarPassthroughTargetDeviceHolder
4TargetDeviceListEntryARM
G6TargetDeviceListEntryE2ARM
1RH850TargetDeviceCore13setDTASettingEPKcS1_Rj
G3RH850TargetDeviceMC_CPU13setDTASettingEPKcS1_Rj
17RH850TargetDevice13setDTASettingEPKcS1_Rj
G60_N24RCarE2TargetDeviceMC_CPU13setETMSettingEPKcS1_S1_Rj
3TargetDeviceListEntryRX19getMonitorRegistersEv
G4TargetDeviceListEntryARMD
G6TargetDeviceListEntryE2ARM
G16_N18T32TargetDeviceCPU
G_N14TargetDevice64
208_N33RCarPassthroughTargetDeviceHolder
2TargetDevice
G4RxTargetDevice2
G6ExecTargetDevice22isSimulatedIOSupportedEv
G8RxTargetDeviceCore2
G9TargetDeviceNonExec
H22E1RxTargetDeviceMC_CPU2
H30ARMTargetDeviceWithSemiHosting
H2TargetDevice
4TrustZoneDeviceListEntryD
H5TargetDeviceShaderThread1
H6ProtectZoneDeviceListEntryD
H40_N26E2RL78TargetDeviceMC_SDMA1
8_N18E2RL78TargetDevice39isCurrentConsumptionMonitoringSupportedEv
H_N18E2RL78TargetDevice12deInitialiseEv
0_N18E2RL78TargetDevice31getCurrentConsumptionModuleNameEjRNSt3__112basic_stringIcNS0_11char_traitsIcEENS0_9allocatorIcE
H8_N18E2RL78TargetDevice31getCurrentConsumptionStatisticsERfS0_
0_N18E2RL78TargetDevice27getCurrentConsumptionResultEyyiRmRyPvm
H8_N18E2RL78TargetDevice21setCurrentMonitorModeE18CurrentMonitorMode
H16_N18E2RL78TargetDevice31monitorCurrentConsumptionEnableEb
H24_N18E2RL78TargetDevice21getCurrentConsumptionEjRyRNSt3__14listI9UIntFloatNS1_9allocatorIS3_EEEE
H32_N18E2RL78TargetDevice32getCurrentConsumptionModuleCountEv
H56_N18E2RL78TargetDevice31getCurrentConsumptionFrameCountEv
H64_N18E2RL78TargetDevice27clearCurrentConsumptionDataEv
H72_N18E2RL78TargetDevice41getCurrentConsumptionTimestampRangeByTypeE18TimestampRangeTypeRyS1_
H96_N18E2RL78TargetDevice21getCurrentMonitorModeER18CurrentMonitorMode
0_N18E2RL78TargetDevice23getMaxCountMonitorPointEv
H8_N18E2RL78TargetDevice15setMonitorPointEiy
0_N18E2RL78TargetDevice31finishCurrentMonitorMeasurementEv
H8_N18E2RL78TargetDevice19setTriggerConditionE20CurrentThresholdTypeyy21CurrentDetectionWidthyy17CurrentActionTypeh17Cur
H_N26E1RL78TargetDeviceMC_SDMA121configurationCompleteEv
04_N18E2RL78TargetDevice29setCurrentMonitorSamplingModeE26CurrentMonitorSamplingModej
H12_N18E2RL78TargetDevice29getCurrentMonitorSamplingModeER26CurrentMonitorSamplingModeRj
H36_N18E2RL78TargetDevice21getMonitorPointResultEyyiRmRyPvm
H44_N18E2RL78TargetDevice17clearMonitorPointEi
H52_N18E2RL78TargetDevice32prepareCurrentMonitorMeasurementEb
H76_N18E2RL78TargetDevice30setCurrentAcquisitionConditionE22CurrentAcquisitionTerm17CurrentSignalType22ExternalTriggerCh
H84_N18E2RL78TargetDevice26setExternalTriggerForBreakEi22TriggerInputDetectTypeitR20TriggerSettingStatus
0_N24E1RL78TargetDeviceMC_CPU22startDownloadOnConnectENSt3__14listINS0_12basic_stringIcNS0_11char_traitsIcEENS0_9allocat
H80_N18E2RL78TargetDevice19changeSupplyVoltageEhRNSt3__112basic_stringIwNS0_11char_traitsIwEENS0_9allocatorIwEEEE
1RL78TargetDeviceMC_SDMA1D
H2RL78TargetDeviceMC_SDMA1D
4E1RL78TargetDeviceMC_CPUD
18E2RL78TargetDeviceD
2_N26E1RL78TargetDeviceMC_SDMA15resetEPKc
H52_N18E2RL78TargetDevice19assignRegisterValueEjRNSt3__16vectorIjNS0_9allocatorIjEEEE
1RL78TargetDeviceMC_SDMA111isSupportedEPKcS1_
H2RL78TargetDeviceMC_SDMA111isSupportedEPKcS1_
18E2RL78TargetDevice11isSupportedEPKcS1_
H8_N18E2RL78TargetDevice27forceResetUpdateFromEclipseEv
08_N24E1RL78TargetDeviceMC_CPU8goTargetEv
H16_N24E1RL78TargetDeviceMC_CPU10stepTargetEj
H24_N24E1RL78TargetDeviceMC_CPU10stopTargetEv
H520_N24E1RL78TargetDeviceMC_CPU15isTargetStoppedEPKcRb
H776_N24E1RL78TargetDeviceMC_CPU26setSelectedCoreInTargetDLLEPKc
4E1RL78TargetDeviceMC_CPU5resetEv
H6E1RL78TargetDeviceMC_SDMA15resetEv
24_N18E2RL78TargetDevice27setPreRunPostBreakFunctionsEbjbj
H80_N18E2RL78TargetDevice18stopDownloadTargetEv
44_N24E1RL78TargetDeviceMC_CPU9getStatusEPKcRj
H68_N24E1RL78TargetDeviceMC_CPU9getStatusERj
4E1RL78TargetDeviceMC_CPU15startConnectionEv
H6E2RL78TargetDeviceMC_SDMA115startConnectionEv
18E2RL78TargetDevice15startConnectionEv
H8_N24E1RL78TargetDeviceMC_CPU33initialiseDebuggerSynchronisationEv
32_N26E1RL78TargetDeviceMC_SDMA110createCoreEPKcS1_RP12TargetDevice
52_N24E1RL78TargetDeviceMC_CPU5preGoEv
H92_N18E2RL78TargetDevice20updatePreRunFunctionEj
00_N18E2RL78TargetDevice23updatePostBreakFunctionEj
H48_N24E1RL78TargetDeviceMC_CPU15isTargetStoppedERb
28_N18E2RL78TargetDevice17createExecConnectEv
H60_N24E1RL78TargetDeviceMC_CPU15forceRelayBreakEPKc
008_N24E1RL78TargetDeviceMC_CPU11isMultiCoreEv
H896_N18E2RL78TargetDevice18createExecCommandsEv
H808_N18E2RL78TargetDevice37isSupportedForSessionisCurrentMonitorEv
H944_N24E1RL78TargetDeviceMC_CPU26getTargetMemoryRegionsListEPKcRNSt3__14listIN12GDBMemoryMap14GDBMemoryRangeENS2_9alloc
10xmlcommentINSt3__112basic_stringI
10xml_parser
H6detail8rapidxml8xml_baseI
HTargetDevices
Hreg_xml_gdb_11plus
_JLINKARM_RX_EMU_GetNumDevices
__Z14TestPreConnectP13ITargetDevice
__Z16sortByAddressAcsRKN17E2ARMTargetDevice11CacheMemoryES2_
__Z16sortByAddressAcsRKN18RCarE2TargetDevice11CacheMemoryES2_
__Z16sortByAddressAcsRKN19E2RISCVTargetDevice11CacheMemoryES2_
__Z29JLINKRX_COM_EMU_GetNumDevicesv
__ZGVZN5boost13property_tree10xml_parser10xmlcommentINSt3__112basic_stringIcNS3_11char_traitsIcEENS3_9allocatorIcEEEEEER
__ZGVZN5boost13property_tree10xml_parser10xmlcommentINSt3__112basic_stringIwNS3_11char_traitsIwEENS3_9allocatorIwEEEEEER
__ZGVZN5boost13property_tree10xml_parser7xmlattrINSt3__112basic_stringIcNS3_11char_traitsIcEENS3_9allocatorIcEEEEEERKT_v
__ZGVZN5boost13property_tree10xml_parser7xmlattrINSt3__112basic_stringIwNS3_11char_traitsIwEENS3_9allocatorIwEEEEEERKT_v
__ZGVZN5boost13property_tree10xml_parser7xmltextINSt3__112basic_stringIcNS3_11char_traitsIcEENS3_9allocatorIcEEEEEERKT_v
__ZGVZN5boost13property_tree10xml_parser7xmltextINSt3__112basic_stringIwNS3_11char_traitsIwEENS3_9allocatorIwEEEEEERKT_v
__ZN10BusMonitorC1EP13ITargetDeviceP19T32TargetDeviceCoreNSt3__112basic_stringIcNS4_11char_traitsIcEENS4_9allocatorIcEEE
ESA_R24TargetDeviceListEntryT32
__ZN10BusMonitorC2EP13ITargetDeviceP19T32TargetDeviceCoreNSt3__112basic_stringIcNS4_11char_traitsIcEENS4_9allocatorIcEEE
ESA_R24TargetDeviceListEntryT32
__ZN11ARMTraceGDBC1EP11JLinkARMDLLP13ITargetDevice
__ZN11ARMTraceGDBC2EP11JLinkARMDLLP13ITargetDevice
__ZN11AnalysisGDBC2EP13ITargetDevice
__ZN11DeviceEntry7OFSAreaaSERKS0_
__ZN11ExecConnectC2EP11IConfigDataR23ConfigurationParametersP16TargetPropertiesP12ExecCommandsP12TargetDeviceP14IMemoryM
__ZN11RL78ConnectC2EP10ConfigDataR23ConfigurationParametersP16TargetPropertiesP12ExecCommandsP12TargetDeviceP14IMemoryMa
__ZN11SemihostingC1EP13ITargetDevice
__ZN11SemihostingC2EP13ITargetDevice
__ZN11T32TraceGDBC1EP6T32DLLP13ITargetDeviceNSt3__112basic_stringIcNS4_11char_traitsIcEENS4_9allocatorIcEEEE
__ZN11T32TraceGDBC2EP6T32DLLP13ITargetDeviceNSt3__112basic_stringIcNS4_11char_traitsIcEENS4_9allocatorIcEEEE
__ZN11TraceColumn13GetColumnInfoEP16STraceColumnInfoN6Device8DeviceIDE
__ZN11TraceColumn13convertRecordEP16STraceRecordDataR8EXTRCDATN6Device8DeviceIDE
__ZN11TraceColumn13convertRecordEP16STraceRecordDataR9EXSNAPDATN6Device8DeviceIDE
__ZN11TraceColumn13convertRecordEP16STraceRecordDataR9EXTRCBLCKN6Device8DeviceIDE
__ZN11TraceColumn14getColumnCountEN6Device8DeviceIDE
__ZN11TraceColumn19createUnknownRecordEP16STraceRecordDataN6Device8DeviceIDE
__ZN11TraceColumn23createBreakReasonRecordEP16STraceRecordDataS1_N6Device8DeviceIDE
__ZN12ADMTargetFFWC1EP13ITargetDeviceR14IServerContextR23ConfigurationParametersP15CFncEzonMcuFileP17CFFWEzonInterface
__ZN12ADMTargetFFWC2EP13ITargetDeviceR14IServerContextR23ConfigurationParametersP15CFncEzonMcuFileP17CFFWEzonInterface
__ZN12ARMADMTargetC1EP13ITargetDeviceR14IServerContextR23ConfigurationParametersP11JLinkARMDLL
__ZN12ARMADMTargetC2EP13ITargetDeviceR14IServerContextR23ConfigurationParametersP11JLinkARMDLL
__ZN12CoreSightCTIC1EyP13ITargetDevicePKc
__ZN12CoreSightCTIC2EyP13ITargetDevicePKc
__ZN12T32ADMTargetC1EP13ITargetDeviceR14IServerContextR23ConfigurationParametersP6T32DLLNSt3__112basic_stringIcNS8_11cha
__ZN12T32ADMTargetC2EP13ITargetDeviceR14IServerContextR23ConfigurationParametersP6T32DLLNSt3__112basic_stringIcNS8_11cha
__ZN12TargetDevice10TargetLockEi
__ZN12TargetDevice10attachCoreEPKc
__ZN12TargetDevice10canStopAllEv
__ZN12TargetDevice10createCoreEPKcS1_RPS_
__ZN12TargetDevice10createRTOSEv
__ZN12TargetDevice10detachCoreEPKc
__ZN12TargetDevice10disconnectEv
__ZN12TargetDevice10enableRTOSEv
__ZN12TargetDevice10fileExistsENSt3__112basic_stringIcNS0_11char_traitsIcEENS0_9allocatorIcEEEE
__ZN12TargetDevice10getIOAreasERNSt3__16vectorI11MemoryRangeNS0_9allocatorIS2_EEEE
__ZN12TargetDevice10initialiseEv
__ZN12TargetDevice10isSyncModeEv
__ZN12TargetDevice10lockOutADMEv
__ZN12TargetDevice10readMemoryEPKcyjPhRy
__ZN12TargetDevice10readMemoryEPKcyjtPhb
__ZN12TargetDevice10readMemoryEyjPh
__ZN12TargetDevice10readMemoryEyjPhRy
__ZN12TargetDevice10readMemoryEyjtPhb
__ZN12TargetDevice10readMemoryEyjtPhbRy
__ZN12TargetDevice10setResumedEPKc
__ZN12TargetDevice10stepTargetEPKcj
__ZN12TargetDevice10stepTargetEj
__ZN12TargetDevice11createCoresEv
__ZN12TargetDevice11disableRTOSEv
__ZN12TargetDevice11getDeviceIDEv
__ZN12TargetDevice11getLanguageEv
__ZN12TargetDevice11goAllTargetEv
__ZN12TargetDevice11isAsyncModeEv
__ZN12TargetDevice11isSupportedEPKcS1_
__ZN12TargetDevice11printErrorsEv
__ZN12TargetDevice11printStatusEv
__ZN12TargetDevice11setArgumentEPKcS1_
__ZN12TargetDevice11startResumeEPKc
__ZN12TargetDevice11startResumeEPKcS1_
__ZN12TargetDevice11startResumeEv
__ZN12TargetDevice11writeMemoryEPKcyjPh
__ZN12TargetDevice11writeMemoryEPKcyjtPhb
__ZN12TargetDevice11writeMemoryEyjPh
__ZN12TargetDevice11writeMemoryEyjtPhb
__ZN12TargetDevice12TargetUnlockEv
__ZN12TargetDevice12addProcessesEPKc
__ZN12TargetDevice12deInitialiseEv
__ZN12TargetDevice12finishResumeEPKc
__ZN12TargetDevice12finishResumeEPKcS1_
__ZN12TargetDevice12finishResumeEv
__ZN12TargetDevice12getADMTargetEv
__ZN12TargetDevice12getProcessesERNSt3__14listINS0_12basic_stringIcNS0_11char_traitsIcEENS0_9allocatorIcEEEENS5_IS7_EEEE
__ZN12TargetDevice12getRegistersEPKcRNSt3__112basic_stringIcNS2_11char_traitsIcEENS2_9allocatorIcEEEE
__ZN12TargetDevice12getRegistersERNSt3__112basic_stringIcNS0_11char_traitsIcEENS0_9allocatorIcEEEE
__ZN12TargetDevice12isAllStoppedERb
__ZN12TargetDevice12stopDownloadEv
__ZN12TargetDevice13ErrorSecurityEPKc
__ZN12TargetDevice13SetLastError1Ei
__ZN12TargetDevice13SetLastError2E13eMESSAGE_TYPE15eOPERATION_TYPEPKwz
__ZN12TargetDevice13SetLastError3E13eMESSAGE_TYPE15eOPERATION_TYPEiPKwz
__ZN12TargetDevice13canRefreshAllEv
__ZN12TargetDevice13clearNotifiesEv
__ZN12TargetDevice13discardErrorsE
__ZN12TargetDevice13displayBannerEv
__ZN12TargetDevice13errorMessagesE
__ZN12TargetDevice13getHaltReasonEPKcRyRiR11STOP_REASON
__ZN12TargetDevice13getHaltReasonERyRiR11STOP_REASON
__ZN12TargetDevice13getNextSymbolEPKcS1_bjRNSt3__112basic_stringIcNS2_11char_traitsIcEENS2_9allocatorIcEEEE
__ZN12TargetDevice13getNextSymbolEPKcbjRNSt3__112basic_stringIcNS2_11char_traitsIcEENS2_9allocatorIcEEEE
__ZN12TargetDevice13isCoreRunningEPKc
__ZN12TargetDevice13notifyStoppedEPKcRbRyRiR11STOP_REASON
__ZN12TargetDevice13preInitialiseEv
__ZN12TargetDevice13printSettingsEv
__ZN12TargetDevice13startDownloadENSt3__14listINS0_12basic_stringIcNS0_11char_traitsIcEENS0_9allocatorIcEEEENS5_IS7_EEEE
__ZN12TargetDevice13stopAllTargetEv
__ZN12TargetDevice14TestPreConnectEv
__ZN12TargetDevice14addChildThreadEP13ITargetThread
__ZN12TargetDevice14addResumedCoreEPKc
__ZN12TargetDevice14addResumedCoreEPKcS1_
__ZN12TargetDevice14addRunningCoreEPKc
__ZN12TargetDevice14addRunningCoreEPKcS1_
__ZN12TargetDevice14clearLastErrorEv
__ZN12TargetDevice14detachAllCoresEv
__ZN12TargetDevice14getCoreManagerEv
__ZN12TargetDevice14getCoreRunningERNSt3__14listINS0_12basic_stringIcNS0_11char_traitsIcEENS0_9allocatorIcEEEENS5_IS7_EE
__ZN12TargetDevice14getDownloadingEv
__ZN12TargetDevice14getErrorFolderEv
__ZN12TargetDevice14getFirstSymbolEPKcRNSt3__112basic_stringIcNS2_11char_traitsIcEENS2_9allocatorIcEEEE
__ZN12TargetDevice14getFirstSymbolERNSt3__112basic_stringIcNS0_11char_traitsIcEENS0_9allocatorIcEEEE
__ZN12TargetDevice14getJumpAddressEjRj
__ZN12TargetDevice14getSupportTypeEv
__ZN12TargetDevice14getSymbolValueEPKcRj
__ZN12TargetDevice14getSyncedCoresERNSt3__14listINS0_12basic_stringIcNS0_11char_traitsIcEENS0_9allocatorIcEEEENS5_IS7_EE
__ZN12TargetDevice14goStepCoreNameE
__ZN12TargetDevice14preInitialise2Ev
__ZN12TargetDevice14resumeNotifiedEPKc
__ZN12TargetDevice14resumeNotifiedEv
__ZN12TargetDevice14setCoreRunningEPKc
__ZN12TargetDevice14setCoreRunningEPKcb
__ZN12TargetDevice14setDownloadingEv
__ZN12TargetDevice15ErrorConnectionEv
__ZN12TargetDevice15ErrorCpuVoltageEv
__ZN12TargetDevice15Get_halt_reasonER11Halt_reasonbj
__ZN12TargetDevice15Get_status_fastERj
__ZN12TargetDevice15SetProgressInfoEPKwz
__ZN12TargetDevice15TestPostConnectEv
__ZN12TargetDevice15addCLBreakpointEPKcj
__ZN12TargetDevice15addCLBreakpointEj
__ZN12TargetDevice15addErrorMessageE11ErrorTarget
__ZN12TargetDevice15getChildThreadsERNSt3__14listINS0_12basic_stringIcNS0_11char_traitsIcEENS0_9allocatorIcEEEENS5_IS7_E
__ZN12TargetDevice15getCoreTargetIdEPKc
__ZN12TargetDevice15getCoreTargetIdEv
__ZN12TargetDevice15getCoresResumedEtRNSt3__14listINS0_12basic_stringIcNS0_11char_traitsIcEENS0_9allocatorIcEEEENS5_IS7_
__ZN12TargetDevice15getCoresRunningERNSt3__14listINS0_12basic_stringIcNS0_11char_traitsIcEENS0_9allocatorIcEEEENS5_IS7_E
__ZN12TargetDevice15getDebuggerNameEN6Device8DeviceIDE
__ZN12TargetDevice15getHookStopFuncERj
__ZN12TargetDevice15getParentThreadEv
__ZN12TargetDevice15getRunningCoresERNSt3__14listINS0_12basic_stringIcNS0_11char_traitsIcEENS0_9allocatorIcEEEENS5_IS7_E
__ZN12TargetDevice15getTargetDeviceEPKcS1_
__ZN12TargetDevice15getXMLFileListsENSt3__112basic_stringIcNS0_11char_traitsIcEENS0_9allocatorIcEEEERNS0_6vectorIS6_NS4_
__ZN12TargetDevice15isBreakpointHitEPKcRb
__ZN12TargetDevice15isInactiveStateERKj
__ZN12TargetDevice15isStepImmediateEPKc
__ZN12TargetDevice15isStepImmediateEv
__ZN12TargetDevice15isTargetStoppedEPKcRb
__ZN12TargetDevice15isTargetStoppedERb
__ZN12TargetDevice15lastErrorMarkerE
__ZN12TargetDevice15printAttributesEv
__ZN12TargetDevice15printCoreStatusEv
__ZN12TargetDevice15readDebugMemoryEyRj
__ZN12TargetDevice15refreshAllCoresEv
__ZN12TargetDevice15removeGDBThreadER12MulticoreGDBNSt3__112basic_stringIcNS2_11char_traitsIcEENS2_9allocatorIcEEEE
__ZN12TargetDevice15setDisconnectedEv
__ZN12TargetDevice15setMonitorPointEiy
__ZN12TargetDevice15suspendNotifiedEPKc
__ZN12TargetDevice15suspendNotifiedEv
__ZN12TargetDevice16CreateADMSupportEv
__ZN12TargetDevice16clearCoreRunningEPKc
__ZN12TargetDevice16corruptGDBThreadER12MulticoreGDBNSt3__112basic_stringIcNS2_11char_traitsIcEENS2_9allocatorIcEEEE
__ZN12TargetDevice16getHookStartFuncERj
__ZN12TargetDevice16getMCDeviceEntryER23TargetDeviceListMCEntry
__ZN12TargetDevice16getNotifyResumedEPKc
__ZN12TargetDevice16getNotifyResumedEv
__ZN12TargetDevice16getNotifyStoppedEPKc
__ZN12TargetDevice16getNotifyStoppedEv
__ZN12TargetDevice16getRegisterValueEPKcjRNSt3__16vectorIhNS2_9allocatorIhEEEEb
__ZN12TargetDevice16getRegisterValueEjRNSt3__16vectorIhNS0_9allocatorIhEEEEb
__ZN12TargetDevice16getSemihostingIDEv
__ZN12TargetDevice16getStoppedSignalEPKc
__ZN12TargetDevice16getStoppedSignalEv
__ZN12TargetDevice16goTargetInternalEPKc
__ZN12TargetDevice16initialiseThreadEv
__ZN12TargetDevice16isTraceSupportedEv
__ZN12TargetDevice16loadArgumentFileEPKc
__ZN12TargetDevice16printBreakpointsEv
__ZN12TargetDevice16setCoreAttributeEPKcS1_S1_
__ZN12TargetDevice16setDiscardErrorsEb
__ZN12TargetDevice16setEnableRefreshEv
__ZN12TargetDevice16syncResumedItemsE
__ZN12TargetDevice16writeDebugMemoryEyj
__ZN12TargetDevice17CheckCPUSelectionEv
__ZN12TargetDevice17clearCoresRunningERNSt3__14listINS0_12basic_stringIcNS0_11char_traitsIcEENS0_9allocatorIcEEEENS5_IS7
__ZN12TargetDevice17clearMonitorPointEi
__ZN12TargetDevice17getValidADMTargetEv
__ZN12TargetDevice17handleDownloadEndEv
__ZN12TargetDevice17isBigEndianTargetEv
__ZN12TargetDevice17isInInterruptModeEPKc
__ZN12TargetDevice17isInInterruptModeEv
__ZN12TargetDevice17isTargetConnectedERNSt3__112basic_stringIcNS0_11char_traitsIcEENS0_9allocatorIcEEEE
__ZN12TargetDevice17isTargetConnectedEv
__ZN12TargetDevice17setExecutableFileEPKcS1_
__ZN12TargetDevice17setNotDownloadingEv
__ZN12TargetDevice17simulatedIOEnableEv
__ZN12TargetDevice18allowTargetRunTimeEv
__ZN12TargetDevice18canAccessTraceDataEv
__ZN12TargetDevice18createHelperOjectsEv
__ZN12TargetDevice18deleteHWBreakpointEj
__ZN12TargetDevice18getAllCoresRunningERNSt3__14listINS0_12basic_stringIcNS0_11char_traitsIcEENS0_9allocatorIcEEEENS5_IS
__ZN12TargetDevice18getCoresNotRunningERNSt3__14listINS0_12basic_stringIcNS0_11char_traitsIcEENS0_9allocatorIcEEEENS5_IS
__ZN12TargetDevice18getExtraThreadInfoEPKc
__ZN12TargetDevice18getExtraThreadInfoEv
__ZN12TargetDevice18getLastErrorStringERNSt3__112basic_stringIwNS0_11char_traitsIwEENS0_9allocatorIwEEEERNS0_6vectorIS6_
__ZN12TargetDevice18getMulticoreTargetEPKcS1_
__ZN12TargetDevice18getSimulatedIOPipeEv
__ZN12TargetDevice18getStatusBarStringERNSt3__112basic_stringIcNS0_11char_traitsIcEENS0_9allocatorIcEEEE
__ZN12TargetDevice18getTargetInterfaceEv
__ZN12TargetDevice18handleResetCommandEv
__ZN12TargetDevice18isDownloadCompleteEv
__ZN12TargetDevice18readMemorySegmentsEyjPhRy
__ZN12TargetDevice18removeCLBreakpointEPKcj
__ZN12TargetDevice18removeCLBreakpointEj
__ZN12TargetDevice18resumeAcknowledgedEPKc
__ZN12TargetDevice18setSimulatedIOPipeE11eSIMIO_PIPE
__ZN12TargetDevice18setTargetInterfaceEPv
__ZN12TargetDevice18simulatedIODisableEv
__ZN12TargetDevice18stepTargetInternalEPKcj
__ZN12TargetDevice18stopTargetInternalEPKc
__ZN12TargetDevice18updateCoresRunningEv
__ZN12TargetDevice19ErrorSlowMemoryReadEv
__ZN12TargetDevice19GetLastErrorDetailsERNSt3__16vectorINS0_12basic_stringIwNS0_11char_traitsIwEENS0_9allocatorIwEEEENS5
__ZN12TargetDevice19addAlternateAddressEyy
__ZN12TargetDevice19assignRegisterValueEPKcjRNSt3__16vectorIjNS2_9allocatorIjEEEE
__ZN12TargetDevice19assignRegisterValueEjRNSt3__16vectorIjNS0_9allocatorIjEEEE
__ZN12TargetDevice19changeSupplyVoltageEhRNSt3__112basic_stringIwNS0_11char_traitsIwEENS0_9allocatorIwEEEE
__ZN12TargetDevice19corruptChildThreadsER12MulticoreGDBPKc
__ZN12TargetDevice19displayProgressInfoEPKw
__ZN12TargetDevice19getADMInterfaceLockEi
__ZN12TargetDevice19getDeviceCoreFamilyEPKc
__ZN12TargetDevice19getDeviceListFolderEv
__ZN12TargetDevice19getPcAfterResetFuncERj
__ZN12TargetDevice19handleDownloadStartEv
__ZN12TargetDevice19isCoreTypeSupportedEPKc
__ZN12TargetDevice19isFirstStopNotifiedEPKc
__ZN12TargetDevice19isSWBreakPointAddedEy
__ZN12TargetDevice19postADMCreatedTasksEv
__ZN12TargetDevice19setClusterAttributeEPKcS1_S1_
__ZN12TargetDevice19setDownloadCompleteEb
__ZN12TargetDevice19setTriggerConditionE20CurrentThresholdTypeyy21CurrentDetectionWidthyy17CurrentActionTypeh17CurrentSi
__ZN12TargetDevice20TargetFailureReport0EPKcPKwj
__ZN12TargetDevice20canAccessProfileDataEv
__ZN12TargetDevice20canSetSoftBreakpointEPKcj
__ZN12TargetDevice20canSetSoftBreakpointEj
__ZN12TargetDevice20clearProtectedMemoryEv
__ZN12TargetDevice20getCLBreakpointCountEPKc
__ZN12TargetDevice20getCLBreakpointCountEv
__ZN12TargetDevice20getCLBreakpointIndexEPKcj
__ZN12TargetDevice20getCLBreakpointIndexEj
__ZN12TargetDevice20getCurrentOSThreadIDEv
__ZN12TargetDevice20getSemihostingIDSizeEv
__ZN12TargetDevice20goAllTargetTestSMDA1Ev
__ZN12TargetDevice20handleLaunchCompleteEv
__ZN12TargetDevice20handleMonitorCommandEPKcS1_RNSt3__112basic_stringIwNS2_11char_traitsIwEENS2_9allocatorIwEEEERNS3_IcN
__ZN12TargetDevice20initialiseSymbolListEv
__ZN12TargetDevice20isDownloadInProgressEv
__ZN12TargetDevice20isFaultStatusSupportEPKc
__ZN12TargetDevice20registerThreadObjectEv
__ZN12TargetDevice20setCoreTypeSupportedENSt3__14listINS0_12basic_stringIcNS0_11char_traitsIcEENS0_9allocatorIcEEEENS5_I
__ZN12TargetDevice20setFirstStopNotifiedEPKc
__ZN12TargetDevice20updatePreRunFunctionEj
__ZN12TargetDevice21AddIOAccessParametersEyyt10ACCESSTYPE
__ZN12TargetDevice21addHardwareBreakpointEPKcj
__ZN12TargetDevice21addHardwareBreakpointEPKcjj
__ZN12TargetDevice21addHardwareBreakpointEj
__ZN12TargetDevice21addHardwareBreakpointEjj
__ZN12TargetDevice21addHardwareWatchpointEPKcjj
__ZN12TargetDevice21addHardwareWatchpointEjj
__ZN12TargetDevice21addSoftwareBreakpointEPKcjj
__ZN12TargetDevice21addSoftwareBreakpointEjj
__ZN12TargetDevice21canAccessCoverageDataEv
__ZN12TargetDevice21getAllCoresNotRunningERNSt3__14listINS0_12basic_stringIcNS0_11char_traitsIcEENS0_9allocatorIcEEEENS5
__ZN12TargetDevice21getCurrentConsumptionEjRyRNSt3__14listI9UIntFloatNS1_9allocatorIS3_EEEE
__ZN12TargetDevice21getCurrentMonitorModeER18CurrentMonitorMode
__ZN12TargetDevice21getMonitorPointResultEyyiRmRyPvm
__ZN12TargetDevice21getRegistersForThreadENSt3__112basic_stringIcNS0_11char_traitsIcEENS0_9allocatorIcEEEERS6_
__ZN12TargetDevice21handleSkipStepCommandEv
__ZN12TargetDevice21initialiseCoreDetailsEv
__ZN12TargetDevice21isDisconnectSupportedEv
__ZN12TargetDevice21isReadyToGetStatusBarEv
__ZN12TargetDevice21registerThreadWithGDBER12MulticoreGDB
__ZN12TargetDevice21removeAllCLBreakpointEPKc
__ZN12TargetDevice21removeAllCLBreakpointEv
__ZN12TargetDevice21setCurrentMonitorModeE18CurrentMonitorMode
__ZN12TargetDevice22ProcessUserErrorStringE11ErrorTargetRNSt3__112basic_stringIwNS1_11char_traitsIwEENS1_9allocatorIwEEE
__ZN12TargetDevice22SetAdditionalErrorInfoEPKwz
__ZN12TargetDevice22enableExecuteOnConnectEv
__ZN12TargetDevice22enableSynchronousBreakENSt3__14listINS0_12basic_stringIcNS0_11char_traitsIcEENS0_9allocatorIcEEEENS5
__ZN12TargetDevice22getAdditionalErrorInfoERNSt3__16vectorINS0_12basic_stringIwNS0_11char_traitsIwEENS0_9allocatorIwEEEE
__ZN12TargetDevice22getEnableThreadRefreshEv
__ZN12TargetDevice22getSecureVectorAddressERj
__ZN12TargetDevice22getSkipStepInstructionEv
__ZN12TargetDevice22handleSetIOAccessWidthEPKc
__ZN12TargetDevice22isAcrossMemoryBoundaryEyjRNSt3__16vectorI11MemoryRangeNS0_9allocatorIS2_EEEE
__ZN12TargetDevice22isEventpointsSupportedEPKc
__ZN12TargetDevice22isEventpointsSupportedEv
__ZN12TargetDevice22isSimulatedIOSupportedEv
__ZN12TargetDevice22operatingSystemRunningEv
__ZN12TargetDevice22printResumeNotifyStateEv
__ZN12TargetDevice22setEnableThreadRefreshEb
__ZN12TargetDevice22simulatedIOClearBufferEv
__ZN12TargetDevice22waitConnectionCompleteEv
__ZN12TargetDevice23disableSynchronousBreakENSt3__14listINS0_12basic_stringIcNS0_11char_traitsIcEENS0_9allocatorIcEEEENS
__ZN12TargetDevice23gDBActionToWarningCountE
__ZN12TargetDevice23getMaxCountMonitorPointEv
__ZN12TargetDevice23getReadMemoryInSegmentsERj
__ZN12TargetDevice23handleIsTargetConnectedEv
__ZN12TargetDevice23hookProcedureForTpacketEv
__ZN12TargetDevice23initialiseDebugFeaturesEv
__ZN12TargetDevice23isCoreRunningUnnotifiedEPKc
__ZN12TargetDevice23loadAndCheckDeviceFilesEv
__ZN12TargetDevice23printSuspendNotifyStateEv
__ZN12TargetDevice23releaseADMInterfaceLockEv
__ZN12TargetDevice23setDownloadingOnConnectEv
__ZN12TargetDevice23setNotifySuspendedStateEPKcb
__ZN12TargetDevice23setNotifySuspendedStateEb
__ZN12TargetDevice23simulatedIOSetInputDataEjPh
__ZN12TargetDevice23updatePostBreakFunctionEj
__ZN12TargetDevice24ErrorDeviceMCUFileAccessEv
__ZN12TargetDevice24ProgressDownloadFinishedEv
__ZN12TargetDevice24ProgressDownloadStartingEv
__ZN12TargetDevice24ProgressFirmwareUpToDateEPKc
__ZN12TargetDevice24ProgressUpdatingFirmwareEPKcS1_
__ZN12TargetDevice24addProtectedMemoryWritesEyjh
__ZN12TargetDevice24assignFirstRegisterValueEy
__ZN12TargetDevice24canAccessPerformanceDataEv
__ZN12TargetDevice24clearResumedStateOneTimeEPKc
__ZN12TargetDevice24clearResumedStateOneTimeEv
__ZN12TargetDevice24deleteHardwareBreakpointEPKcj
__ZN12TargetDevice24deleteHardwareBreakpointEj
__ZN12TargetDevice24deleteHardwareWatchpointEPKcj
__ZN12TargetDevice24deleteHardwareWatchpointEj
__ZN12TargetDevice24deleteSoftwareBreakpointEPKcjj
__ZN12TargetDevice24deleteSoftwareBreakpointEjj
__ZN12TargetDevice24getMonitorCommandsObjectEv
__ZN12TargetDevice24getRegisterXMLDefinitionEPKc
__ZN12TargetDevice24getRegisterXMLDefinitionEv
__ZN12TargetDevice24getResumeAllExecutedCoreERNSt3__112basic_stringIcNS0_11char_traitsIcEENS0_9allocatorIcEEEE
__ZN12TargetDevice24initialiseGDBCoreDetailsERKNSt3__112basic_stringIcNS0_11char_traitsIcEENS0_9allocatorIcEEEER12Multic
__ZN12TargetDevice24isRangeSteppingSupportedEv
__ZN12TargetDevice24setRegisterXMLDefinitionENSt3__112basic_stringIcNS0_11char_traitsIcEENS0_9allocatorIcEEEE
__ZN12TargetDevice24simulatedIOGetOutputDataEjPhRj
__ZN12TargetDevice25ErrorReservedMemoryAccessEy
__ZN12TargetDevice25GetSecureAccessForAddressEj
__ZN12TargetDevice25GetSecureDevelopmentStateEv
__ZN12TargetDevice25doesHaveHardFaultRegisterEPKc
__ZN12TargetDevice25getAllowedTargetRunTimeMSEv
__ZN12TargetDevice25getCoresRunningUnnotifiedERNSt3__14listINS0_12basic_stringIcNS0_11char_traitsIcEENS0_9allocatorIcEEE
__ZN12TargetDevice25getFaultRegisterBitFieldsEPKcS1_RNSt3__112basic_stringIcNS2_11char_traitsIcEENS2_9allocatorIcEEEE
__ZN12TargetDevice25getHWBreakpointsAvailableEPKc
__ZN12TargetDevice25getHWBreakpointsAvailableEv
__ZN12TargetDevice25getNonSecureVectorAddressERj
__ZN12TargetDevice25getSWBreakpointsAvailableEPKc
__ZN12TargetDevice25getSWBreakpointsAvailableEv
__ZN12TargetDevice25goAllTargetTestSingleCoreEv
__ZN12TargetDevice25handleGetMaxTargetAddressEv
__ZN12TargetDevice25handleSkipContinueCommandEv
__ZN12TargetDevice25isThreadRegisteredWithGDBEv
__ZN12TargetDevice25monitorCommandErrorReportEv
__ZN12TargetDevice25updateSecureVectorAddressEj
__ZN12TargetDevice26ExternalPowerConnectedAlsoEv
__ZN12TargetDevice26ProgressConnectionFinishedEv
__ZN12TargetDevice26ProgressConnectionStartingEv
__ZN12TargetDevice26canSubstituteSWBreakpointsEPKc
__ZN12TargetDevice26canSubstituteSWBreakpointsEv
__ZN12TargetDevice26getConfigurationParametersEv
__ZN12TargetDevice26getGDBThreadInfoForProcessERKNSt3__112basic_stringIcNS0_11char_traitsIcEENS0_9allocatorIcEEEEPKcRS6_
__ZN12TargetDevice26getGDBThreadInfoForProcessERKNSt3__112basic_stringIcNS0_11char_traitsIcEENS0_9allocatorIcEEEEiRS6_S9
__ZN12TargetDevice26getPathFromServerDirectoryEPKc
__ZN12TargetDevice26getSkipContinueInstructionEv
__ZN12TargetDevice26getSupportedFaultRegistersEPKcRNSt3__112basic_stringIcNS2_11char_traitsIcEENS2_9allocatorIcEEEE
__ZN12TargetDevice26getTargetMaximumAddressGDBEPKc
__ZN12TargetDevice26getTargetMaximumAddressGDBEv
__ZN12TargetDevice26getTargetMemoryRegionsListEPKcRNSt3__14listIN12GDBMemoryMap14GDBMemoryRangeENS2_9allocatorIS5_EEEE
__ZN12TargetDevice26isTargetSetMatchMonitorCmdENSt3__112basic_stringIcNS0_11char_traitsIcEENS0_9allocatorIcEEEE
__ZN12TargetDevice26isTimeMeasurementSupportedEPKc
__ZN12TargetDevice26isTimeMeasurementSupportedEv
__ZN12TargetDevice26notifyAttachedCoresStoppedERKNSt3__112basic_stringIcNS0_11char_traitsIcEENS0_9allocatorIcEEEERNS0_4l
__ZN12TargetDevice26reportMonitoredMemoryReadsEyjPh
__ZN12TargetDevice26setExternalTriggerForBreakEi22TriggerInputDetectTypeitR20TriggerSettingStatus
__ZN12TargetDevice26setNotifySuspendedStateAllEb
__ZN12TargetDevice26setThreadRegisteredWithGDBEv
__ZN12TargetDevice27clearCurrentConsumptionDataEv
__ZN12TargetDevice27forceResetUpdateFromEclipseEv
__ZN12TargetDevice27getCurrentConsumptionResultEyyiRmRyPvm
__ZN12TargetDevice27getForceHardwareBreakPointsEv
__ZN12TargetDevice27getLastErrorStringInHexCodeEv
__ZN12TargetDevice27handleConfigurationCompleteEv
__ZN12TargetDevice27initialiseTargetCoreDetailsEv
__ZN12TargetDevice27isNotifyResumedStateEnabledEv
__ZN12TargetDevice27queryBreakpointAvailabilityEy
__ZN12TargetDevice27reportMonitoredMemoryWritesEyjPh
__ZN12TargetDevice27restrictOSThreadInformationEv
__ZN12TargetDevice27setPreRunPostBreakFunctionsEbjbj
__ZN12TargetDevice28ProgressUpdatingFirmwareFullEPKcS1_
__ZN12TargetDevice28enableSynchronousBreakTargetENSt3__14listINS0_12basic_stringIcNS0_11char_traitsIcEENS0_9allocatorIcE
__ZN12TargetDevice28getPathFromEmulatorDirectoryEPKc
__ZN12TargetDevice28handleDownloadStartOnConnectEv
__ZN12TargetDevice28isSupportedForSessionisTraceEPKc
__ZN12TargetDevice28isSupportedForSessionisTraceEv
__ZN12TargetDevice28setFalseRunningToRealRunningEv
__ZN12TargetDevice28updateNonSecureVectorAddressEj
__ZN12TargetDevice29ErrorStoppingNonRunningTargetEv
__ZN12TargetDevice29canCoreBeResumedByAnotherCoreEPKc
__ZN12TargetDevice29canCoreBeResumedByAnotherCoreEv
__ZN12TargetDevice29disableSynchronousBreakTargetENSt3__14listINS0_12basic_stringIcNS0_11char_traitsIcEENS0_9allocatorIc
__ZN12TargetDevice29getContinueTimeInMilliSecondsEv
__ZN12TargetDevice29getCurrentMonitorSamplingModeER26CurrentMonitorSamplingModeRj
__ZN12TargetDevice29getRegistersWindbackExceptionEPKcRNSt3__112basic_stringIcNS2_11char_traitsIcEENS2_9allocatorIcEEEE
__ZN12TargetDevice29isNotifySuspendedStateEnabledEv
__ZN12TargetDevice29isSupportedForSessionisTargetEPKc
__ZN12TargetDevice29isSupportedForSessionisTargetEv
__ZN12TargetDevice29setCurrentMonitorSamplingModeE26CurrentMonitorSamplingModej
__ZN12TargetDevice29setSymbolForInterestedPartiesEv
__ZN12TargetDevice2goEPKc
__ZN12TargetDevice30ProgressFirmwareUpdateFinishedEv
__ZN12TargetDevice30getTargetRunningStatusIntervalEv
__ZN12TargetDevice30getTargetSteppingStatusTimeoutEv
__ZN12TargetDevice30isSupportedForSessionisTcTraceEPKc
__ZN12TargetDevice30isSupportedForSessionisTcTraceEv
__ZN12TargetDevice30setCurrentAcquisitionConditionE22CurrentAcquisitionTerm17CurrentSignalType22ExternalTriggerChannelii
__ZN12TargetDevice30setNotifyResumedSuspendedStateEPKcb
__ZN12TargetDevice30setNotifyResumedSuspendedStateEb
__ZN12TargetDevice31ErrorAccessToMemoryWhileRunningEv
__ZN12TargetDevice31GetSecureDevelopmentStateStringEv
__ZN12TargetDevice31enableNotifyResumedStateOneTimeEv
__ZN12TargetDevice31finishCurrentMonitorMeasurementEv
__ZN12TargetDevice31getCurrentConsumptionFrameCountEv
__ZN12TargetDevice31getCurrentConsumptionModuleNameEjRNSt3__112basic_stringIcNS0_11char_traitsIcEENS0_9allocatorIcEEEE
__ZN12TargetDevice31getCurrentConsumptionStatisticsERfS0_
__ZN12TargetDevice31getTargetMaximumAddressInternalEv
__ZN12TargetDevice31getTargetSteppingStatusIntervalEv
__ZN12TargetDevice31isSupportedForSessionisAnalysisEPKc
__ZN12TargetDevice31isSupportedForSessionisAnalysisEv
__ZN12TargetDevice31monitorCurrentConsumptionEnableEb
__ZN12TargetDevice31readMemoryWordwiseTo32BitChunksEyjPy
__ZN12TargetDevice32ProgressTargetConnectionStatusOKEv
__ZN12TargetDevice32enableStopNotificationsOnConnectEv
__ZN12TargetDevice32getCurrentConsumptionModuleCountEv
__ZN12TargetDevice32getTargetSteppingStatusDelayTimeEv
__ZN12TargetDevice32isRegisterXMLDefinitionSupportedEPKc
__ZN12TargetDevice32isRegisterXMLDefinitionSupportedEv
__ZN12TargetDevice32prepareCurrentMonitorMeasurementEb
__ZN12TargetDevice32printResumeSuspendNotifyStateAllEPKc
__ZN12TargetDevice33corruptOperatingSystemThreadsInfoEv
__ZN12TargetDevice33enableNotifySuspendedStateOneTimeEv
__ZN12TargetDevice33enableSyncedCoreStopNotificationsEv
__ZN12TargetDevice33initialiseDebuggerSynchronisationEv
__ZN12TargetDevice33isInInterruptModeFromProcessStackEv
__ZN12TargetDevice33isSupportedForSessionisBusMonitorEPKc
__ZN12TargetDevice33isSupportedForSessionisBusMonitorEv
__ZN12TargetDevice34disableSyncedCoreStopNotificationsEv
__ZN12TargetDevice34getSWBreakpointsUnavailableErrorIdEPKc
__ZN12TargetDevice34getSWBreakpointsUnavailableErrorIdEv
__ZN12TargetDevice34isMulticoreDebugInSingleGdbSessionEv
__ZN12TargetDevice34isSupportedForSessionisEventpointsEPKc
__ZN12TargetDevice34isSupportedForSessionisEventpointsEv
__ZN12TargetDevice34isSupportedForSessionisSimulatedIOEPKc
__ZN12TargetDevice34isSupportedForSessionisSimulatedIOEv
__ZN12TargetDevice34processHexAddressOrSymbolArgumentsEPKcRj
__ZN12TargetDevice35isAlwaysNotifyResumedSuspendedStateEv
__ZN12TargetDevice35isResumeAllSelectedSessionSupportedEv
__ZN12TargetDevice35isSupportedForSessionisVirtualBoardEPKc
__ZN12TargetDevice35isSupportedForSessionisVirtualBoardEv
__ZN12TargetDevice35updateThreadInfoAndListOfGDBThreadsER12MulticoreGDBPKc
__ZN12TargetDevice36ProgressTargetConnectionStatusFailedEv
__ZN12TargetDevice36isNotifyResumedSuspendedStateEnabledEPKc
__ZN12TargetDevice36isNotifyResumedSuspendedStateEnabledEv
__ZN12TargetDevice36updateExtraInfoOnExistingThreadsOnlyER12MulticoreGDBPKc
__ZN12TargetDevice36updateExtraInfoOnInactiveCoreThreadsER12MulticoreGDB
__ZN12TargetDevice37addThreadToGdbProcessIfItDoesNotExistER12MulticoreGDBNSt3__112basic_stringIcNS2_11char_traitsIcEENS2
__ZN12TargetDevice37addThreadToGdbProcessIfItDoesNotExistER12MulticoreGDBNSt3__112basic_stringIcNS2_11char_traitsIcEENS2
__ZN12TargetDevice37isSupportedForSessionisCurrentMonitorEPKc
__ZN12TargetDevice37isSupportedForSessionisCurrentMonitorEv
__ZN12TargetDevice37testAndClearSendSyncStopNotificationsEv
__ZN12TargetDevice37updateThreadInfoAndListOfGDBThreadsOSER12MulticoreGDBPKc
__ZN12TargetDevice38enableNotifyTargetStatusDuringSteppingEPKc
__ZN12TargetDevice38enableNotifyTargetStatusDuringStoppingEPKc
__ZN12TargetDevice39isCurrentConsumptionMonitoringSupportedEv
__ZN12TargetDevice3addE20MonitoredMemoryRange
__ZN12TargetDevice3addE20MonitoredMemoryValue
__ZN12TargetDevice3addE20ProtectedMemoryRange
__ZN12TargetDevice40isDeviceSupportingSeparateExceptionStackEv
__ZN12TargetDevice40updatesResumedCoresToGDBSocketInterfacesER16SyncResumedItems
__ZN12TargetDevice41getCurrentConsumptionTimestampRangeByTypeE18TimestampRangeTypeRyS1_
__ZN12TargetDevice42testAndClearSendStopNotificationsOnConnectEv
__ZN12TargetDevice46operatingSystemPresentButNotNecessarilyRunningEv
__ZN12TargetDevice46updateThreadInfoAndListOfGDBThreadsCoreThreadsER12MulticoreGDB
__ZN12TargetDevice49updateThreadInfoAndListOfGDBThreadsExceptedThreadER12MulticoreGDBPKc
__ZN12TargetDevice4stepEPKci
__ZN12TargetDevice4stopEPKc
__ZN12TargetDevice4testEj
__ZN12TargetDevice54isCoreNotResetAndRunningOnConnectionAndHasNeverStoppedEPKc
__ZN12TargetDevice5getPCEPKcRj
__ZN12TargetDevice5getPCERj
__ZN12TargetDevice5goAllEPKc
__ZN12TargetDevice5preGoEv
__ZN12TargetDevice5resetEPKc
__ZN12TargetDevice5resetEv
__ZN12TargetDevice5setPCEPKcj
__ZN12TargetDevice5setPCEj
__ZN12TargetDevice6get_OSEv
__ZN12TargetDevice7addCoreEtPKcS1_j
__ZN12TargetDevice7connectEbb
__ZN12TargetDevice7stopAllEPKcRNSt3__14listINS2_12basic_stringIcNS2_11char_traitsIcEENS2_9allocatorIcEEEENS7_IS9_EEEE
__ZN12TargetDevice8canGoAllEv
__ZN12TargetDevice8goTargetEPKc
__ZN12TargetDevice8goTargetEv
__ZN12TargetDevice8isIOAreaEj
__ZN12TargetDevice9cmd_resetEPKc
__ZN12TargetDevice9getParentEv
__ZN12TargetDevice9getStatusEPKcRj
__ZN12TargetDevice9getStatusERj
__ZN12TargetDevice9isResumedEPKcRb
__ZN12TargetDevice9isStoppedEPKcRb
__ZN12TargetDevice9setParentEP13ITargetThread
__ZN12TargetDevice9stepRangeEPKcjj
__ZN12TargetDeviceC2ER23ConfigurationParametersR14IServerContextPKcS5_jPS_
__ZN12TargetDeviceD0Ev
__ZN12TargetDeviceD1Ev
__ZN12TargetDeviceD2Ev
__ZN12TraceGDB_FFWC1EP16CTargetEzonTraceP13CEventManagerP13ITargetDevice
__ZN12TraceGDB_FFWC2EP16CTargetEzonTraceP13CEventManagerP13ITargetDevice
__ZN12UserSettings9getDeviceEv
__ZN13ARMMonitorCmd24handleGetDeviceCoresTypeEPKcRNSt3__112basic_stringIcNS2_11char_traitsIcEENS2_9allocatorIcEEEE
__ZN13ConnectE1RL78C1EP10ConfigDataR23ConfigurationParametersP16TargetPropertiesP12ExecCommandsP12TargetDeviceP14IMemory
__ZN13ConnectE1RL78C2EP10ConfigDataR23ConfigurationParametersP16TargetPropertiesP12ExecCommandsP12TargetDeviceP14IMemory
__ZN13ConnectE2RL78C1EP10ConfigDataR23ConfigurationParametersP16TargetPropertiesP12ExecCommandsP12TargetDeviceP14IMemory
__ZN13ConnectE2RL78C2EP10ConfigDataR23ConfigurationParametersP16TargetPropertiesP12ExecCommandsP12TargetDeviceP14IMemory
__ZN13E2ARMTraceGDBC1EP13ITargetDevicePN18RenesasElectronics9MicomTool15DebuggerLibrary15RenesasFirmWare11ARMFirmware15R
__ZN13E2ARMTraceGDBC2EP13ITargetDevicePN18RenesasElectronics9MicomTool15DebuggerLibrary15RenesasFirmWare11ARMFirmware15R
__ZN13RXProtectZone19getRTZDeviceRegionsEv
__ZN13RXProtectZone19updateAndGetRegionsERKN23ProtectZoneTargetDevice9DLM_STATEE
__ZN13RXProtectZone20selectPZTargetDeviceERKN18RenesasElectronics21RenesasTrustZoneDebug14RTZ_MCUTZ_TYPEE
__ZN13RXProtectZone22updateRTZDeviceRegionsEv
__ZN13RXProtectZone27getRTZEmuTypeFromDeviceNameEv
__ZN13RXProtectZone27isBoundaryProgrammingNeededERKN23ProtectZoneTargetDevice9DLM_STATEERKN18RenesasElectronics21Renesas
__ZN13RXProtectZone34preInitialiseProtectZoneDeviceTypeEv
__ZN13RXProtectZoneC1EP13ITargetDeviceP27IProtectZoneDeviceListEntryR23ConfigurationParameters
__ZN13RXProtectZoneC2EP13ITargetDeviceP27IProtectZoneDeviceListEntryR23ConfigurationParameters
__ZN13TargetDevices10s_InstanceE
__ZN13TargetDevices11loadTargetsER14IServerContext
__ZN13TargetDevices12createTargetERP16IMulticoreTarget
__ZN13TargetDevices12deInitialiseEv
__ZN13TargetDevices15getActiveTargetEv
__ZN13TargetDevices21getActiveTargetDeviceEv
__ZN13TargetDevices8InstanceEv
__ZN13TargetDevicesC1ER23ConfigurationParameters
__ZN13TargetDevicesC2ER23ConfigurationParameters
__ZN13TargetDevicesD1Ev
__ZN13TargetDevicesD2Ev
__ZN13TraceGDB_ExecC1EP15ADMExecCommandsP13ITargetDevice
__ZN13TraceGDB_ExecC2EP15ADMExecCommandsP13ITargetDevice
__ZN14ADMTarget_Exec10InitialiseEP16ExecTargetDeviceP15ADMExecCommands
__ZN14ADMTarget_ExecC1EP16ExecTargetDeviceR14IServerContextR23ConfigurationParametersP15ADMExecCommands
__ZN14ADMTarget_ExecC2EP16ExecTargetDeviceR14IServerContextR23ConfigurationParametersP15ADMExecCommands
__ZN14ARMAnalysisGDBC1EP13ITargetDevice
__ZN14ARMAnalysisGDBC2EP13ITargetDevice
__ZN14ConnectE1RH850C1EP10ConfigDataR23ConfigurationParametersP16TargetPropertiesP12ExecCommandsP17RH850TargetDeviceP14I
__ZN14ConnectE1RH850C2EP10ConfigDataR23ConfigurationParametersP16TargetPropertiesP12ExecCommandsP17RH850TargetDeviceP14I
__ZN14E2ARMADMTargetC1EP13ITargetDeviceR14IServerContextR23ConfigurationParametersPN18RenesasElectronics9MicomTool15Debu
__ZN14E2ARMADMTargetC2EP13ITargetDeviceR14IServerContextR23ConfigurationParametersPN18RenesasElectronics9MicomTool15Debu
__ZN14PZTargetDevice15getPzDeviceTypeEv
__ZN14PZTargetDevice18isSecureDebugStateERKN23ProtectZoneTargetDevice9DLM_STATEE
__ZN14PZTargetDevice23getTotalMemoryRegionNumEv
__ZN14PZTargetDevice24isValidDlmAuthenticationERKN23ProtectZoneTargetDevice9DLM_STATEES3_
__ZN14PZTargetDevice30getBoundaryMonitorRegisterListEv
__ZN14PZTargetDevice30setBoundaryMonitorRegisterListERKNSt3__16vectorI15MonitorRegisterNS0_9allocatorIS2_EEEE
__ZN14PZTargetDevice31sortAndCombineContiguousRegionsERNSt3__16vectorIN12ARMTrustZone12ARMCMSISZone15CMSISZoneMemoryENS0
__ZN14PZTargetDevice32getBoundaryMonitorRegisterByNameERKNSt3__112basic_stringIcNS0_11char_traitsIcEENS0_9allocatorIcEEE
__ZN14PZTargetDeviceC2Ev
__ZN14PZTargetDeviceD0Ev
__ZN14PZTargetDeviceD1Ev
__ZN14PZTargetDeviceD2Ev
__ZN14PassthroughDTAC1EP13ITargetDeviceR14IServerContextR23ConfigurationParameters
__ZN14PassthroughDTAC2EP13ITargetDeviceR14IServerContextR23ConfigurationParameters
__ZN14RCarE2TraceGDBC1EP13ITargetDevicePN18RenesasElectronics9MicomTool15DebuggerLibrary15RenesasFirmWare11ARMFirmware15
__ZN14RCarE2TraceGDBC2EP13ITargetDevicePN18RenesasElectronics9MicomTool15DebuggerLibrary15RenesasFirmWare11ARMFirmware15
__ZN14RtosAbstractOSC1ENSt3__112basic_stringIcNS0_11char_traitsIcEENS0_9allocatorIcEEEEP13ITargetDevice
__ZN14RtosAbstractOSC2ENSt3__112basic_stringIcNS0_11char_traitsIcEENS0_9allocatorIcEEEEP13ITargetDevice
__ZN14RxTargetDevice10E20_set_RMEv
__ZN14RxTargetDevice10PowerSuppyEv
__ZN14RxTargetDevice10disconnectEv
__ZN14RxTargetDevice10getCPUModeER14FFWRXENM_PMODER14FFWRXENM_RMODE
__ZN14RxTargetDevice10getMcuFileEPKc
__ZN14RxTargetDevice10getMcuFileEv
__ZN14RxTargetDevice10getMcuInfoEv
__ZN14RxTargetDevice10readMemoryEyjtPhb
__ZN14RxTargetDevice10stepTargetEj
__ZN14RxTargetDevice10stopTargetEv
__ZN14RxTargetDevice11E20_AuthKeyEv
__ZN14RxTargetDevice11E20_set_clkEv
__ZN14RxTargetDevice11IsE20DeviceEv
__ZN14RxTargetDevice11getFFWFilesEPKcRNSt3__112basic_stringIcNS2_11char_traitsIcEENS2_9allocatorIcEEEES9_
__ZN14RxTargetDevice11getProgDataEv
__ZN14RxTargetDevice11writeMemoryEyjtPhb
__ZN14RxTargetDevice12E20_set_FOVREb
__ZN14RxTargetDevice12E20_set_PMODER14FFWRXENM_RMODE
__ZN14RxTargetDevice12E20_wtr_loadEv
__ZN14RxTargetDevice12GetJTagValueENSt3__112basic_stringIcNS0_11char_traitsIcEENS0_9allocatorIcEEEE
__ZN14RxTargetDevice12deInitialiseEv
__ZN14RxTargetDevice12getADMTargetEv
__ZN14RxTargetDevice12getJLinkPathEv
__ZN14RxTargetDevice12handle_errorEPc
__ZN14RxTargetDevice13E1_E20_IDCodeEv
__ZN14RxTargetDevice13HandleMCUFileEv
__ZN14RxTargetDevice13displayBannerEv
__ZN14RxTargetDevice13formatVersionEj
__ZN14RxTargetDevice13getHaltReasonERyRiR11STOP_REASON
__ZN14RxTargetDevice13getProgPcInfoEv
__ZN14RxTargetDevice13isBigEndianIoEv
__ZN14RxTargetDevice14DisconnectHPONEv
__ZN14RxTargetDevice14E20_get_statusEv
__ZN14RxTargetDevice14Rx_Init_E1_E20Ev
__ZN14RxTargetDevice14getBankContentEPKcNSt3__16vectorIhNS2_9allocatorIhEEEERNS2_12basic_stringIwNS2_11char_traitsIwEENS
__ZN14RxTargetDevice14getErrorFolderEv
__ZN14RxTargetDevice14getProgPswInfoEv
__ZN14RxTargetDevice14preInitialise1Ev
__ZN14RxTargetDevice14setRegisterXMLE16FFWRXENM_CPU_ISA
__ZN14RxTargetDevice15E20_set_PPCCTRLEv
__ZN14RxTargetDevice15E20_set_SetFMCDEv
__ZN14RxTargetDevice15TestPostConnectEv
__ZN14RxTargetDevice15getDebuggerNameEN6Device8DeviceIDE
__ZN14RxTargetDevice15getFfwInterfaceEv
__ZN14RxTargetDevice15getProgExecInfoEv
__ZN14RxTargetDevice15isStepImmediateEv
__ZN14RxTargetDevice15isTargetStoppedERb
__ZN14RxTargetDevice15startConnectionEv
__ZN14RxTargetDevice16CreateADMSupportEv
__ZN14RxTargetDevice16E20_get_jtag_clkEv
__ZN14RxTargetDevice16getExecuteTimePCEv
__ZN14RxTargetDevice16getFFWAccessSizeE19FFWENM_MACCESS_SIZE
__ZN14RxTargetDevice16getFFWAccessSizeEt
__ZN14RxTargetDevice16getMCDeviceEntryER23TargetDeviceListMCEntry
__ZN14RxTargetDevice16isExternalMemoryEyj
__ZN14RxTargetDevice16isSingleChipModeEv
__ZN14RxTargetDevice16isTraceSupportedEv
__ZN14RxTargetDevice17callFfwGetRegBankEhPj
__ZN14RxTargetDevice17getFncEzonMcuFileEv
__ZN14RxTargetDevice17getProgEmlMesInfoEv
__ZN14RxTargetDevice17getThreadExt0SizeEv
__ZN14RxTargetDevice17getThreadExt1SizeEv
__ZN14RxTargetDevice17isROMDisabledModeEv
__ZN14RxTargetDevice17isValidMemoryAreaEyj
__ZN14RxTargetDevice17loadDeviceSupportEv
__ZN14RxTargetDevice17updateSimulatedIOEv
__ZN14RxTargetDevice17writeToIORegisterER13LocationValue
__ZN14RxTargetDevice18createHelperOjectsEv
__ZN14RxTargetDevice18getMemoryBlockListEv
__ZN14RxTargetDevice18getMemoryBlockSpanEymRNSt3__14listI11MemoryBlockNS0_9allocatorIS2_EEEE
__ZN14RxTargetDevice18getProgC2eBuffSizeEv
__ZN14RxTargetDevice18getProgE2cBuffSizeEv
__ZN14RxTargetDevice18getTargetDirectoryEv
__ZN14RxTargetDevice18load_usb_comms_dllEPc
__ZN14RxTargetDevice18readMemoryInternalEym19FFWENM_MACCESS_SIZEPhb
__ZN14RxTargetDevice18stopDownloadTargetEv
__ZN14RxTargetDevice19CreateMCUFileReaderEv
__ZN14RxTargetDevice19E1_E20_HotPlugSetupEv
__ZN14RxTargetDevice19getDeviceCoreFamilyEPKc
__ZN14RxTargetDevice20canPowerFromEmulatorEv
__ZN14RxTargetDevice20connectEmulatorPowerEv
__ZN14RxTargetDevice20getEmulatorDirectoryEv
__ZN14RxTargetDevice20getMCUFilesDirectoryEv
__ZN14RxTargetDevice20processBlockOverlapsEP11MemoryBlockRN12ARMTrustZone12ARMCMSISZone15CMSISZoneMemoryE
__ZN14RxTargetDevice20updatePreRunFunctionEj
__ZN14RxTargetDevice21E1_E20_set_endiannessEv
__ZN14RxTargetDevice21addExternalMemoryAreaER18ExternalMemoryArea
__ZN14RxTargetDevice21addInternalMemoryAreaEj
__ZN14RxTargetDevice21configurationCompleteEv
__ZN14RxTargetDevice21isFPRegisterSupportedEv
__ZN14RxTargetDevice22E1_E20_get_device_infoEv
__ZN14RxTargetDevice22ProcessUserErrorStringE11ErrorTargetRNSt3__112basic_stringIwNS1_11char_traitsIwEENS1_9allocatorIwE
__ZN14RxTargetDevice22SetExternalMemoryAreasEv
__ZN14RxTargetDevice22addDeviceListToManagerERKNSt3__16vectorINS0_12basic_stringIcNS0_11char_traitsIcEENS0_9allocatorIcE
__ZN14RxTargetDevice22addRegisterSettingInfoEjtj
__ZN14RxTargetDevice22getEmlMesOverflowCountEv
__ZN14RxTargetDevice22getExternalMemoryAreasER28ExternalMemoryAreaCollection
__ZN14RxTargetDevice22getInternalMemoryAreasERNSt3__16vectorIjNS0_9allocatorIjEEEE
__ZN14RxTargetDevice22isEventpointsSupportedEv
__ZN14RxTargetDevice22isExternalPowerPresentEv
__ZN14RxTargetDevice22isProtectZoneSupportedEv
__ZN14RxTargetDevice22simulatedIOClearBufferEv
__ZN14RxTargetDevice22startDownloadOnConnectENSt3__14listINS0_12basic_stringIcNS0_11char_traitsIcEENS0_9allocatorIcEEEEN
__ZN14RxTargetDevice23E20_issue_clear_commandEv
__ZN14RxTargetDevice23E20_set_mcu_informationEv
__ZN14RxTargetDevice23E20_set_user_brd_supplyEb
__ZN14RxTargetDevice23SetFlashMemoryOverwriteEb
__ZN14RxTargetDevice23disConnectEmulatorPowerEv
__ZN14RxTargetDevice23getReadMemoryInSegmentsERj
__ZN14RxTargetDevice23getRegisterSettingsInfoERNSt3__14listI13LocationValueNS0_9allocatorIS2_EEEE
__ZN14RxTargetDevice23initialiseRXProtectZoneENSt3__112basic_stringIcNS0_11char_traitsIcEENS0_9allocatorIcEEEE
__ZN14RxTargetDevice23isRTOSSupportedByTargetEv
__ZN14RxTargetDevice23isRegisterBankSupportedEv
__ZN14RxTargetDevice23loadAndCheckDeviceFilesEv
__ZN14RxTargetDevice23markSecureMemoryRegionsERNSt3__16vectorIN12ARMTrustZone12ARMCMSISZone15CMSISZoneMemoryENS0_9alloca
__ZN14RxTargetDevice23simulatedIOSetInputDataEjPh
__ZN14RxTargetDevice23updatePostBreakFunctionEj
__ZN14RxTargetDevice24getMonitorCommandsObjectEv
__ZN14RxTargetDevice24getRegisterBankLastIndexEv
__ZN14RxTargetDevice24initialiseMemoryAreaInfoEv
__ZN14RxTargetDevice25E1_E20_get_program_statusEv
__ZN14RxTargetDevice25E20_set_debug_informationEv
__ZN14RxTargetDevice25GetSecureAccessForAddressEj
__ZN14RxTargetDevice25checkCoreTypeForPZSupportE16FFWRXENM_CPU_ISA
__ZN14RxTargetDevice25createSortedMemoryRegionsERNSt3__16vectorIN12ARMTrustZone12ARMCMSISZone15CMSISZoneMemoryENS0_9allo
__ZN14RxTargetDevice25getRegisterBankFirstIndexEv
__ZN14RxTargetDevice25getSWBreakpointsAvailableEv
__ZN14RxTargetDevice25saveTargetDLLCoreSettingsEv
__ZN14RxTargetDevice26canSubstituteSWBreakpointsEv
__ZN14RxTargetDevice26getEventCombinationSupportER27EventCombinationSupportInfo
__ZN14RxTargetDevice26getTargetDeviceListManagerEv
__ZN14RxTargetDevice26getTargetMemoryRegionsListEPKcRNSt3__14listIN12GDBMemoryMap14GDBMemoryRangeENS2_9allocatorIS5_EEEE
__ZN14RxTargetDevice26isTimeMeasurementSupportedEv
__ZN14RxTargetDevice26setSelectedCoreInTargetDLLEPKc
__ZN14RxTargetDevice27E20_set_external_flash_infoEv
__ZN14RxTargetDevice27e20_init_default_parametersEv
__ZN14RxTargetDevice27getExternalMemoryAccessSizeEyj
__ZN14RxTargetDevice27getInternalMemoryAccessSizeEym
__ZN14RxTargetDevice27isRewriteInternalProgramROMEv
__ZN14RxTargetDevice27queryBreakpointAvailabilityEy
__ZN14RxTargetDevice27restrictOSThreadInformationEv
__ZN14RxTargetDevice27setPreRunPostBreakFunctionsEbjbjjj
__ZN14RxTargetDevice28E1_E20_download_dcnf_programEv
__ZN14RxTargetDevice28isSupportedForSessionisTraceEv
__ZN14RxTargetDevice28restoreTargetDLLCoreSettingsEv
__ZN14RxTargetDevice29isSupportedForSessionisTargetEv
__ZN14RxTargetDevice31E1_E20_download_monitor_programEv
__ZN14RxTargetDevice31GetSecureDevelopmentStateStringEv
__ZN14RxTargetDevice31isSupportedForSessionisAnalysisEv
__ZN14RxTargetDevice33isInInterruptModeFromProcessStackEv
__ZN14RxTargetDevice34getSWBreakpointsUnavailableErrorIdEv
__ZN14RxTargetDevice34isSupportedForSessionisEventpointsEv
__ZN14RxTargetDevice34isSupportedForSessionisSimulatedIOEv
__ZN14RxTargetDevice35isSupportedForSessionisVirtualBoardEv
__ZN14RxTargetDevice36displayDebuggerRelatedModulesVersionEv
__ZN14RxTargetDevice36setupRegistersForExternalFlashAccessEv
__ZN14RxTargetDevice40isDeviceSupportingSeparateExceptionStackEv
__ZN14RxTargetDevice42removeCorrespondingReservedRegionInNSAliasERKN12ARMTrustZone12ARMCMSISZone15CMSISZoneMemoryERNSt3_
__ZN14RxTargetDevice5preGoEv
__ZN14RxTargetDevice5resetEv
__ZN14RxTargetDevice6getCPUEv
__ZN14RxTargetDevice8goTargetEv
__ZN14RxTargetDevice9getStatusERj
__ZN14RxTargetDeviceC1ER23ConfigurationParametersR14IServerContextPKcPS_
__ZN14RxTargetDeviceC2ER23ConfigurationParametersR14IServerContextPKcPS_
__ZN14RxTargetDeviceD0Ev
__ZN14RxTargetDeviceD1Ev
__ZN14RxTargetDeviceD2Ev
__ZN14T32AnalysisGDBC1EP13ITargetDevice
__ZN14T32AnalysisGDBC2EP13ITargetDevice
__ZN14TZTargetDevice15getTzDeviceTypeEv
__ZN14TZTargetDevice16getDhcsrRegisterEv
__ZN14TZTargetDevice18isSRAMNsMemoryTypeERKN12ARMTrustZone12ARMCMSISZone15CMSISZoneMemoryE
__ZN14TZTargetDevice18isSecureDebugStateERKN21TrustZoneTargetDevice9DLM_STATEE
__ZN14TZTargetDevice21getTotalIdauRegionNumEv
__ZN14TZTargetDevice21isNonSecureDebugStateERKN21TrustZoneTargetDevice9DLM_STATEE
__ZN14TZTargetDevice21supportsProtAuthLevelEv
__ZN14TZTargetDevice22isChipManufactureStateERKN21TrustZoneTargetDevice9DLM_STATEE
__ZN14TZTargetDevice22isSipFlashNsMemoryTypeERKN12ARMTrustZone12ARMCMSISZone15CMSISZoneMemoryE
__ZN14TZTargetDevice23getChipManufactureStateEv
__ZN14TZTargetDevice23isCodeFlashNsMemoryTypeERKN12ARMTrustZone12ARMCMSISZone15CMSISZoneMemoryE
__ZN14TZTargetDevice23isDataFlashNsMemoryTypeERKN12ARMTrustZone12ARMCMSISZone15CMSISZoneMemoryE
__ZN14TZTargetDevice24isValidDlmAuthenticationERKN21TrustZoneTargetDevice9DLM_STATEES3_
__ZN14TZTargetDevice26getIdauMonitorRegisterListEv
__ZN14TZTargetDevice26setIdauMonitorRegisterListERKNSt3__16vectorI15MonitorRegisterNS0_9allocatorIS2_EEEE
__ZN14TZTargetDevice28getIdauMonitorRegisterByNameERKNSt3__112basic_stringIcNS0_11char_traitsIcEENS0_9allocatorIcEEEER15
__ZN14TZTargetDevice29convertSecureToNonSecureAliasERKy
__ZN14TZTargetDevice31sortAndCombineContiguousRegionsERNSt3__16vectorIN12ARMTrustZone12ARMCMSISZone15CMSISZoneMemoryENS0
__ZN14TZTargetDevice32getDefaultBootConnectionBehaviorEv
__ZN14TZTargetDevice37isValidCodeRegionToEraseInSecureStateERKN12ARMTrustZone12ARMCMSISZone15CMSISZoneMemoryE
__ZN14TZTargetDevice37isValidDataRegionToEraseInSecureStateERKN12ARMTrustZone12ARMCMSISZone15CMSISZoneMemoryE
__ZN14TZTargetDevice41isValidSipFlashRegionToEraseInSecureStateERKN12ARMTrustZone12ARMCMSISZone15CMSISZoneMemoryE
__ZN14TZTargetDeviceC2Ev
__ZN14TZTargetDeviceD0Ev
__ZN14TZTargetDeviceD1Ev
__ZN14TZTargetDeviceD2Ev
__ZN14TargetDevice6412readMemory64EPKcyyPhRy
__ZN14TargetDevice6413writeMemory64EPKcyyPh
__ZN14TargetDevice6421assignRegisterValue64EPKcjy
__ZN14TargetDevice6423addHardwareBreakpoint64EPKcy
__ZN14TargetDevice6423addHardwareBreakpoint64EPKcyj
__ZN14TargetDevice6423addHardwareWatchpoint64EPKcyj
__ZN14TargetDevice6423addSoftwareBreakpoint64EPKcyj
__ZN14TargetDevice6426deleteHardwareBreakpoint64EPKcy
__ZN14TargetDevice6426deleteHardwareWatchpoint64EPKcy
__ZN14TargetDevice6426deleteSoftwareBreakpoint64EPKcyj
__ZN14TargetDevice6428reportMonitoredMemoryReads64EyyPh
__ZN14TargetDevice6429reportMonitoredMemoryWrites64EyyPh
__ZN14TargetDevice647getPC64EPKcRy
__ZN14TargetDevice647getPC64ERy
__ZN14TargetDevice647setPC64EPKcy
__ZN14TargetDevice64C2ER23ConfigurationParametersR14IServerContextPKcS5_jP12TargetDevice
__ZN14TargetDevice64D0Ev
__ZN14TargetDevice64D1Ev
__ZN14TargetDevice64D2Ev
__ZN15ARMTargetDevice10readMemoryEyjtPhb
__ZN15ARMTargetDevice10stepTargetEj
__ZN15ARMTargetDevice10stopTargetEv
__ZN15ARMTargetDevice11goAllTargetEv
__ZN15ARMTargetDevice11isSupportedEPKcS1_
__ZN15ARMTargetDevice11writeMemoryEyjtPhb
__ZN15ARMTargetDevice12deInitialiseEv
__ZN15ARMTargetDevice12getADMTargetEv
__ZN15ARMTargetDevice13displayBannerEv
__ZN15ARMTargetDevice13getHaltReasonERyRiR11STOP_REASON
__ZN15ARMTargetDevice13isBigEndianIoEv
__ZN15ARMTargetDevice13stopAllTargetEv
__ZN15ARMTargetDevice14handleGoAllCmdEv
__ZN15ARMTargetDevice14isCM0orCM0PlusEv
__ZN15ARMTargetDevice14preInitialise1Ev
__ZN15ARMTargetDevice15Get_halt_reasonER11Halt_reasonbj
__ZN15ARMTargetDevice15isCortexMDeviceEv
__ZN15ARMTargetDevice15isSynergyDeviceEv
__ZN15ARMTargetDevice15isTargetStoppedERb
__ZN15ARMTargetDevice15readPMUCountersERj
__ZN15ARMTargetDevice15refreshAllCoresEv
__ZN15ARMTargetDevice15selectInterfaceEv
__ZN15ARMTargetDevice15specifyEmulatorEv
__ZN15ARMTargetDevice15startConnectionEv
__ZN15ARMTargetDevice16CreateADMSupportEv
__ZN15ARMTargetDevice16getARMMonitorCmdEv
__ZN15ARMTargetDevice16getCoreFrequencyERi
__ZN15ARMTargetDevice16getExecuteTimePCEv
__ZN15ARMTargetDevice16getRegisterValueEjRNSt3__16vectorIhNS0_9allocatorIhEEEEb
__ZN15ARMTargetDevice16getStoppedSignalEv
__ZN15ARMTargetDevice16hasCP15RegistersEv
__ZN15ARMTargetDevice16setEnableRefreshEv
__ZN15ARMTargetDevice16setVectorAddressERK13VectorAddressj
__ZN15ARMTargetDevice16updateCoreStatusEv
__ZN15ARMTargetDevice17enablePMUCountersEv
__ZN15ARMTargetDevice17getRAMAreaAddressEv
__ZN15ARMTargetDevice17getThreadExt0SizeEv
__ZN15ARMTargetDevice17getThreadExt1SizeEv
__ZN15ARMTargetDevice17isInInterruptModeEv
__ZN15ARMTargetDevice17isSynergyS5DeviceEv
__ZN15ARMTargetDevice17loadDeviceSupportEv
__ZN15ARMTargetDevice18eraseRomOnDownloadEv
__ZN15ARMTargetDevice18stopDownloadTargetEv
__ZN15ARMTargetDevice18targetHaltedStatusEv
__ZN15ARMTargetDevice19assignRegisterValueEjRNSt3__16vectorIjNS0_9allocatorIjEEEE
__ZN15ARMTargetDevice19getDeviceCoreFamilyEPKc
__ZN15ARMTargetDevice19postADMCreatedTasksEv
__ZN15ARMTargetDevice19setDeviceNameForDLMERK24TargetDeviceListEntryARM
__ZN15ARMTargetDevice20getPartNumberAddressENSt3__112basic_stringIcNS0_11char_traitsIcEENS0_9allocatorIcEEEE
__ZN15ARMTargetDevice21eraseRomFromRZoneInfoEv
__ZN15ARMTargetDevice22CreateRegistersManagerEbbbbbbNSt3__112basic_stringIcNS0_11char_traitsIcEENS0_9allocatorIcEEEE
__ZN15ARMTargetDevice22addDeviceListToManagerERNSt3__16vectorINS0_12basic_stringIcNS0_11char_traitsIcEENS0_9allocatorIcE
__ZN15ARMTargetDevice22eraseDataRomOnDownloadEv
__ZN15ARMTargetDevice22getFlashProgrammerPathEv
__ZN15ARMTargetDevice22getTargetDeviceDetailsEv
__ZN15ARMTargetDevice22startDownloadOnConnectENSt3__14listINS0_12basic_stringIcNS0_11char_traitsIcEENS0_9allocatorIcEEEE
__ZN15ARMTargetDevice23checkDebugConfigurationEv
__ZN15ARMTargetDevice23eraseSipFlashOnDownloadEv
__ZN15ARMTargetDevice23isRTOSSupportedByTargetENSt3__112basic_stringIcNS0_11char_traitsIcEENS0_9allocatorIcEEEE
__ZN15ARMTargetDevice23isRTOSSupportedByTargetEv
__ZN15ARMTargetDevice23preConnectInitialiseCM3Ev
__ZN15ARMTargetDevice23prepareForBootModeEntryE24TargetDeviceListEntryARM
__ZN15ARMTargetDevice24assignFirstRegisterValueEy
__ZN15ARMTargetDevice24getMonitorCommandsObjectEv
__ZN15ARMTargetDevice24isCountingEveryCyclePMCREv
__ZN15ARMTargetDevice24isSynergyCM3orMoreDeviceEv
__ZN15ARMTargetDevice25eraseDataRomFromRZoneInfoEv
__ZN15ARMTargetDevice25startConnectionSubProcessEv
__ZN15ARMTargetDevice25updateSecureVectorAddressEj
__ZN15ARMTargetDevice26eraseSipFlashFromRZoneInfoEv
__ZN15ARMTargetDevice26getEventCombinationSupportER27EventCombinationSupportInfo
__ZN15ARMTargetDevice26getTargetMaximumAddressGDBEv
__ZN15ARMTargetDevice26isSynergyDevicePrefixCheckEPKNSt3__112basic_stringIcNS0_11char_traitsIcEENS0_9allocatorIcEEEE
__ZN15ARMTargetDevice26isTargetSetMatchMonitorCmdENSt3__112basic_stringIcNS0_11char_traitsIcEENS0_9allocatorIcEEEE
__ZN15ARMTargetDevice26isTimeMeasurementSupportedEv
__ZN15ARMTargetDevice27queryBreakpointAvailabilityEy
__ZN15ARMTargetDevice27restrictOSThreadInformationEv
__ZN15ARMTargetDevice28isSupportedForSessionisTraceEv
__ZN15ARMTargetDevice28updateNonSecureVectorAddressEj
__ZN15ARMTargetDevice29getCpuNumFromTargetNameSuffixERm
__ZN15ARMTargetDevice29getITMTimestampCountFrequencyEv
__ZN15ARMTargetDevice29isLibraryForBootModeAvailableEv
__ZN15ARMTargetDevice29isSupportedForSessionisTargetEv
__ZN15ARMTargetDevice30isSupportedForSessionisTcTraceEv
__ZN15ARMTargetDevice31authenticationChallengeResponseEv
__ZN15ARMTargetDevice31isSupportedForSessionisAnalysisEv
__ZN15ARMTargetDevice31readMemoryWordwiseTo32BitChunksEyjPy
__ZN15ARMTargetDevice31reconnectARMTargetMidConnectionEv
__ZN15ARMTargetDevice32disconnectARMTargetMidConnectionEv
__ZN15ARMTargetDevice33isInInterruptModeFromProcessStackEv
__ZN15ARMTargetDevice33isSupportedForSessionisBusMonitorEv
__ZN15ARMTargetDevice34isMulticoreDebugInSingleGdbSessionEv
__ZN15ARMTargetDevice34isSupportedForSessionisEventpointsEv
__ZN15ARMTargetDevice34isSupportedForSessionisSimulatedIOEv
__ZN15ARMTargetDevice34isThreadXMemoryHackForCrashOnPauseEy
__ZN15ARMTargetDevice34setSecureAndNonSecureVectorAddressEv
__ZN15ARMTargetDevice35isSupportedForSessionisVirtualBoardEv
__ZN15ARMTargetDevice36advanceToNextInstructionAndRunTargetEv
__ZN15ARMTargetDevice39setTargetDeviceRegisterBankAndSetDeviceEv
__ZN15ARMTargetDevice40isDeviceSupportingSeparateExceptionStackEv
__ZN15ARMTargetDevice42isCoreInQuiescentStateForRAMulticoreDeviceEv
__ZN15ARMTargetDevice54isCoreNotResetAndRunningOnConnectionAndHasNeverStoppedEPKc
__ZN15ARMTargetDevice5preGoEv
__ZN15ARMTargetDevice5resetEv
__ZN15ARMTargetDevice7getTDLMEv
__ZN15ARMTargetDevice8changePCEv
__ZN15ARMTargetDevice8goTargetEv
__ZN15ARMTargetDevice9getARMDLLEv
__ZN15ARMTargetDeviceC1ER23ConfigurationParametersR14IServerContext
__ZN15ARMTargetDeviceC2ER23ConfigurationParametersR14IServerContext
__ZN15ARMTargetDeviceD0Ev
__ZN15ARMTargetDeviceD1Ev
__ZN15ARMTargetDeviceD2Ev
__ZN15AnalysisGDB_FFWC1EP13ITargetDevice
__ZN15AnalysisGDB_FFWC2EP13ITargetDevice
__ZN15DspTargetDevice10readMemoryEyjtPhb
__ZN15DspTargetDevice10stepTargetEj
__ZN15DspTargetDevice10stopTargetEv
__ZN15DspTargetDevice11writeMemoryEyjtPhb
__ZN15DspTargetDevice12deInitialiseEv
__ZN15DspTargetDevice12getADMTargetEv
__ZN15DspTargetDevice12getRegistersERNSt3__112basic_stringIcNS0_11char_traitsIcEENS0_9allocatorIcEEEE
__ZN15DspTargetDevice12padDummyDataEymmPh
__ZN15DspTargetDevice13getHaltReasonERyRiR11STOP_REASON
__ZN15DspTargetDevice13isBigEndianIoEv
__ZN15DspTargetDevice13readyForResetEv
__ZN15DspTargetDevice14preInitialise1Ev
__ZN15DspTargetDevice14resetRegistersEv
__ZN15DspTargetDevice15isStepImmediateEv
__ZN15DspTargetDevice15startConnectionEv
__ZN15DspTargetDevice16getRegisterValueEjPj
__ZN15DspTargetDevice16getRegisterValueEjRNSt3__16vectorIhNS0_9allocatorIhEEEEb
__ZN15DspTargetDevice17cleanUpAfterResetEv
__ZN15DspTargetDevice17loadDeviceSupportEv
__ZN15DspTargetDevice18stopDownloadTargetEv
__ZN15DspTargetDevice19assignRegisterValueEjRNSt3__16vectorIjNS0_9allocatorIjEEEE
__ZN15DspTargetDevice19isValidBreakAddressEj
__ZN15DspTargetDevice20canSetSoftBreakpointEj
__ZN15DspTargetDevice21addHardwareBreakpointEj
__ZN15DspTargetDevice21addHardwareBreakpointEjj
__ZN15DspTargetDevice21addSoftwareBreakpointEjj
__ZN15DspTargetDevice22startDownloadOnConnectENSt3__14listINS0_12basic_stringIcNS0_11char_traitsIcEENS0_9allocatorIcEEEE
__ZN15DspTargetDevice24deleteHardwareBreakpointEj
__ZN15DspTargetDevice24deleteSoftwareBreakpointEjj
__ZN15DspTargetDevice24getMonitorCommandsObjectEv
__ZN15DspTargetDevice25resumeHardwareBreakpointsEv
__ZN15DspTargetDevice26getEventCombinationSupportER27EventCombinationSupportInfo
__ZN15DspTargetDevice26getTargetMaximumAddressGDBEv
__ZN15DspTargetDevice27getForceHardwareBreakPointsEv
__ZN15DspTargetDevice28checkDSPCodeAddressAlignmentEym
__ZN15DspTargetDevice29canCoreBeResumedByAnotherCoreEv
__ZN15DspTargetDevice31getTargetMaximumAddressInternalEv
__ZN15DspTargetDevice31testForAndSetBlockingOnIOStatusEv
__ZN15DspTargetDevice35isAlwaysNotifyResumedSuspendedStateEv
__ZN15DspTargetDevice5getPCERj
__ZN15DspTargetDevice5resetEv
__ZN15DspTargetDevice5setPCEj
__ZN15DspTargetDevice8goTargetEv
__ZN15DspTargetDevice9getStatusERj
__ZN15DspTargetDeviceC2ER23ConfigurationParametersR14IServerContextPKcS5_jS5_P12TargetDevice
__ZN15DspTargetDeviceD0Ev
__ZN15DspTargetDeviceD1Ev
__ZN15DspTargetDeviceD2Ev
__ZN15E2RISCVTraceGDBC1EP13ITargetDevicePN18RenesasElectronics9MicomTool15DebuggerLibrary15RenesasFirmWare13RISCVFirmwar
__ZN15E2RISCVTraceGDBC2EP13ITargetDevicePN18RenesasElectronics9MicomTool15DebuggerLibrary15RenesasFirmWare13RISCVFirmwar
__ZN15MulticoreTarget21getActiveTargetDeviceEv
__ZN15RCarE2ADMTargetC1EP13ITargetDeviceR14IServerContextR23ConfigurationParametersPN18RenesasElectronics9MicomTool15Deb
__ZN15RCarE2ADMTargetC2EP13ITargetDeviceR14IServerContextR23ConfigurationParametersPN18RenesasElectronics9MicomTool15Deb
__ZN15State_Processor10InitializeEP12TargetDeviceP18GDBSocketInterfaceP45MultithreadedOperatingSystemGDBMessageHandlerP1
__ZN15State_Processor29Xfer_features_read_target_xmlEPKcRNSt3__112basic_stringIcNS2_11char_traitsIcEENS2_9allocatorIcEEE
__ZN15T32TargetDevice10isH3DeviceEv
__ZN15T32TargetDevice11isV3MDeviceEv
__ZN15T32TargetDevice13displayBannerEv
__ZN15T32TargetDevice13isBigEndianIoEv
__ZN15T32TargetDevice14resetCoreTimerEv
__ZN15T32TargetDevice15isTargetStoppedEPKcRb
__ZN15T32TargetDevice15readDebugMemoryEyRj
__ZN15T32TargetDevice15singlePowerViewE
__ZN15T32TargetDevice16getCorefrequencyEPKc
__ZN15T32TargetDevice16getExecuteTimePCEPKc
__ZN15T32TargetDevice16writeDebugMemoryEyj
__ZN15T32TargetDevice19writeDebugMemoryPMUEyj
__ZN15T32TargetDevice26getEventCombinationSupportER27EventCombinationSupportInfo
__ZN15T32TargetDevice5preGoEv
__ZN15T32TargetDeviceC2ER23ConfigurationParametersR14IServerContextP19TargetDeviceNonExec
__ZN15T32TargetDeviceD0Ev
__ZN15T32TargetDeviceD1Ev
__ZN15T32TargetDeviceD2Ev
__ZN16AnalysisGDB_ExecC1EP13ITargetDeviceP15ADMExecCommands
__ZN16AnalysisGDB_ExecC2EP13ITargetDeviceP15ADMExecCommands
__ZN16CoreSightManagerC1EP19TargetDeviceNonExec
__ZN16CoreSightManagerC2EP19TargetDeviceNonExec
__ZN16E1RxTargetDevice11isSupportedEPKcS1_
__ZN16E1RxTargetDevice13startDownloadENSt3__14listINS0_12basic_stringIcNS0_11char_traitsIcEENS0_9allocatorIcEEEENS5_IS7_
__ZN16E1RxTargetDeviceC1ER23ConfigurationParametersR14IServerContextPS_
__ZN16E1RxTargetDeviceC2ER23ConfigurationParametersR14IServerContextPS_
__ZN16E1RxTargetDeviceD0Ev
__ZN16E1RxTargetDeviceD1Ev
__ZN16E1RxTargetDeviceD2Ev
__ZN16E2ARMAnalysisGDBC1EP13ITargetDevicePN18RenesasElectronics9MicomTool15DebuggerLibrary15RenesasFirmWare11ARMFirmware
__ZN16E2ARMAnalysisGDBC2EP13ITargetDevicePN18RenesasElectronics9MicomTool15DebuggerLibrary15RenesasFirmWare11ARMFirmware
__ZN16E2RISCVADMTargetC1EP13ITargetDeviceR14IServerContextR23ConfigurationParametersPN18RenesasElectronics9MicomTool15De
__ZN16E2RISCVADMTargetC2EP13ITargetDeviceR14IServerContextR23ConfigurationParametersPN18RenesasElectronics9MicomTool15De
__ZN16E2RxTargetDevice11isSupportedEPKcS1_
__ZN16E2RxTargetDevice12IsE2EmulatorEv
__ZN16E2RxTargetDevice12deInitialiseEv
__ZN16E2RxTargetDevice14DisconnectHPONEv
__ZN16E2RxTargetDevice15GetRfwInterfaceEv
__ZN16E2RxTargetDevice15setMonitorPointEiy
__ZN16E2RxTargetDevice15startConnectionEv
__ZN16E2RxTargetDevice17clearMonitorPointEi
__ZN16E2RxTargetDevice18load_usb_comms_dllEPc
__ZN16E2RxTargetDevice19changeSupplyVoltageEhRNSt3__112basic_stringIwNS0_11char_traitsIwEENS0_9allocatorIwEEEE
__ZN16E2RxTargetDevice19setTriggerConditionE20CurrentThresholdTypeyy21CurrentDetectionWidthyy17CurrentActionTypeh17Curre
__ZN16E2RxTargetDevice21getCurrentConsumptionEjRyRNSt3__14listI9UIntFloatNS1_9allocatorIS3_EEEE
__ZN16E2RxTargetDevice21getCurrentMonitorModeER18CurrentMonitorMode
__ZN16E2RxTargetDevice21getMonitorPointResultEyyiRmRyPvm
__ZN16E2RxTargetDevice21setCurrentMonitorModeE18CurrentMonitorMode
__ZN16E2RxTargetDevice23E20_set_user_brd_supplyEb
__ZN16E2RxTargetDevice23getMaxCountMonitorPointEv
__ZN16E2RxTargetDevice23isRTOSSupportedByTargetEv
__ZN16E2RxTargetDevice26setExternalTriggerForBreakEi22TriggerInputDetectTypeitR20TriggerSettingStatus
__ZN16E2RxTargetDevice27clearCurrentConsumptionDataEv
__ZN16E2RxTargetDevice27forceResetUpdateFromEclipseEv
__ZN16E2RxTargetDevice27getCurrentConsumptionResultEyyiRmRyPvm
__ZN16E2RxTargetDevice28E1_E20_download_dcnf_programEv
__ZN16E2RxTargetDevice29getCurrentMonitorSamplingModeER26CurrentMonitorSamplingModeRj
__ZN16E2RxTargetDevice29setCurrentMonitorSamplingModeE26CurrentMonitorSamplingModej
__ZN16E2RxTargetDevice30setCurrentAcquisitionConditionE22CurrentAcquisitionTerm17CurrentSignalType22ExternalTriggerChann
__ZN16E2RxTargetDevice31E1_E20_download_monitor_programEv
__ZN16E2RxTargetDevice31finishCurrentMonitorMeasurementEv
__ZN16E2RxTargetDevice31getCurrentConsumptionFrameCountEv
__ZN16E2RxTargetDevice31getCurrentConsumptionModuleNameEjRNSt3__112basic_stringIcNS0_11char_traitsIcEENS0_9allocatorIcEE
__ZN16E2RxTargetDevice31getCurrentConsumptionStatisticsERfS0_
__ZN16E2RxTargetDevice31monitorCurrentConsumptionEnableEb
__ZN16E2RxTargetDevice32getCurrentConsumptionModuleCountEv
__ZN16E2RxTargetDevice32prepareCurrentMonitorMeasurementEb
__ZN16E2RxTargetDevice36displayDebuggerRelatedModulesVersionEv
__ZN16E2RxTargetDevice37isSupportedForSessionisCurrentMonitorEv
__ZN16E2RxTargetDevice39isCurrentConsumptionMonitoringSupportedEv
__ZN16E2RxTargetDevice41getCurrentConsumptionTimestampRangeByTypeE18TimestampRangeTypeRyS1_
__ZN16E2RxTargetDeviceC1ER23ConfigurationParametersR14IServerContext
__ZN16E2RxTargetDeviceC2ER23ConfigurationParametersR14IServerContext
__ZN16E2RxTargetDeviceD0Ev
__ZN16E2RxTargetDeviceD1Ev
__ZN16E2RxTargetDeviceD2Ev
__ZN16EZRxTargetDevice11isSupportedEPKcS1_
__ZN16EZRxTargetDevice14Rx_Init_E1_E20Ev
__ZN16EZRxTargetDevice18load_usb_comms_dllEPc
__ZN16EZRxTargetDevice20canPowerFromEmulatorEv
__ZN16EZRxTargetDevice23E20_set_mcu_informationEv
__ZN16EZRxTargetDeviceC1ER23ConfigurationParametersR14IServerContext
__ZN16EZRxTargetDeviceC2ER23ConfigurationParametersR14IServerContext
__ZN16EZRxTargetDeviceD0Ev
__ZN16EZRxTargetDeviceD1Ev
__ZN16EZRxTargetDeviceD2Ev
__ZN16ExecTargetDevice10disconnectEv
__ZN16ExecTargetDevice10getIOAreasERNSt3__16vectorI11MemoryRangeNS0_9allocatorIS2_EEEE
__ZN16ExecTargetDevice10readMemoryEyjtPhb
__ZN16ExecTargetDevice10setSWBreakEy
__ZN16ExecTargetDevice10stepTargetEj
__ZN16ExecTargetDevice10stopTargetEv
__ZN16ExecTargetDevice12clearSWBreakEy
__ZN16ExecTargetDevice12deInitialiseEv
__ZN16ExecTargetDevice12getADMTargetEv
__ZN16ExecTargetDevice12getRegistersERNSt3__112basic_stringIcNS0_11char_traitsIcEENS0_9allocatorIcEEEE
__ZN16ExecTargetDevice13getHaltReasonERyRiR11STOP_REASON
__ZN16ExecTargetDevice13readRegistersERNSt3__16vectorINS0_12basic_stringIcNS0_11char_traitsIcEENS0_9allocatorIcEEEENS5_I
__ZN16ExecTargetDevice14preInitialise1Ev
__ZN16ExecTargetDevice14writeRegistersERNSt3__16vectorIPhNS0_9allocatorIS2_EEEE
__ZN16ExecTargetDevice16CreateADMSupportEv
__ZN16ExecTargetDevice16getBreakCommandsEv
__ZN16ExecTargetDevice16getMCDeviceEntryER23TargetDeviceListMCEntry
__ZN16ExecTargetDevice16getRegisterValueEjPjb
__ZN16ExecTargetDevice16getRegisterValueEjRNSt3__16vectorIhNS0_9allocatorIhEEEEb
__ZN16ExecTargetDevice16printBreakpointsEv
__ZN16ExecTargetDevice17isValidMemoryAreaEyj
__ZN16ExecTargetDevice18createHelperOjectsEv
__ZN16ExecTargetDevice18deleteSWBreakpointEjj
__ZN16ExecTargetDevice18getADMExecCommandsEv
__ZN16ExecTargetDevice19assignRegisterValueEjRNSt3__16vectorIjNS0_9allocatorIjEEEE
__ZN16ExecTargetDevice19createBreakCommandsEv
__ZN16ExecTargetDevice19getRegisterCommandsEv
__ZN16ExecTargetDevice19getTargetPropertiesEv
__ZN16ExecTargetDevice19isSWBreakPointAddedEy
__ZN16ExecTargetDevice20canSetSoftBreakpointEj
__ZN16ExecTargetDevice21addHardwareWatchpointEjj
__ZN16ExecTargetDevice21addSoftwareBreakpointEjj
__ZN16ExecTargetDevice21createADMExecCommandsEv
__ZN16ExecTargetDevice22createRegisterCommandsEv
__ZN16ExecTargetDevice22createTargetPropertiesEv
__ZN16ExecTargetDevice22isAcrossMemoryBoundaryEyjRNSt3__16vectorI11MemoryRangeNS0_9allocatorIS2_EEEE
__ZN16ExecTargetDevice22isSimulatedIOSupportedEv
__ZN16ExecTargetDevice23initialiseDebugFeaturesEv
__ZN16ExecTargetDevice24deleteHardwareWatchpointEj
__ZN16ExecTargetDevice24getMonitorCommandsObjectEv
__ZN16ExecTargetDevice25getSWBreakpointsAvailableEv
__ZN16ExecTargetDevice26canSubstituteSWBreakpointsEv
__ZN16ExecTargetDevice29getRegistersWindbackExceptionERNSt3__112basic_stringIcNS0_11char_traitsIcEENS0_9allocatorIcEEEE
__ZN16ExecTargetDevice36displayDebuggerRelatedModulesVersionEv
__ZN16ExecTargetDevice5getPCERj
__ZN16ExecTargetDevice5resetEv
__ZN16ExecTargetDevice5setPCEj
__ZN16ExecTargetDevice7connectENSt3__112basic_stringIcNS0_11char_traitsIcEENS0_9allocatorIcEEEE
__ZN16ExecTargetDevice8goTargetEv
__ZN16ExecTargetDevice8isIOAreaEj
__ZN16ExecTargetDevice9getStatusERj
__ZN16ExecTargetDeviceC2ER23ConfigurationParametersR14IServerContextPKcS5_jS5_PS_
__ZN16ExecTargetDeviceD0Ev
__ZN16ExecTargetDeviceD1Ev
__ZN16ExecTargetDeviceD2Ev
__ZN16ExecUserSettings18getMultiDeviceSyncEv
__ZN16MemoryMapManager9setTargetEP13ITargetDevice
__ZN16RL78TargetDevice10stopTargetEv
__ZN16RL78TargetDevice13getConfigDataEv
__ZN16RL78TargetDevice13isBigEndianIoEv
__ZN16RL78TargetDevice14getErrorFolderEv
__ZN16RL78TargetDevice14preInitialise1Ev
__ZN16RL78TargetDevice15TestPostConnectEv
__ZN16RL78TargetDevice15isStepImmediateEv
__ZN16RL78TargetDevice16createConfigDataEv
__ZN16RL78TargetDevice16getMemoryManagerEv
__ZN16RL78TargetDevice17loadDeviceSupportEv
__ZN16RL78TargetDevice19createMemoryManagerEv
__ZN16RL78TargetDevice19getDeviceCoreFamilyEPKc
__ZN16RL78TargetDevice21configurationCompleteEv
__ZN16RL78TargetDevice23isRTOSSupportedByTargetEv
__ZN16RL78TargetDevice23loadAndCheckDeviceFilesEv
__ZN16RL78TargetDevice24getMonitorCommandsObjectEv
__ZN16RL78TargetDevice25saveTargetDLLCoreSettingsEv
__ZN16RL78TargetDevice26getTargetMaximumAddressGDBEv
__ZN16RL78TargetDevice26isTimeMeasurementSupportedEv
__ZN16RL78TargetDevice26setSelectedCoreInTargetDLLEPKc
__ZN16RL78TargetDevice27queryBreakpointAvailabilityEy
__ZN16RL78TargetDevice27restrictOSThreadInformationEv
__ZN16RL78TargetDevice28isSupportedForSessionisTraceEv
__ZN16RL78TargetDevice28restoreTargetDLLCoreSettingsEv
__ZN16RL78TargetDevice29isSupportedForSessionisTargetEv
__ZN16RL78TargetDevice31isSupportedForSessionisAnalysisEv
__ZN16RL78TargetDevice34isSupportedForSessionisEventpointsEv
__ZN16RL78TargetDevice34isSupportedForSessionisSimulatedIOEv
__ZN16RL78TargetDevice35isSupportedForSessionisVirtualBoardEv
__ZN16RL78TargetDeviceC2ER23ConfigurationParametersR14IServerContextPKcPS_
__ZN16RL78TargetDeviceD0Ev
__ZN16RL78TargetDeviceD1Ev
__ZN16RL78TargetDeviceD2Ev
__ZN16T32EventpointGDBC1EP13ITargetDeviceP6T32DLL
__ZN16T32EventpointGDBC2EP13ITargetDeviceP6T32DLL
__ZN17CommandListOpcodeC1EPKcP13ITargetDevicejjji
__ZN17CommandListOpcodeC1EPKcP13ITargetDevicejjjib
__ZN17CommandListOpcodeC1EPKcP13ITargetDevicejjjijj
__ZN17CommandListOpcodeC2EPKcP13ITargetDevicejjji
__ZN17CommandListOpcodeC2EPKcP13ITargetDevicejjjib
__ZN17CommandListOpcodeC2EPKcP13ITargetDevicejjjijj
__ZN17DeviceInformationC1EP11device_info
__ZN17DeviceInformationC2EP11device_info
__ZN17E2ARMTargetDevice10readMemoryEyjtPhb
__ZN17E2ARMTargetDevice10setAuthKeyEv
__ZN17E2ARMTargetDevice10stepTargetEj
__ZN17E2ARMTargetDevice10stopTargetEv
__ZN17E2ARMTargetDevice11cacheMemoryEyjtPh
__ZN17E2ARMTargetDevice11isSupportedEPKcS1_
__ZN17E2ARMTargetDevice11setExtFlashEv
__ZN17E2ARMTargetDevice11supplyPowerEv
__ZN17E2ARMTargetDevice11writeMemoryEyjtPhb
__ZN17E2ARMTargetDevice12deInitialiseEv
__ZN17E2ARMTargetDevice12getADMTargetEv
__ZN17E2ARMTargetDevice12isCM23orCM33Ev
__ZN17E2ARMTargetDevice12isCM55orCM85Ev
__ZN17E2ARMTargetDevice13cacheRegisterEjRNSt3__16vectorIjNS0_9allocatorIjEEEE
__ZN17E2ARMTargetDevice13displayBannerEv
__ZN17E2ARMTargetDevice13formatVersionEj
__ZN17E2ARMTargetDevice13getDwCoreInfoEv
__ZN17E2ARMTargetDevice13getHaltReasonERyRiR11STOP_REASON
__ZN17E2ARMTargetDevice13isBigEndianIoEv
__ZN17E2ARMTargetDevice14isCM0orCM0PlusEv
__ZN17E2ARMTargetDevice14preInitialise1Ev
__ZN17E2ARMTargetDevice15GetRfwInterfaceEv
__ZN17E2ARMTargetDevice15Get_halt_reasonER11Halt_reasonbj
__ZN17E2ARMTargetDevice15connectEmulatorEv
__ZN17E2ARMTargetDevice15connectToTargetEv
__ZN17E2ARMTargetDevice15goCoreForTargetERKj
__ZN17E2ARMTargetDevice15isTargetStoppedERb
__ZN17E2ARMTargetDevice15setDebugOptionsEv
__ZN17E2ARMTargetDevice15startConnectionEv
__ZN17E2ARMTargetDevice16CreateADMSupportEv
__ZN17E2ARMTargetDevice16clearCacheMemoryEv
__ZN17E2ARMTargetDevice16disconnectTargetEv
__ZN17E2ARMTargetDevice16getExecuteTimePCEv
__ZN17E2ARMTargetDevice16getRFWAccessSizeEt
__ZN17E2ARMTargetDevice16getRegisterValueEjRNSt3__16vectorIhNS0_9allocatorIhEEEEb
__ZN17E2ARMTargetDevice16writeCacheMemoryEv
__ZN17E2ARMTargetDevice17getDriverFilePathEv
__ZN17E2ARMTargetDevice17getProgEmlMesInfoEv
__ZN17E2ARMTargetDevice17isCortexRCoreTypeEv
__ZN17E2ARMTargetDevice17isInInterruptModeEv
__ZN17E2ARMTargetDevice17loadDeviceSupportEv
__ZN17E2ARMTargetDevice17stopCoreForTargetERKj
__ZN17E2ARMTargetDevice18deleteSWBreakpointEjj
__ZN17E2ARMTargetDevice18isCortexARCoreTypeEv
__ZN17E2ARMTargetDevice18stopDownloadTargetEv
__ZN17E2ARMTargetDevice18targetHaltedStatusEv
__ZN17E2ARMTargetDevice18writeCacheRegisterEv
__ZN17E2ARMTargetDevice19assignRegisterValueEjRNSt3__16vectorIjNS0_9allocatorIjEEEE
__ZN17E2ARMTargetDevice19getDeviceCoreFamilyEPKc
__ZN17E2ARMTargetDevice19getRunModeForDeviceEv
__ZN17E2ARMTargetDevice19isSWBreakPointAddedEy
__ZN17E2ARMTargetDevice19preGoInitialisationEv
__ZN17E2ARMTargetDevice19setMcuInfoToFimwareEv
__ZN17E2ARMTargetDevice20getArmRfwDllFilePathEv
__ZN17E2ARMTargetDevice20isDelayedDownloadingEv
__ZN17E2ARMTargetDevice20isMulticoreTzSupportEPKc
__ZN17E2ARMTargetDevice20updatePreRunFunctionEj
__ZN17E2ARMTargetDevice21addSoftwareBreakpointEjj
__ZN17E2ARMTargetDevice21clearAllSWBreakpointsEv
__ZN17E2ARMTargetDevice21isReadyToGetStatusBarEv
__ZN17E2ARMTargetDevice22E2_E2LITE_HotPlugSetupEv
__ZN17E2ARMTargetDevice22addDeviceListToManagerERNSt3__16vectorINS0_12basic_stringIcNS0_11char_traitsIcEENS0_9allocatorI
__ZN17E2ARMTargetDevice22checkSWVSupportForCoreEv
__ZN17E2ARMTargetDevice22getAccessTypeForDeviceEv
__ZN17E2ARMTargetDevice22getEmlMesOverflowCountEv
__ZN17E2ARMTargetDevice22getFlashProgrammerPathEv
__ZN17E2ARMTargetDevice22getTargetDeviceDetailsEv
__ZN17E2ARMTargetDevice22startDownloadOnConnectENSt3__14listINS0_12basic_stringIcNS0_11char_traitsIcEENS0_9allocatorIcEE
__ZN17E2ARMTargetDevice22updateEmulatorHardwareEv
__ZN17E2ARMTargetDevice23doCoreDependentSettingsEv
__ZN17E2ARMTargetDevice23getEmulatorHardwareInfoEv
__ZN17E2ARMTargetDevice23isRTOSSupportedByTargetEv
__ZN17E2ARMTargetDevice23setIsDelayedDownloadingEb
__ZN17E2ARMTargetDevice23updatePostBreakFunctionEj
__ZN17E2ARMTargetDevice24getCoreNumberForSwoTraceEv
__ZN17E2ARMTargetDevice24getMonitorCommandsObjectEv
__ZN17E2ARMTargetDevice24startStopFunctionSettingEv
__ZN17E2ARMTargetDevice25getSWBreakpointsAvailableEv
__ZN17E2ARMTargetDevice25isDataAccessSizeSupportedEv
__ZN17E2ARMTargetDevice25searchConnectableEmualtorEv
__ZN17E2ARMTargetDevice25startConnectionSubProcessEv
__ZN17E2ARMTargetDevice25targetHaltedStatusForCoreERKj
__ZN17E2ARMTargetDevice26getEventCombinationSupportER27EventCombinationSupportInfo
__ZN17E2ARMTargetDevice26getTargetDeviceListManagerEv
__ZN17E2ARMTargetDevice26isBlockContainSWBreakpointEmPyy
__ZN17E2ARMTargetDevice26isTimeMeasurementSupportedEv
__ZN17E2ARMTargetDevice26isValidWorkRamAddressValueEj
__ZN17E2ARMTargetDevice27disconnectButContinueTargetEv
__ZN17E2ARMTargetDevice27queryBreakpointAvailabilityEy
__ZN17E2ARMTargetDevice27restrictOSThreadInformationEv
__ZN17E2ARMTargetDevice27setPreRunPostBreakFunctionsEbjbjjj
__ZN17E2ARMTargetDevice28adjustEvenpointsForMulticoreERiS0_
__ZN17E2ARMTargetDevice28isSupportedForSessionisTraceEv
__ZN17E2ARMTargetDevice28setIsDataAccessSizeSupportedEb
__ZN17E2ARMTargetDevice29createEventCombinationSupportER27EventCombinationSupportInfoRKiS3_S3_S3_
__ZN17E2ARMTargetDevice29getDefaultWorkRamStartAddressEv
__ZN17E2ARMTargetDevice29getITMTimestampCountFrequencyEv
__ZN17E2ARMTargetDevice29isLibraryForBootModeAvailableEv
__ZN17E2ARMTargetDevice29isSupportedForSessionisTargetEv
__ZN17E2ARMTargetDevice30getTargetRunningStatusIntervalEv
__ZN17E2ARMTargetDevice30isTraceStartStopEventSupportedEv
__ZN17E2ARMTargetDevice31reconnectARMTargetMidConnectionEv
__ZN17E2ARMTargetDevice32disconnectARMTargetMidConnectionEv
__ZN17E2ARMTargetDevice33isInInterruptModeFromProcessStackEv
__ZN17E2ARMTargetDevice33setIsTraceStartStopEventSupportedEb
__ZN17E2ARMTargetDevice34getSWBreakpointsUnavailableErrorIdEv
__ZN17E2ARMTargetDevice34isSupportedForSessionisSimulatedIOEv
__ZN17E2ARMTargetDevice36advanceToNextInstructionAndRunTargetEv
__ZN17E2ARMTargetDevice36displayDebuggerRelatedModulesVersionEv
__ZN17E2ARMTargetDevice40isDeviceSupportingSeparateExceptionStackEv
__ZN17E2ARMTargetDevice5isCM4Ev
__ZN17E2ARMTargetDevice5preGoEv
__ZN17E2ARMTargetDevice5resetEv
__ZN17E2ARMTargetDevice6isCM23Ev
__ZN17E2ARMTargetDevice6isCR52Ev
__ZN17E2ARMTargetDevice8getCpuIdERj
__ZN17E2ARMTargetDevice8goTargetEv
__ZN17E2ARMTargetDevice9getStatusERj
__ZN17E2ARMTargetDevice9setIdCodeEv
__ZN17E2ARMTargetDeviceC1ER23ConfigurationParametersR14IServerContext
__ZN17E2ARMTargetDeviceC1ER23ConfigurationParametersR14IServerContextP19TargetDeviceNonExec
__ZN17E2ARMTargetDeviceC2ER23ConfigurationParametersR14IServerContext
__ZN17E2ARMTargetDeviceC2ER23ConfigurationParametersR14IServerContextP19TargetDeviceNonExec
__ZN17E2ARMTargetDeviceD0Ev
__ZN17E2ARMTargetDeviceD1Ev
__ZN17E2ARMTargetDeviceD2Ev
__ZN17RA8TZTargetDevice15getTzDeviceTypeEv
__ZN17RA8TZTargetDevice17getDlmmonRegisterEv
__ZN17RA8TZTargetDevice18convertRtzDlmStateERKN18RenesasElectronics21RenesasTrustZoneDebug13RTZ_DLM_STATEERKNS1_14RTZ_AU
__ZN17RA8TZTargetDevice18isSRAMNsMemoryTypeERKN12ARMTrustZone12ARMCMSISZone15CMSISZoneMemoryE
__ZN17RA8TZTargetDevice19getSecureDebugStateEv
__ZN17RA8TZTargetDevice21getRtzDlmStateAfterCmEv
__ZN17RA8TZTargetDevice21supportsProtAuthLevelEv
__ZN17RA8TZTargetDevice22getNonSecureDebugStateEv
__ZN17RA8TZTargetDevice22isSipFlashNsMemoryTypeERKN12ARMTrustZone12ARMCMSISZone15CMSISZoneMemoryE
__ZN17RA8TZTargetDevice23isCodeFlashNsMemoryTypeERKN12ARMTrustZone12ARMCMSISZone15CMSISZoneMemoryE
__ZN17RA8TZTargetDevice23isDataFlashNsMemoryTypeERKN12ARMTrustZone12ARMCMSISZone15CMSISZoneMemoryE
__ZN17RA8TZTargetDevice24isValidDlmAuthenticationERKN21TrustZoneTargetDevice9DLM_STATEES3_
__ZN17RA8TZTargetDevice24printTrustZoneTargetInfoERKN21TrustZoneTargetDevice9DLM_STATEERKN18RenesasElectronics21RenesasT
__ZN17RA8TZTargetDevice25getSecureDebugStateStringEv
__ZN17RA8TZTargetDevice26getDlmStateFromDlmmonValueERKh
__ZN17RA8TZTargetDevice26getDlmStateFromDlmmonValueERKhS1_
__ZN17RA8TZTargetDevice28getCurrentDlmStateInBootModeEPN18RenesasElectronics21RenesasTrustZoneDebug17IRenesasTrustZoneER
__ZN17RA8TZTargetDevice28getNonSecureDebugStateStringEv
__ZN17RA8TZTargetDevice29convertSecureToNonSecureAliasERKy
__ZN17RA8TZTargetDevice30getIdauRegionFromCmsisZoneListERKNSt3__16vectorIN12ARMTrustZone12ARMCMSISZone15CMSISZoneMemoryE
__ZN17RA8TZTargetDevice37isValidCodeRegionToEraseInSecureStateERKN12ARMTrustZone12ARMCMSISZone15CMSISZoneMemoryE
__ZN17RA8TZTargetDevice37isValidDataRegionToEraseInSecureStateERKN12ARMTrustZone12ARMCMSISZone15CMSISZoneMemoryE
__ZN17RA8TZTargetDevice41isValidSipFlashRegionToEraseInSecureStateERKN12ARMTrustZone12ARMCMSISZone15CMSISZoneMemoryE
__ZN17RA8TZTargetDeviceC1Ev
__ZN17RA8TZTargetDeviceC2Ev
__ZN17RA8TZTargetDeviceD0Ev
__ZN17RA8TZTargetDeviceD1Ev
__ZN17RA8TZTargetDeviceD2Ev
__ZN17RCarE2AnalysisGDB12handleSocketEbP24RCarE2TargetDeviceMC_CPU
__ZN17RCarE2AnalysisGDB13setPMUReadingEbP24RCarE2TargetDeviceMC_CPU
__ZN17RCarE2AnalysisGDB19getPMURemainingDataEP24RCarE2TargetDeviceMC_CPU
__ZN17RCarE2AnalysisGDBC1EP13ITargetDevicePN18RenesasElectronics9MicomTool15DebuggerLibrary15RenesasFirmWare11ARMFirmwar
__ZN17RCarE2AnalysisGDBC2EP13ITargetDevicePN18RenesasElectronics9MicomTool15DebuggerLibrary15RenesasFirmWare11ARMFirmwar
__ZN17RH850TargetDevice10disconnectEv
__ZN17RH850TargetDevice10stopTargetEv
__ZN17RH850TargetDevice11isSupportedEPKcS1_
__ZN17RH850TargetDevice11printStatusEv
__ZN17RH850TargetDevice11writeMemoryEyjtPhb
__ZN17RH850TargetDevice12getADMTargetEv
__ZN17RH850TargetDevice13TestDataFlashEv
__ZN17RH850TargetDevice13TestRegistersEv
__ZN17RH850TargetDevice13displayBannerEv
__ZN17RH850TargetDevice13donePreparingEv
__ZN17RH850TargetDevice13getConfigDataEv
__ZN17RH850TargetDevice13getHaltReasonERyRiR11STOP_REASON
__ZN17RH850TargetDevice13handleDFAStepEPKc
__ZN17RH850TargetDevice13isBigEndianIoEv
__ZN17RH850TargetDevice13setDTASettingEPKcS1_Rj
__ZN17RH850TargetDevice14enableCodeSRAMEv
__ZN17RH850TargetDevice14getErrorFolderEv
__ZN17RH850TargetDevice14getExecConnectEv
__ZN17RH850TargetDevice14getJumpAddressEjRj
__ZN17RH850TargetDevice14handleDFAResetEv
__ZN17RH850TargetDevice14isRCarS4G4CoreEv
__ZN17RH850TargetDevice14isRCarS4_ICUMXEv
__ZN17RH850TargetDevice14preInitialise1Ev
__ZN17RH850TargetDevice14setRegisterXMLENSt3__112basic_stringIcNS0_11char_traitsIcEENS0_9allocatorIcEEEE
__ZN17RH850TargetDevice15GetRfwInterfaceEv
__ZN17RH850TargetDevice15TestDownloadingEv
__ZN17RH850TargetDevice15getDebuggerNameEN6Device8DeviceIDE
__ZN17RH850TargetDevice15getDisplacementEjjRb
__ZN17RH850TargetDevice15getExecCommandsEv
__ZN17RH850TargetDevice15isStepImmediateEv
__ZN17RH850TargetDevice15startConnectionEv
__ZN17RH850TargetDevice16CreateADMSupportEv
__ZN17RH850TargetDevice16createConfigDataEv
__ZN17RH850TargetDevice16getMemoryManagerEv
__ZN17RH850TargetDevice16getRegisterValueEjRNSt3__16vectorIhNS0_9allocatorIhEEEEb
__ZN17RH850TargetDevice16handleGoAllCmdRHEPKc
__ZN17RH850TargetDevice17createExecConnectEv
__ZN17RH850TargetDevice17displayMemoryDumpEyjPh
__ZN17RH850TargetDevice17getMemoryCommandsEv
__ZN17RH850TargetDevice17loadDeviceSupportEv
__ZN17RH850TargetDevice18clearRHTraceBufferEv
__ZN17RH850TargetDevice18createExecCommandsEv
__ZN17RH850TargetDevice18handleGetDFAEnableEPKc
__ZN17RH850TargetDevice18handleRHReadMemoryEPKc
__ZN17RH850TargetDevice18stopDownloadTargetEv
__ZN17RH850TargetDevice19InitialiseDataFlashEv
__ZN17RH850TargetDevice19createMemoryManagerEv
__ZN17RH850TargetDevice19getDisplacement9bitEjRb
__ZN17RH850TargetDevice19getRegisterCommandsEv
__ZN17RH850TargetDevice19handleRHWriteMemoryEPKc
__ZN17RH850TargetDevice19handleReadARegisterEPKc
__ZN17RH850TargetDevice19hotPluginInitialiseEv
__ZN17RH850TargetDevice20createMemoryCommandsEv
__ZN17RH850TargetDevice20getDisplacement16bitEjRb
__ZN17RH850TargetDevice20getDisplacement17bitEjjRb
__ZN17RH850TargetDevice20getDisplacement22bitEjjRb
__ZN17RH850TargetDevice20getDisplacement32bitEjjRb
__ZN17RH850TargetDevice20handleWriteARegisterEPKc
__ZN17RH850TargetDevice20monitorCommandHookMCEPKcb
__ZN17RH850TargetDevice21getOperatingFrequencyEPi
__ZN17RH850TargetDevice21outputReceivedCommandEPKc
__ZN17RH850TargetDevice22createRegisterCommandsEv
__ZN17RH850TargetDevice22startDownloadOnConnectENSt3__14listINS0_12basic_stringIcNS0_11char_traitsIcEENS0_9allocatorIcEE
__ZN17RH850TargetDevice23loadAndCheckDeviceFilesEv
__ZN17RH850TargetDevice23readMemoryWithinSectionEyjPhb
__ZN17RH850TargetDevice24getMonitorCommandsObjectEv
__ZN17RH850TargetDevice26addTraceRecordToCoreBufferENSt3__112basic_stringIcNS0_11char_traitsIcEENS0_9allocatorIcEEEE11ta
__ZN17RH850TargetDevice26getEventCombinationSupportER27EventCombinationSupportInfo
__ZN17RH850TargetDevice26isTimeMeasurementSupportedEv
__ZN17RH850TargetDevice27getForceHardwareBreakPointsEv
__ZN17RH850TargetDevice27setAllowClockSourceInternalEv
__ZN17RH850TargetDevice28isSupportedForSessionisTraceEv
__ZN17RH850TargetDevice29isSupportedForSessionisTargetEv
__ZN17RH850TargetDevice30initialiseMulchDeviceSyncDebugEv
__ZN17RH850TargetDevice30isSupportedForSessionisTcTraceEv
__ZN17RH850TargetDevice31isSupportedForSessionisAnalysisEv
__ZN17RH850TargetDevice32isRHG4ResponseDataVariableLengthEv
__ZN17RH850TargetDevice33isSupportedForSessionisBusMonitorEv
__ZN17RH850TargetDevice34handleGetMultideviceTimemesurementEv
__ZN17RH850TargetDevice34isSupportedForSessionisEventpointsEv
__ZN17RH850TargetDevice34isSupportedForSessionisSimulatedIOEv
__ZN17RH850TargetDevice35isResumeAllSelectedSessionSupportedEv
__ZN17RH850TargetDevice35isSupportedForSessionisVirtualBoardEv
__ZN17RH850TargetDevice39initialiseMulchDeviceSyncDebugExTriggerEv
__ZN17RH850TargetDevice39initialiseMulchDeviceSyncDebugSyncBoardEv
__ZN17RH850TargetDevice4isG4Ev
__ZN17RH850TargetDevice5resetEv
__ZN17RH850TargetDevice9readTraceEb
__ZN17RH850TargetDeviceC1ER23ConfigurationParametersR14IServerContextPS_
__ZN17RH850TargetDeviceC2ER23ConfigurationParametersR14IServerContextPS_
__ZN17RH850TargetDeviceD0Ev
__ZN17RH850TargetDeviceD1Ev
__ZN17RH850TargetDeviceD2Ev
__ZN17RxDspTargetDevice10readMemoryEyjPh
__ZN17RxDspTargetDevice10readMemoryEyjtPhb
__ZN17RxDspTargetDevice10stepTargetEj
__ZN17RxDspTargetDevice10stopTargetEv
__ZN17RxDspTargetDevice11writeMemoryEyjPh
__ZN17RxDspTargetDevice13getHaltReasonERyRiR11STOP_REASON
__ZN17RxDspTargetDevice13isBigEndianIoEv
__ZN17RxDspTargetDevice13readyForResetEv
__ZN17RxDspTargetDevice16checkAddressAreaERym
__ZN17RxDspTargetDevice16getRegisterValueEjRNSt3__16vectorIhNS0_9allocatorIhEEEEb
__ZN17RxDspTargetDevice17cleanUpAfterResetEv
__ZN17RxDspTargetDevice17isBigEndianTargetEv
__ZN17RxDspTargetDevice19assignRegisterValueEjRNSt3__16vectorIjNS0_9allocatorIjEEEE
__ZN17RxDspTargetDevice19isValidBreakAddressEj
__ZN17RxDspTargetDevice20isValidRegisterIndexEj
__ZN17RxDspTargetDevice21configurationCompleteEv
__ZN17RxDspTargetDevice21getDSPRegisterDetailsEjRj
__ZN17RxDspTargetDevice23reg_index_GDB_to_ServerEj
__ZN17RxDspTargetDevice24getRegisterXMLDefinitionEv
__ZN17RxDspTargetDevice26getTargetMemoryRegionsListEPKcRNSt3__14listIN12GDBMemoryMap14GDBMemoryRangeENS2_9allocatorIS5_E
__ZN17RxDspTargetDevice5resetEv
__ZN17RxDspTargetDevice8goTargetEv
__ZN17RxDspTargetDeviceC1ER23ConfigurationParametersR14IServerContextPKcP14RxTargetDevice
__ZN17RxDspTargetDeviceC2ER23ConfigurationParametersR14IServerContextPKcP14RxTargetDevice
__ZN17RxDspTargetDeviceD0Ev
__ZN17RxDspTargetDeviceD1Ev
__ZN17RxDspTargetDeviceD2Ev
__ZN18ARMADMTargetMC_CPUC1EP13ITargetDeviceR14IServerContextR23ConfigurationParametersP11JLinkARMDLL
__ZN18ARMADMTargetMC_CPUC2EP13ITargetDeviceR14IServerContextR23ConfigurationParametersP11JLinkARMDLL
__ZN18ARMDspTargetDevice10readMemoryEyjPh
__ZN18ARMDspTargetDevice10readMemoryEyjtPhb
__ZN18ARMDspTargetDevice10stepTargetEj
__ZN18ARMDspTargetDevice10stopTargetEv
__ZN18ARMDspTargetDevice11writeMemoryEyjPh
__ZN18ARMDspTargetDevice13getHaltReasonERyRiR11STOP_REASON
__ZN18ARMDspTargetDevice13readyForResetEv
__ZN18ARMDspTargetDevice16checkAddressAreaERym
__ZN18ARMDspTargetDevice16getRegisterValueEjRNSt3__16vectorIhNS0_9allocatorIhEEEEb
__ZN18ARMDspTargetDevice17cleanUpAfterResetEv
__ZN18ARMDspTargetDevice19assignRegisterValueEjRNSt3__16vectorIjNS0_9allocatorIjEEEE
__ZN18ARMDspTargetDevice19invalidateExecutionEv
__ZN18ARMDspTargetDevice19isValidBreakAddressEj
__ZN18ARMDspTargetDevice20isValidRegisterIndexEj
__ZN18ARMDspTargetDevice21addHardwareBreakpointEj
__ZN18ARMDspTargetDevice21configurationCompleteEv
__ZN18ARMDspTargetDevice21getDSPRegisterDetailsEjRj
__ZN18ARMDspTargetDevice23reg_index_GDB_to_ServerEj
__ZN18ARMDspTargetDevice24getRegisterXMLDefinitionEv
__ZN18ARMDspTargetDevice25resumeHardwareBreakpointsEv
__ZN18ARMDspTargetDevice26getTargetMaximumAddressGDBEv
__ZN18ARMDspTargetDevice26isTimeMeasurementSupportedEv
__ZN18ARMDspTargetDevice27restoreInvalidatedExecutionEv
__ZN18ARMDspTargetDevice5resetEv
__ZN18ARMDspTargetDevice8goTargetEv
__ZN18ARMDspTargetDevice9getStatusERj
__ZN18ARMDspTargetDeviceC1ER23ConfigurationParametersR14IServerContextPKcP15ARMTargetDevice
__ZN18ARMDspTargetDeviceC2ER23ConfigurationParametersR14IServerContextPKcP15ARMTargetDevice
__ZN18ARMDspTargetDeviceD0Ev
__ZN18ARMDspTargetDeviceD1Ev
__ZN18ARMDspTargetDeviceD2Ev
__ZN18CommandListOpcodesC1EP13ITargetDevice
__ZN18CommandListOpcodesC2EP13ITargetDevice
__ZN18E1RL78TargetDevice11isSupportedEPKcS1_
__ZN18E1RL78TargetDevice11writeMemoryEyjtPhb
__ZN18E1RL78TargetDevice13displayBannerEv
__ZN18E1RL78TargetDevice14getExecConnectEv
__ZN18E1RL78TargetDevice15getDebuggerNameEN6Device8DeviceIDE
__ZN18E1RL78TargetDevice15getExecCommandsEv
__ZN18E1RL78TargetDevice15startConnectionEv
__ZN18E1RL78TargetDevice17createExecConnectEv
__ZN18E1RL78TargetDevice17getMemoryCommandsEv
__ZN18E1RL78TargetDevice18createExecCommandsEv
__ZN18E1RL78TargetDevice18stopDownloadTargetEv
__ZN18E1RL78TargetDevice19assignRegisterValueEjRNSt3__16vectorIjNS0_9allocatorIjEEEE
__ZN18E1RL78TargetDevice19getRegisterCommandsEv
__ZN18E1RL78TargetDevice20createMemoryCommandsEv
__ZN18E1RL78TargetDevice20setFirstStopNotifiedEv
__ZN18E1RL78TargetDevice22createRegisterCommandsEv
__ZN18E1RL78TargetDevice22isHWBrkHasHighPriorityEv
__ZN18E1RL78TargetDevice22startDownloadOnConnectENSt3__14listINS0_12basic_stringIcNS0_11char_traitsIcEENS0_9allocatorIcE
__ZN18E1RL78TargetDevice23readMemoryWithinSectionEyjPhb
__ZN18E1RL78TargetDevice26getEventCombinationSupportER27EventCombinationSupportInfo
__ZN18E1RL78TargetDevice26getTargetMemoryRegionsListEPKcRNSt3__14listIN12GDBMemoryMap14GDBMemoryRangeENS2_9allocatorIS5_
__ZN18E1RL78TargetDeviceC1ER23ConfigurationParametersR14IServerContextPKcPS_
__ZN18E1RL78TargetDeviceC2ER23ConfigurationParametersR14IServerContextPKcPS_
__ZN18E1RL78TargetDeviceD0Ev
__ZN18E1RL78TargetDeviceD1Ev
__ZN18E1RL78TargetDeviceD2Ev
__ZN18E2ARMADMTargetCoreC1EP13ITargetDeviceR14IServerContextR23ConfigurationParametersPN18RenesasElectronics9MicomTool15
__ZN18E2ARMADMTargetCoreC2EP13ITargetDeviceR14IServerContextR23ConfigurationParametersPN18RenesasElectronics9MicomTool15
__ZN18E2ARMEventpointGDBC1EP13ITargetDevicePN18RenesasElectronics9MicomTool15DebuggerLibrary15RenesasFirmWare11ARMFirmwa
__ZN18E2ARMEventpointGDBC2EP13ITargetDevicePN18RenesasElectronics9MicomTool15DebuggerLibrary15RenesasFirmWare11ARMFirmwa
__ZN18E2RISCVAnalysisGDBC1EP13ITargetDevicePN18RenesasElectronics9MicomTool15DebuggerLibrary15RenesasFirmWare13RISCVFirm
__ZN18E2RISCVAnalysisGDBC2EP13ITargetDevicePN18RenesasElectronics9MicomTool15DebuggerLibrary15RenesasFirmWare13RISCVFirm
__ZN18E2RL78TargetDevice11isSupportedEPKcS1_
__ZN18E2RL78TargetDevice12IsE2EmulatorEv
__ZN18E2RL78TargetDevice12deInitialiseEv
__ZN18E2RL78TargetDevice15GetRfwInterfaceEv
__ZN18E2RL78TargetDevice15setMonitorPointEiy
__ZN18E2RL78TargetDevice15startConnectionEv
__ZN18E2RL78TargetDevice17clearMonitorPointEi
__ZN18E2RL78TargetDevice17createExecConnectEv
__ZN18E2RL78TargetDevice18createExecCommandsEv
__ZN18E2RL78TargetDevice18stopDownloadTargetEv
__ZN18E2RL78TargetDevice19assignRegisterValueEjRNSt3__16vectorIjNS0_9allocatorIjEEEE
__ZN18E2RL78TargetDevice19changeSupplyVoltageEhRNSt3__112basic_stringIwNS0_11char_traitsIwEENS0_9allocatorIwEEEE
__ZN18E2RL78TargetDevice19setTriggerConditionE20CurrentThresholdTypeyy21CurrentDetectionWidthyy17CurrentActionTypeh17Cur
__ZN18E2RL78TargetDevice20updatePreRunFunctionEj
__ZN18E2RL78TargetDevice21getCurrentConsumptionEjRyRNSt3__14listI9UIntFloatNS1_9allocatorIS3_EEEE
__ZN18E2RL78TargetDevice21getCurrentMonitorModeER18CurrentMonitorMode
__ZN18E2RL78TargetDevice21getMonitorPointResultEyyiRmRyPvm
__ZN18E2RL78TargetDevice21setCurrentMonitorModeE18CurrentMonitorMode
__ZN18E2RL78TargetDevice23getMaxCountMonitorPointEv
__ZN18E2RL78TargetDevice23updatePostBreakFunctionEj
__ZN18E2RL78TargetDevice26setExternalTriggerForBreakEi22TriggerInputDetectTypeitR20TriggerSettingStatus
__ZN18E2RL78TargetDevice27clearCurrentConsumptionDataEv
__ZN18E2RL78TargetDevice27forceResetUpdateFromEclipseEv
__ZN18E2RL78TargetDevice27getCurrentConsumptionResultEyyiRmRyPvm
__ZN18E2RL78TargetDevice27setPreRunPostBreakFunctionsEbjbj
__ZN18E2RL78TargetDevice29getCurrentMonitorSamplingModeER26CurrentMonitorSamplingModeRj
__ZN18E2RL78TargetDevice29setCurrentMonitorSamplingModeE26CurrentMonitorSamplingModej
__ZN18E2RL78TargetDevice30setCurrentAcquisitionConditionE22CurrentAcquisitionTerm17CurrentSignalType22ExternalTriggerCha
__ZN18E2RL78TargetDevice31finishCurrentMonitorMeasurementEv
__ZN18E2RL78TargetDevice31getCurrentConsumptionFrameCountEv
__ZN18E2RL78TargetDevice31getCurrentConsumptionModuleNameEjRNSt3__112basic_stringIcNS0_11char_traitsIcEENS0_9allocatorIc
__ZN18E2RL78TargetDevice31getCurrentConsumptionStatisticsERfS0_
__ZN18E2RL78TargetDevice31monitorCurrentConsumptionEnableEb
__ZN18E2RL78TargetDevice32getCurrentConsumptionModuleCountEv
__ZN18E2RL78TargetDevice32prepareCurrentMonitorMeasurementEb
__ZN18E2RL78TargetDevice37isSupportedForSessionisCurrentMonitorEv
__ZN18E2RL78TargetDevice39isCurrentConsumptionMonitoringSupportedEv
__ZN18E2RL78TargetDevice41getCurrentConsumptionTimestampRangeByTypeE18TimestampRangeTypeRyS1_
__ZN18E2RL78TargetDeviceC1ER23ConfigurationParametersR14IServerContextPS_
__ZN18E2RL78TargetDeviceC2ER23ConfigurationParametersR14IServerContextPS_
__ZN18E2RL78TargetDeviceD0Ev
__ZN18E2RL78TargetDeviceD1Ev
__ZN18E2RL78TargetDeviceD2Ev
__ZN18EnewTZTargetDevice15getTzDeviceTypeEv
__ZN18EnewTZTargetDevice17getDlmmonRegisterEv
__ZN18EnewTZTargetDevice18isSecureDebugStateERKN21TrustZoneTargetDevice9DLM_STATEE
__ZN18EnewTZTargetDevice19getSecureDebugStateEv
__ZN18EnewTZTargetDevice21getRtzDlmStateAfterCmEv
__ZN18EnewTZTargetDevice21isNonSecureDebugStateERKN21TrustZoneTargetDevice9DLM_STATEE
__ZN18EnewTZTargetDevice22getNonSecureDebugStateEv
__ZN18EnewTZTargetDevice22isChipManufactureStateERKN21TrustZoneTargetDevice9DLM_STATEE
__ZN18EnewTZTargetDevice23getChipManufactureStateEv
__ZN18EnewTZTargetDevice24printTrustZoneTargetInfoERKN21TrustZoneTargetDevice9DLM_STATEERKN18RenesasElectronics21Renesas
__ZN18EnewTZTargetDevice25getSecureDebugStateStringEv
__ZN18EnewTZTargetDevice26getDlmStateFromDlmmonValueERKh
__ZN18EnewTZTargetDevice26getDlmStateFromDlmmonValueERKhS1_
__ZN18EnewTZTargetDevice28getCurrentDlmStateInBootModeEPN18RenesasElectronics21RenesasTrustZoneDebug17IRenesasTrustZoneE
__ZN18EnewTZTargetDevice28getNonSecureDebugStateStringEv
__ZN18EnewTZTargetDevice30getIdauRegionFromCmsisZoneListERKNSt3__16vectorIN12ARMTrustZone12ARMCMSISZone15CMSISZoneMemory
__ZN18EnewTZTargetDeviceC1Ev
__ZN18EnewTZTargetDeviceC2Ev
__ZN18EnewTZTargetDeviceD0Ev
__ZN18EnewTZTargetDeviceD1Ev
__ZN18EnewTZTargetDeviceD2Ev
__ZN18GDBSocketInterface21getActiveTargetDeviceEv
__ZN18JLinkRISCVTraceGDBC1EP13ITargetDeviceP11JLinkARMDLLR23ConfigurationParameters
__ZN18JLinkRISCVTraceGDBC2EP13ITargetDeviceP11JLinkARMDLLR23ConfigurationParameters
__ZN18RCarE2TargetDevice10readMemoryEyjtPhb
__ZN18RCarE2TargetDevice10stepTargetEj
__ZN18RCarE2TargetDevice10stopTargetEv
__ZN18RCarE2TargetDevice11writeMemoryEyjPh
__ZN18RCarE2TargetDevice11writeMemoryEyjtPhb
__ZN18RCarE2TargetDevice12deInitialiseEv
__ZN18RCarE2TargetDevice13cacheRegisterEjRNSt3__16vectorIjNS0_9allocatorIjEEEE
__ZN18RCarE2TargetDevice13getExecCoreIDEPKc
__ZN18RCarE2TargetDevice13getHaltReasonERyRiR11STOP_REASON
__ZN18RCarE2TargetDevice13isBigEndianIoEv
__ZN18RCarE2TargetDevice14preInitialise1Ev
__ZN18RCarE2TargetDevice15GetRfwInterfaceEv
__ZN18RCarE2TargetDevice15getRFWInterfaceEv
__ZN18RCarE2TargetDevice15startConnectionEv
__ZN18RCarE2TargetDevice16getARMMonitorCmdEv
__ZN18RCarE2TargetDevice16getExecuteTimePCEv
__ZN18RCarE2TargetDevice16getRFWAccessSizeEt
__ZN18RCarE2TargetDevice16getRegisterValueEjRNSt3__16vectorIhNS0_9allocatorIhEEEEb
__ZN18RCarE2TargetDevice17getProgEmlMesInfoEv
__ZN18RCarE2TargetDevice17loadDeviceSupportEv
__ZN18RCarE2TargetDevice18deleteSWBreakpointEjj
__ZN18RCarE2TargetDevice18stopDownloadTargetEv
__ZN18RCarE2TargetDevice18targetHaltedStatusEv
__ZN18RCarE2TargetDevice18writeCacheRegisterEv
__ZN18RCarE2TargetDevice19assignRegisterValueEjRNSt3__16vectorIjNS0_9allocatorIjEEEE
__ZN18RCarE2TargetDevice19isSWBreakPointAddedEy
__ZN18RCarE2TargetDevice21addSoftwareBreakpointEjj
__ZN18RCarE2TargetDevice22startDownloadOnConnectENSt3__14listINS0_12basic_stringIcNS0_11char_traitsIcEENS0_9allocatorIcE
__ZN18RCarE2TargetDevice24getMonitorCommandsObjectEv
__ZN18RCarE2TargetDevice24waitAfterConnectAndResetEv
__ZN18RCarE2TargetDevice25GetRfwAspRCarARMInterfaceEv
__ZN18RCarE2TargetDevice25getRfwAspRCarARMInterfaceEv
__ZN18RCarE2TargetDevice25isDataAccessSizeSupportedEv
__ZN18RCarE2TargetDevice26getEventCombinationSupportER27EventCombinationSupportInfo
__ZN18RCarE2TargetDevice26getTargetDeviceListManagerEv
__ZN18RCarE2TargetDevice26isBlockContainSWBreakpointEmPyy
__ZN18RCarE2TargetDevice27queryBreakpointAvailabilityEy
__ZN18RCarE2TargetDevice5preGoEv
__ZN18RCarE2TargetDevice9getARMDLLEv
__ZN18RCarE2TargetDevice9getStatusERj
__ZN18RCarE2TargetDeviceC1ER23ConfigurationParametersR14IServerContextP19TargetDeviceNonExec
__ZN18RCarE2TargetDeviceC2ER23ConfigurationParametersR14IServerContextP19TargetDeviceNonExec
__ZN18RCarE2TargetDeviceD0Ev
__ZN18RCarE2TargetDeviceD1Ev
__ZN18RCarE2TargetDeviceD2Ev
__ZN18RCarE2TraceAnalyseC1EP24RCarE2TargetDeviceMC_CPU
__ZN18RCarE2TraceAnalyseC2EP24RCarE2TargetDeviceMC_CPU
__ZN18RenesasElectronics21RenesasTrustZoneDebug12RFPTrustZone15connectBootModeENS0_17RTZ_DEVICE_FAMILYENS0_12RTZ_EMULATO
__ZN18RenesasElectronics21RenesasTrustZoneDebug12RFPTrustZone15connectBootModeENS0_17RTZ_DEVICE_FAMILYENS0_12RTZ_EMULATO
__ZN18RenesasElectronics21RenesasTrustZoneDebug12RFPTrustZone15connectBootModeENS0_17RTZ_DEVICE_FAMILYENS0_12RTZ_EMULATO
__ZN18RenesasElectronics21RenesasTrustZoneDebug12RFPTrustZone15getDeviceOptionEjRPhRNSt3__112basic_stringIcNS4_11char_tr
__ZN18RenesasElectronics21RenesasTrustZoneDebug12RFPTrustZone19programDeviceOptionEjjPKvRNSt3__112basic_stringIcNS4_11ch
__ZN18RenesasElectronics21RenesasTrustZoneDebug12RFPTrustZone20validateDeviceFamilyERKNS0_17RTZ_DEVICE_FAMILYERh
__ZN18RenesasElectronics21RenesasTrustZoneDebug12RFPTrustZone29setComResetSignalBitsForFlagsERKNS0_17RTZ_DEVICE_FAMILYER
__ZN18RenesasElectronics21RenesasTrustZoneDebug12RFPTrustZone32sendParamRequestMasterCpuCommandERNS0_8RTZ_COREERNSt3__11
__ZN18RenesasElectronics21RenesasTrustZoneDebug16RenesasTrustZone16initializeDeviceERNSt3__112basic_stringIcNS2_11char_t
__ZN18RenesasElectronics21RenesasTrustZoneDebug16RenesasTrustZone18authenticateDeviceERKNS0_14RTZ_AUTH_LEVELEPKhRNSt3__1
__ZN18RenesasElectronics21RenesasTrustZoneDebug16RenesasTrustZone29setMasterCpuIdentificationBitERNSt3__112basic_stringI
__ZN18RenesasElectronics21RenesasTrustZoneDebug21JLINKRenesasTrustZone16disconnectDeviceERNSt3__112basic_stringIcNS2_11c
__ZN18RenesasElectronics21RenesasTrustZoneDebug23PartnerRenesasTrustZone15connectBootModeENS0_17RTZ_DEVICE_FAMILYENS0_12
__ZN18RenesasElectronics21RenesasTrustZoneDebug23PartnerRenesasTrustZone15connectBootModeENS0_17RTZ_DEVICE_FAMILYENS0_12
__ZN18RenesasElectronics21RenesasTrustZoneDebug23PartnerRenesasTrustZone15connectBootModeENS0_17RTZ_DEVICE_FAMILYENS0_12
__ZN18RenesasElectronics21RenesasTrustZoneDebug23PartnerRenesasTrustZone15getDeviceFamilyEv
__ZN18RenesasElectronics21RenesasTrustZoneDebug23PartnerRenesasTrustZone15setDeviceFamilyERKNS0_17RTZ_DEVICE_FAMILYE
__ZN18RenesasElectronics21RenesasTrustZoneDebug23PartnerRenesasTrustZone26requireEndianNoticeCommandENS0_17RTZ_DEVICE_FA
__ZN18RenesasElectronics21RenesasTrustZoneDebug23PartnerRenesasTrustZone32sendParamRequestMasterCpuCommandERNS0_8RTZ_COR
__ZN18RenesasElectronics9MicomTool15DebuggerLibrary16EngineController7McuFile7RXE1E2020RExternalMemoryBlock12UseCpuEndia
__ZN18RenesasElectronics9MicomTool15DebuggerLibrary16EngineController7McuFile7RXE1E2021RMcuFileReaderRXE1E2012SetCpuEndi
__ZN18RxTargetDeviceCore10getMcuFileEP25TargetDeviceListManagerRX
__ZN18RxTargetDeviceCore10stopTargetEv
__ZN18RxTargetDeviceCore11ConnectEzonEv
__ZN18RxTargetDeviceCore12deInitialiseEv
__ZN18RxTargetDeviceCore12getADMTargetEv
__ZN18RxTargetDeviceCore13InitializeOCDEv
__ZN18RxTargetDeviceCore13getExecCoreIDEPKc
__ZN18RxTargetDeviceCore13readyForResetEv
__ZN18RxTargetDeviceCore13startDownloadENSt3__14listINS0_12basic_stringIcNS0_11char_traitsIcEENS0_9allocatorIcEEEENS5_IS
__ZN18RxTargetDeviceCore14getDownloadingEv
__ZN18RxTargetDeviceCore14setDownloadingEv
__ZN18RxTargetDeviceCore15E20_set_PPCCTRLEv
__ZN18RxTargetDeviceCore15startConnectionEv
__ZN18RxTargetDeviceCore16isExternalMemoryEyj
__ZN18RxTargetDeviceCore17HandleMCUFileCoreEP25TargetDeviceListManagerRX
__ZN18RxTargetDeviceCore17cleanUpAfterResetEv
__ZN18RxTargetDeviceCore17setNotDownloadingEv
__ZN18RxTargetDeviceCore17updateSimulatedIOEv
__ZN18RxTargetDeviceCore18stopDownloadTargetEv
__ZN18RxTargetDeviceCore19E20_get_core_statusEv
__ZN18RxTargetDeviceCore22simulatedIOClearBufferEv
__ZN18RxTargetDeviceCore22startDownloadOnConnectENSt3__14listINS0_12basic_stringIcNS0_11char_traitsIcEENS0_9allocatorIcE
__ZN18RxTargetDeviceCore23setDownloadingOnConnectEv
__ZN18RxTargetDeviceCore23simulatedIOSetInputDataEjPh
__ZN18RxTargetDeviceCore24E20_set_core_informationEv
__ZN18RxTargetDeviceCore25getSWBreakpointsAvailableEv
__ZN18RxTargetDeviceCore26canSubstituteSWBreakpointsEv
__ZN18RxTargetDeviceCore26isTimeMeasurementSupportedEv
__ZN18RxTargetDeviceCore27getExternalMemoryAccessSizeEyj
__ZN18RxTargetDeviceCore28isSupportedForSessionisTraceEv
__ZN18RxTargetDeviceCore29isSupportedForSessionisTargetEv
__ZN18RxTargetDeviceCore31isSupportedForSessionisAnalysisEv
__ZN18RxTargetDeviceCore34isSupportedForSessionisEventpointsEv
__ZN18RxTargetDeviceCore34isSupportedForSessionisSimulatedIOEv
__ZN18RxTargetDeviceCore35isSupportedForSessionisVirtualBoardEv
__ZN18RxTargetDeviceCore8goTargetEv
__ZN18RxTargetDeviceCoreC1ER23ConfigurationParametersR14IServerContextPKcP14RxTargetDevice
__ZN18RxTargetDeviceCoreC2ER23ConfigurationParametersR14IServerContextPKcP14RxTargetDevice
__ZN18RxTargetDeviceCoreD0Ev
__ZN18RxTargetDeviceCoreD1Ev
__ZN18RxTargetDeviceCoreD2Ev
__ZN18StarTZTargetDevice15getTzDeviceTypeEv
__ZN18StarTZTargetDevice17getDlmmonRegisterEv
__ZN18StarTZTargetDevice18convertRtzDlmStateERKN18RenesasElectronics21RenesasTrustZoneDebug13RTZ_DLM_STATEE
__ZN18StarTZTargetDevice19getSecureDebugStateEv
__ZN18StarTZTargetDevice21getRtzDlmStateAfterCmEv
__ZN18StarTZTargetDevice22getNonSecureDebugStateEv
__ZN18StarTZTargetDevice24isValidDlmAuthenticationERKN21TrustZoneTargetDevice9DLM_STATEES3_
__ZN18StarTZTargetDevice24printTrustZoneTargetInfoERKN21TrustZoneTargetDevice9DLM_STATEERKN18RenesasElectronics21Renesas
__ZN18StarTZTargetDevice25getSecureDebugStateStringEv
__ZN18StarTZTargetDevice26getDlmStateFromDlmmonValueERKh
__ZN18StarTZTargetDevice26getDlmStateFromDlmmonValueERKhS1_
__ZN18StarTZTargetDevice28getCurrentDlmStateInBootModeEPN18RenesasElectronics21RenesasTrustZoneDebug17IRenesasTrustZoneE
__ZN18StarTZTargetDevice28getNonSecureDebugStateStringEv
__ZN18StarTZTargetDevice30getIdauRegionFromCmsisZoneListERKNSt3__16vectorIN12ARMTrustZone12ARMCMSISZone15CMSISZoneMemory
__ZN18StarTZTargetDevice32getDefaultBootConnectionBehaviorEv
__ZN18StarTZTargetDeviceC1Ev
__ZN18StarTZTargetDeviceC2Ev
__ZN18StarTZTargetDeviceD0Ev
__ZN18StarTZTargetDeviceD1Ev
__ZN18StarTZTargetDeviceD2Ev
__ZN18T32TargetDeviceCPU10TargetLockEi
__ZN18T32TargetDeviceCPU10createCoreEPKcS1_RP12TargetDevice
__ZN18T32TargetDeviceCPU10readMemoryEyjtPhb
__ZN18T32TargetDeviceCPU10stepTargetEj
__ZN18T32TargetDeviceCPU10stopTargetEv
__ZN18T32TargetDeviceCPU11createCoresEv
__ZN18T32TargetDeviceCPU11getBootCoreEv
__ZN18T32TargetDeviceCPU11isMultiCoreEv
__ZN18T32TargetDeviceCPU11isSupportedEPKcS1_
__ZN18T32TargetDeviceCPU11setDTAHSSTPEv
__ZN18T32TargetDeviceCPU11setETMDelayEPKcS1_
__ZN18T32TargetDeviceCPU11setETMHSSTPEPKcS1_
__ZN18T32TargetDeviceCPU11writeMemoryEyjtPhb
__ZN18T32TargetDeviceCPU12TargetUnlockEv
__ZN18T32TargetDeviceCPU12deInitialiseEv
__ZN18T32TargetDeviceCPU12getADMTargetEv
__ZN18T32TargetDeviceCPU12setDTAOnChipEv
__ZN18T32TargetDeviceCPU12setETMOnChipEPKcS1_
__ZN18T32TargetDeviceCPU13getBusMonitorEv
__ZN18T32TargetDeviceCPU13getDeviceInfoEv
__ZN18T32TargetDeviceCPU13getHaltReasonERyRiR11STOP_REASON
__ZN18T32TargetDeviceCPU13isBigEndianIoEv
__ZN18T32TargetDeviceCPU13setDTAEnabledEbPKc
__ZN18T32TargetDeviceCPU13setDTAReadingEbPKc
__ZN18T32TargetDeviceCPU13setDTASettingEPKcS1_Rj
__ZN18T32TargetDeviceCPU13setETMEnabledEbPKcS1_
__ZN18T32TargetDeviceCPU13setETMReadingEbPKcS1_
__ZN18T32TargetDeviceCPU13setETMSettingEPKcS1_S1_Rj
__ZN18T32TargetDeviceCPU14getShaderCoresERNSt3__14listIP19T32TargetDeviceCoreNS0_9allocatorIS3_EEEE
__ZN18T32TargetDeviceCPU14getSimulatedIOEv
__ZN18T32TargetDeviceCPU14preInitialise1Ev
__ZN18T32TargetDeviceCPU15TestPostConnectEv
__ZN18T32TargetDeviceCPU15getDTAEventDescEv
__ZN18T32TargetDeviceCPU15getSimulatedIOsEv
__ZN18T32TargetDeviceCPU15preConfigureCTIEv
__ZN18T32TargetDeviceCPU15queryDTASettingEPKc
__ZN18T32TargetDeviceCPU15queryETMSettingEPKcS1_
__ZN18T32TargetDeviceCPU15startConnectionEv
__ZN18T32TargetDeviceCPU16CreateADMSupportEv
__ZN18T32TargetDeviceCPU16getDeviceInfoXMLEPci
__ZN18T32TargetDeviceCPU16getMCDeviceEntryER23TargetDeviceListMCEntry
__ZN18T32TargetDeviceCPU16printListOfItemsEP11MonitorItemiPci
__ZN18T32TargetDeviceCPU16setETMBufferModeEPKcS1_
__ZN18T32TargetDeviceCPU17getT32DeviceEntryER24TargetDeviceListEntryT32
__ZN18T32TargetDeviceCPU17loadDeviceSupportEv
__ZN18T32TargetDeviceCPU17queryDTAEventDescEv
__ZN18T32TargetDeviceCPU17setDTATraceFormatEPKc
__ZN18T32TargetDeviceCPU17setETMTraceFormatEPKcS1_
__ZN18T32TargetDeviceCPU18createHelperOjectsEv
__ZN18T32TargetDeviceCPU18doBusMonitorActionEPKcRjRNSt3__112basic_stringIcNS3_11char_traitsIcEENS3_9allocatorIcEEEE
__ZN18T32TargetDeviceCPU18getCoreSightTargetEv
__ZN18T32TargetDeviceCPU18setETMExcludeRangeEPKcS1_
__ZN18T32TargetDeviceCPU18setETMIncludeRangeEPKcS1_
__ZN18T32TargetDeviceCPU18stopDownloadTargetEv
__ZN18T32TargetDeviceCPU19assignRegisterValueEPKcjRNSt3__16vectorIjNS2_9allocatorIjEEEE
__ZN18T32TargetDeviceCPU19getBootOrAttachCoreEv
__ZN18T32TargetDeviceCPU19postADMCreatedTasksEv
__ZN18T32TargetDeviceCPU19setETMSetupCompleteEPKcS1_
__ZN18T32TargetDeviceCPU19setETMTimestampModeEPKcS1_
__ZN18T32TargetDeviceCPU20handleMonitorCommandEPKcS1_RNSt3__112basic_stringIwNS2_11char_traitsIwEENS2_9allocatorIwEEEERN
__ZN18T32TargetDeviceCPU20setBusMonitorSettingEPKcRNSt3__112basic_stringIcNS2_11char_traitsIcEENS2_9allocatorIcEEEERj
__ZN18T32TargetDeviceCPU21configurationCompleteEv
__ZN18T32TargetDeviceCPU21createHelperOjectsOLDEv
__ZN18T32TargetDeviceCPU22enableSynchronousBreakENSt3__14listINS0_12basic_stringIcNS0_11char_traitsIcEENS0_9allocatorIcE
__ZN18T32TargetDeviceCPU22getShaderBaseAddressesERNSt3__16vectorIyNS0_9allocatorIyEEEE
__ZN18T32TargetDeviceCPU22isEventpointsSupportedEPKc
__ZN18T32TargetDeviceCPU22startDownloadOnConnectENSt3__14listINS0_12basic_stringIcNS0_11char_traitsIcEENS0_9allocatorIcE
__ZN18T32TargetDeviceCPU23disableSynchronousBreakENSt3__14listINS0_12basic_stringIcNS0_11char_traitsIcEENS0_9allocatorIc
__ZN18T32TargetDeviceCPU23loadAndCheckDeviceFilesEv
__ZN18T32TargetDeviceCPU23resetHappenedOnThisCoreENSt3__112basic_stringIcNS0_11char_traitsIcEENS0_9allocatorIcEEEE
__ZN18T32TargetDeviceCPU24getMonitorCommandsObjectEv
__ZN18T32TargetDeviceCPU24s_PowerViewCfgCoreNumberE
__ZN18T32TargetDeviceCPU26getEventCombinationSupportER27EventCombinationSupportInfo
__ZN18T32TargetDeviceCPU26needToTerminateDueToTargetEv
__ZN18T32TargetDeviceCPU26setSelectedCoreInTargetDLLEPKc
__ZN18T32TargetDeviceCPU30getTargetRunningStatusIntervalEv
__ZN18T32TargetDeviceCPU4testEj
__ZN18T32TargetDeviceCPU5resetEPKc
__ZN18T32TargetDeviceCPU5resetEv
__ZN18T32TargetDeviceCPU6getDTAEv
__ZN18T32TargetDeviceCPU7GetTDLMEv
__ZN18T32TargetDeviceCPU7getCoreEPKc
__ZN18T32TargetDeviceCPU7stopDTAEv
__ZN18T32TargetDeviceCPU8goTargetEv
__ZN18T32TargetDeviceCPU8resetCTIEv
__ZN18T32TargetDeviceCPU8startDTAEPKc
__ZN18T32TargetDeviceCPU9getStatusERj
__ZN18T32TargetDeviceCPUC1ER23ConfigurationParametersR14IServerContextP19TargetDeviceNonExec
__ZN18T32TargetDeviceCPUC2ER23ConfigurationParametersR14IServerContextP19TargetDeviceNonExec
__ZN18T32TargetDeviceCPUD0Ev
__ZN18T32TargetDeviceCPUD1Ev
__ZN18T32TargetDeviceCPUD2Ev
__ZN18TimeMeasurementGDBC2EP13ITargetDevice
__ZN18TraceGDB_ExecRH85020isIE850ATargetDeviceEv
__ZN18TraceGDB_ExecRH850C1EP15ADMExecCommandsP17ExecCommandsRH850P17RH850TargetDeviceR23ConfigurationParameters
__ZN18TraceGDB_ExecRH850C2EP15ADMExecCommandsP17ExecCommandsRH850P17RH850TargetDeviceR23ConfigurationParameters
__ZN19ADMTarget_ExecRH850C1EP17RH850TargetDeviceR14IServerContextR23ConfigurationParametersP15ADMExecCommands
__ZN19ADMTarget_ExecRH850C2EP17RH850TargetDeviceR14IServerContextR23ConfigurationParametersP15ADMExecCommands
__ZN19ARMTargetDeviceCore12getADMTargetEv
__ZN19ARMTargetDeviceCore26isTimeMeasurementSupportedEv
__ZN19ARMTargetDeviceCore28isSupportedForSessionisTraceEv
__ZN19ARMTargetDeviceCore29isSupportedForSessionisTargetEv
__ZN19ARMTargetDeviceCore31isSupportedForSessionisAnalysisEv
__ZN19ARMTargetDeviceCore34isSupportedForSessionisEventpointsEv
__ZN19ARMTargetDeviceCore34isSupportedForSessionisSimulatedIOEv
__ZN19ARMTargetDeviceCore35isSupportedForSessionisVirtualBoardEv
__ZN19ARMTargetDeviceCoreC1ER23ConfigurationParametersR14IServerContextPKcP15ARMTargetDevice
__ZN19ARMTargetDeviceCoreC2ER23ConfigurationParametersR14IServerContextPKcP15ARMTargetDevice
__ZN19ARMTargetDeviceCoreD0Ev
__ZN19ARMTargetDeviceCoreD1Ev
__ZN19ARMTargetDeviceCoreD2Ev
__ZN19E2ARMTraceGDBMC_CPUC1EP13ITargetDevicePN18RenesasElectronics9MicomTool15DebuggerLibrary15RenesasFirmWare11ARMFirmw
__ZN19E2ARMTraceGDBMC_CPUC2EP13ITargetDevicePN18RenesasElectronics9MicomTool15DebuggerLibrary15RenesasFirmWare11ARMFirmw
__ZN19E2RISCVTargetDevice10readMemoryEyjtPhb
__ZN19E2RISCVTargetDevice10stepTargetEj
__ZN19E2RISCVTargetDevice10stopTargetEv
__ZN19E2RISCVTargetDevice11cacheMemoryEyjtPh
__ZN19E2RISCVTargetDevice11isSupportedEPKcS1_
__ZN19E2RISCVTargetDevice11supplyPowerEv
__ZN19E2RISCVTargetDevice11writeMemoryEyjtPhb
__ZN19E2RISCVTargetDevice12deInitialiseEv
__ZN19E2RISCVTargetDevice12getADMTargetEv
__ZN19E2RISCVTargetDevice13cacheRegisterEjRNSt3__16vectorIjNS0_9allocatorIjEEEE
__ZN19E2RISCVTargetDevice13displayBannerEv
__ZN19E2RISCVTargetDevice13formatVersionEm
__ZN19E2RISCVTargetDevice13getHaltReasonERyRiR11STOP_REASON
__ZN19E2RISCVTargetDevice13isBigEndianIoEv
__ZN19E2RISCVTargetDevice14preInitialise1Ev
__ZN19E2RISCVTargetDevice15Get_halt_reasonER11Halt_reasonbj
__ZN19E2RISCVTargetDevice15connectEmulatorEv
__ZN19E2RISCVTargetDevice15connectToTargetEv
__ZN19E2RISCVTargetDevice15getRfwInterfaceEv
__ZN19E2RISCVTargetDevice15isTargetStoppedERb
__ZN19E2RISCVTargetDevice15setDebugOptionsEv
__ZN19E2RISCVTargetDevice15startConnectionEv
__ZN19E2RISCVTargetDevice16CreateADMSupportEv
__ZN19E2RISCVTargetDevice16clearCacheMemoryEv
__ZN19E2RISCVTargetDevice16disconnectTargetEv
__ZN19E2RISCVTargetDevice16getRegisterValueEjRNSt3__16vectorIhNS0_9allocatorIhEEEEb
__ZN19E2RISCVTargetDevice16getRfwAccessSizeEt
__ZN19E2RISCVTargetDevice16writeCacheMemoryEv
__ZN19E2RISCVTargetDevice17getDriverFilePathEv
__ZN19E2RISCVTargetDevice17getProgEmlMesInfoEv
__ZN19E2RISCVTargetDevice17getRfwDllFilePathEv
__ZN19E2RISCVTargetDevice17loadDeviceSupportEv
__ZN19E2RISCVTargetDevice18deleteSWBreakpointEjj
__ZN19E2RISCVTargetDevice18stopDownloadTargetEv
__ZN19E2RISCVTargetDevice18targetHaltedStatusEv
__ZN19E2RISCVTargetDevice18writeCacheRegisterEv
__ZN19E2RISCVTargetDevice19assignRegisterValueEjRNSt3__16vectorIjNS0_9allocatorIjEEEE
__ZN19E2RISCVTargetDevice19isSWBreakPointAddedEy
__ZN19E2RISCVTargetDevice19setMcuInfoToFimwareEv
__ZN19E2RISCVTargetDevice21addSoftwareBreakpointEjj
__ZN19E2RISCVTargetDevice22addDeviceListToManagerERNSt3__16vectorINS0_12basic_stringIcNS0_11char_traitsIcEENS0_9allocato
__ZN19E2RISCVTargetDevice22getEmlMesOverflowCountEv
__ZN19E2RISCVTargetDevice22getRunModeForMemAccessEv
__ZN19E2RISCVTargetDevice22startDownloadOnConnectENSt3__14listINS0_12basic_stringIcNS0_11char_traitsIcEENS0_9allocatorIc
__ZN19E2RISCVTargetDevice22updateEmulatorHardwareEv
__ZN19E2RISCVTargetDevice23getEmulatorHardwareInfoEv
__ZN19E2RISCVTargetDevice24getMonitorCommandsObjectEv
__ZN19E2RISCVTargetDevice25getSWBreakpointsAvailableEv
__ZN19E2RISCVTargetDevice25searchConnectableEmulatorEv
__ZN19E2RISCVTargetDevice26getEventCombinationSupportER27EventCombinationSupportInfo
__ZN19E2RISCVTargetDevice26isBlockContainSWBreakpointEmPyy
__ZN19E2RISCVTargetDevice27startConnectionSubProcessesEv
__ZN19E2RISCVTargetDevice34getSWBreakpointsUnavailableErrorIdEv
__ZN19E2RISCVTargetDevice36displayDebuggerRelatedModulesVersionEv
__ZN19E2RISCVTargetDevice5preGoEv
__ZN19E2RISCVTargetDevice5resetEv
__ZN19E2RISCVTargetDevice8goTargetEv
__ZN19E2RISCVTargetDevice9getStatusERj
__ZN19E2RISCVTargetDevice9setIdCodeEv
__ZN19E2RISCVTargetDeviceC1ER23ConfigurationParametersR14IServerContext
__ZN19E2RISCVTargetDeviceC2ER23ConfigurationParametersR14IServerContext
__ZN19E2RISCVTargetDeviceD0Ev
__ZN19E2RISCVTargetDeviceD1Ev
__ZN19E2RISCVTargetDeviceD2Ev
__ZN19JLinkRISCVADMTargetC1EP13ITargetDeviceR14IServerContextR23ConfigurationParametersP11JLinkARMDLL
__ZN19JLinkRISCVADMTargetC2EP13ITargetDeviceR14IServerContextR23ConfigurationParametersP11JLinkARMDLL
__ZN19OtherTZTargetDevice15getTzDeviceTypeEv
__ZN19OtherTZTargetDevice18isSecureDebugStateERKN21TrustZoneTargetDevice9DLM_STATEE
__ZN19OtherTZTargetDevice25getSecureDebugStateStringEv
__ZN19OtherTZTargetDeviceC1Ev
__ZN19OtherTZTargetDeviceC2Ev
__ZN19OtherTZTargetDeviceD0Ev
__ZN19OtherTZTargetDeviceD1Ev
__ZN19OtherTZTargetDeviceD2Ev
__ZN19RA6B1TZTargetDevice15getTzDeviceTypeEv
__ZN19RA6B1TZTargetDevice17getDlmmonRegisterEv
__ZN19RA6B1TZTargetDevice24printTrustZoneTargetInfoERKN21TrustZoneTargetDevice9DLM_STATEERKN18RenesasElectronics21Renesa
__ZN19RA6B1TZTargetDevice26getDlmStateFromDlmmonValueERKh
__ZN19RA6B1TZTargetDevice26getDlmStateFromDlmmonValueERKhS1_
__ZN19RA6B1TZTargetDevice30getIdauRegionFromCmsisZoneListERKNSt3__16vectorIN12ARMTrustZone12ARMCMSISZone15CMSISZoneMemor
__ZN19RA6B1TZTargetDeviceC1Ev
__ZN19RA6B1TZTargetDeviceC2Ev
__ZN19RA6B1TZTargetDeviceD0Ev
__ZN19RA6B1TZTargetDeviceD1Ev
__ZN19RA6B1TZTargetDeviceD2Ev
__ZN19RA8x2TZTargetDevice15getTzDeviceTypeEv
__ZN19RA8x2TZTargetDevice24printTrustZoneTargetInfoERKN21TrustZoneTargetDevice9DLM_STATEERKN18RenesasElectronics21Renesa
__ZN19RA8x2TZTargetDevice30getIdauRegionFromCmsisZoneListERKNSt3__16vectorIN12ARMTrustZone12ARMCMSISZone15CMSISZoneMemor
__ZN19RA8x2TZTargetDevice34getTrustZoneTargetInfoStringStreamERKN21TrustZoneTargetDevice9DLM_STATEERKN18RenesasElectroni
__ZN19RA8x2TZTargetDeviceC1Ev
__ZN19RA8x2TZTargetDeviceC2Ev
__ZN19RA8x2TZTargetDeviceD0Ev
__ZN19RA8x2TZTargetDeviceD1Ev
__ZN19RA8x2TZTargetDeviceD2Ev
__ZN19RCarE2EventpointGDBC1EP13ITargetDevicePN18RenesasElectronics9MicomTool15DebuggerLibrary15RenesasFirmWare11ARMFirmw
__ZN19RCarE2EventpointGDBC2EP13ITargetDevicePN18RenesasElectronics9MicomTool15DebuggerLibrary15RenesasFirmWare11ARMFirmw
__ZN19RL78DspTargetDevice10readMemoryEjjPhj
__ZN19RL78DspTargetDevice10readMemoryEyjPh
__ZN19RL78DspTargetDevice10readMemoryEyjPhRy
__ZN19RL78DspTargetDevice10readMemoryEyjtPhb
__ZN19RL78DspTargetDevice10stepTargetEj
__ZN19RL78DspTargetDevice10stopTargetEv
__ZN19RL78DspTargetDevice11getCodeSizeEv
__ZN19RL78DspTargetDevice11getDataSizeEv
__ZN19RL78DspTargetDevice11getSFRValueEymPhb
__ZN19RL78DspTargetDevice11writeMemoryEjjPhj
__ZN19RL78DspTargetDevice11writeMemoryEyjPh
__ZN19RL78DspTargetDevice11writeMemoryEyjtPhb
__ZN19RL78DspTargetDevice13getHaltReasonERyRiR11STOP_REASON
__ZN19RL78DspTargetDevice13isBigEndianIoEv
__ZN19RL78DspTargetDevice13notifyStoppedEv
__ZN19RL78DspTargetDevice13readyForResetEv
__ZN19RL78DspTargetDevice14assignSFRValueEymPhb
__ZN19RL78DspTargetDevice16checkAddressAreaERymRb
__ZN19RL78DspTargetDevice16getRegisterValueEjRNSt3__16vectorIhNS0_9allocatorIhEEEEb
__ZN19RL78DspTargetDevice16readMemoryViaRamEiRKyjPh
__ZN19RL78DspTargetDevice16setEnableRefreshEv
__ZN19RL78DspTargetDevice17cleanUpAfterResetEv
__ZN19RL78DspTargetDevice17restoreBankNumberEv
__ZN19RL78DspTargetDevice19assignRegisterValueEjRNSt3__16vectorIjNS0_9allocatorIjEEEE
__ZN19RL78DspTargetDevice19invalidateExecutionEv
__ZN19RL78DspTargetDevice19isValidBreakAddressEj
__ZN19RL78DspTargetDevice19setAccessBankNumberEj
__ZN19RL78DspTargetDevice20isValidRegisterIndexEj
__ZN19RL78DspTargetDevice21addHardwareBreakpointEj
__ZN19RL78DspTargetDevice21configurationCompleteEv
__ZN19RL78DspTargetDevice21getDSPRegisterDetailsEjRj
__ZN19RL78DspTargetDevice21updateStatusOfDSPCoreEv
__ZN19RL78DspTargetDevice23reg_index_GDB_to_ServerEj
__ZN19RL78DspTargetDevice24deleteHardwareBreakpointEj
__ZN19RL78DspTargetDevice24getRegisterXMLDefinitionEv
__ZN19RL78DspTargetDevice25resumeHardwareBreakpointsEv
__ZN19RL78DspTargetDevice26getTargetMemoryRegionsListEPKcRNSt3__14listIN12GDBMemoryMap14GDBMemoryRangeENS2_9allocatorIS5
__ZN19RL78DspTargetDevice26isTimeMeasurementSupportedEv
__ZN19RL78DspTargetDevice27restoreInvalidatedExecutionEv
__ZN19RL78DspTargetDevice29isSupportedForSessionisTargetEv
__ZN19RL78DspTargetDevice31isSupportedForSessionisAnalysisEv
__ZN19RL78DspTargetDevice5getPCERj
__ZN19RL78DspTargetDevice5resetEv
__ZN19RL78DspTargetDevice5setPCEj
__ZN19RL78DspTargetDevice8goTargetEv
__ZN19RL78DspTargetDevice9getStatusERj
__ZN19RL78DspTargetDeviceC2ER23ConfigurationParametersR14IServerContextPKcP16RL78TargetDevicebb
__ZN19RL78DspTargetDeviceD0Ev
__ZN19RL78DspTargetDeviceD1Ev
__ZN19RL78DspTargetDeviceD2Ev
__ZN19RX74MPZTargetDevice15getPzDeviceTypeEv
__ZN19RX74MPZTargetDevice17getDlmmonRegisterEv
__ZN19RX74MPZTargetDevice18convertRtzDlmStateERKN18RenesasElectronics21RenesasTrustZoneDebug13RTZ_DLM_STATEERKNS1_14RTZ_
__ZN19RX74MPZTargetDevice19getSecureDebugStateEv
__ZN19RX74MPZTargetDevice24isValidDlmAuthenticationERKN23ProtectZoneTargetDevice9DLM_STATEES3_
__ZN19RX74MPZTargetDevice25getSecureDebugStateStringEv
__ZN19RX74MPZTargetDevice26getDlmStateFromDlmmonValueERKh
__ZN19RX74MPZTargetDevice26getDlmStateFromDlmmonValueERKhS1_
__ZN19RX74MPZTargetDevice26getRegionFromCmsisZoneListERKNSt3__16vectorIN12ARMTrustZone12ARMCMSISZone15CMSISZoneMemoryENS
__ZN19RX74MPZTargetDevice26printProtectZoneTargetInfoERKN23ProtectZoneTargetDevice9DLM_STATEERKN18RenesasElectronics21Re
__ZN19RX74MPZTargetDevice28getCurrentDlmStateInBootModeEPN18RenesasElectronics21RenesasTrustZoneDebug17IRenesasTrustZone
__ZN19RX74MPZTargetDevice28getNonSecureDebugStateStringEv
__ZN19RX74MPZTargetDevice29convertSecureToNonSecureAliasEy
__ZN19RX74MPZTargetDeviceC1Ev
__ZN19RX74MPZTargetDeviceC2Ev
__ZN19RX74MPZTargetDeviceD0Ev
__ZN19RX74MPZTargetDeviceD1Ev
__ZN19RX74MPZTargetDeviceD2Ev
__ZN19T32Registers_ShaderC1EP19T32TargetDeviceCorejjP22T32TargetDevice_Shader
__ZN19T32Registers_ShaderC2EP19T32TargetDeviceCorejjP22T32TargetDevice_Shader
__ZN19T32TargetDeviceCore10SetChannelEv
__ZN19T32TargetDeviceCore10TargetLockEi
__ZN19T32TargetDeviceCore10WakeUpCoreEPS_
__ZN19T32TargetDeviceCore10isBootCoreEv
__ZN19T32TargetDeviceCore10readMemoryEyjPhRy
__ZN19T32TargetDeviceCore10readMemoryEyjtPhb
__ZN19T32TargetDeviceCore10stepTargetEj
__ZN19T32TargetDeviceCore10stopTargetEv
__ZN19T32TargetDeviceCore11startResumeEv
__ZN19T32TargetDeviceCore11writeMemoryEyjPh
__ZN19T32TargetDeviceCore11writeMemoryEyjtPhb
__ZN19T32TargetDeviceCore12GetMemoryRegEyPj
__ZN19T32TargetDeviceCore12TargetUnlockEv
__ZN19T32TargetDeviceCore12deInitialiseEv
__ZN19T32TargetDeviceCore12finishResumeEv
__ZN19T32TargetDeviceCore12interConnectENSt3__14listIiNS0_9allocatorIiEEEE
__ZN19T32TargetDeviceCore13PokeMemoryRegEyj
__ZN19T32TargetDeviceCore13getHaltReasonERyRiR11STOP_REASON
__ZN19T32TargetDeviceCore13isBigEndianIoEv
__ZN19T32TargetDeviceCore13setIsBootCoreEb
__ZN19T32TargetDeviceCore14applyCTIToCoreERK16CTICoreParameter
__ZN19T32TargetDeviceCore14isBootCoreTypeEv
__ZN19T32TargetDeviceCore14preInitialise1Ev
__ZN19T32TargetDeviceCore14stopETMReadingEv
__ZN19T32TargetDeviceCore15GetBootcoreTypeEv
__ZN19T32TargetDeviceCore15attachToRunningEib
__ZN19T32TargetDeviceCore15getIntercomPortEv
__ZN19T32TargetDeviceCore15launchPowerViewEv
__ZN19T32TargetDeviceCore15startConnectionEv
__ZN19T32TargetDeviceCore15startETMReadingEv
__ZN19T32TargetDeviceCore16GetCMMScriptFileEPc
__ZN19T32TargetDeviceCore16GetT32ConfigFileEPc
__ZN19T32TargetDeviceCore17getCoreParametersEv
__ZN19T32TargetDeviceCore17loadDeviceSupportEv
__ZN19T32TargetDeviceCore18deleteSWBreakpointEjj
__ZN19T32TargetDeviceCore18readPowerRegistersEPS_
__ZN19T32TargetDeviceCore18stopDownloadTargetEv
__ZN19T32TargetDeviceCore18targetHaltedStatusEv
__ZN19T32TargetDeviceCore20canSetSoftBreakpointEj
__ZN19T32TargetDeviceCore20handleMonitorCommandEPKcRNSt3__112basic_stringIwNS2_11char_traitsIwEENS2_9allocatorIwEEEERNS3
__ZN19T32TargetDeviceCore20readMemoryRestrictedEPS_jyyjjPhRi
__ZN19T32TargetDeviceCore21addHardwareBreakpointEj
__ZN19T32TargetDeviceCore21addHardwareBreakpointEjj
__ZN19T32TargetDeviceCore21addHardwareWatchpointEjj
__ZN19T32TargetDeviceCore21addSoftwareBreakpointEjj
__ZN19T32TargetDeviceCore21isInsideMemorySectionEyyjRyRjPPh
__ZN19T32TargetDeviceCore21writeMemoryRestrictedEPS_jyyjjPhRi
__ZN19T32TargetDeviceCore22startDownloadOnConnectENSt3__14listINS0_12basic_stringIcNS0_11char_traitsIcEENS0_9allocatorIc
__ZN19T32TargetDeviceCore24deleteHardwareBreakpointEj
__ZN19T32TargetDeviceCore24deleteHardwareWatchpointEj
__ZN19T32TargetDeviceCore26canSubstituteSWBreakpointsEv
__ZN19T32TargetDeviceCore26getTargetMaximumAddressGDBEv
__ZN19T32TargetDeviceCore26isTimeMeasurementSupportedEv
__ZN19T32TargetDeviceCore26sendTestMessageToPowerViewEv
__ZN19T32TargetDeviceCore28isSupportedForSessionisTraceEv
__ZN19T32TargetDeviceCore29canCoreBeResumedByAnotherCoreEv
__ZN19T32TargetDeviceCore29getContinueTimeInMilliSecondsEv
__ZN19T32TargetDeviceCore29isSupportedForSessionisTargetEv
__ZN19T32TargetDeviceCore30isSupportedForSessionisTcTraceEv
__ZN19T32TargetDeviceCore32waitForPowerViewAndConfigChannelEi
__ZN19T32TargetDeviceCore33isSupportedForSessionisBusMonitorEv
__ZN19T32TargetDeviceCore34isSupportedForSessionisSimulatedIOEv
__ZN19T32TargetDeviceCore35isAlwaysNotifyResumedSuspendedStateEv
__ZN19T32TargetDeviceCore35isSupportedForSessionisVirtualBoardEv
__ZN19T32TargetDeviceCore5resetEv
__ZN19T32TargetDeviceCore6getETMEv
__ZN19T32TargetDeviceCore7GetTDLMEv
__ZN19T32TargetDeviceCore7getCoreEPKc
__ZN19T32TargetDeviceCore7stopETMEv
__ZN19T32TargetDeviceCore8GetFrameEPci
__ZN19T32TargetDeviceCore8getStateERj
__ZN19T32TargetDeviceCore8goTargetEv
__ZN19T32TargetDeviceCore8startETMEPKc
__ZN19T32TargetDeviceCore9DoCommandEPc
__ZN19T32TargetDeviceCore9GetT32DLLEv
__ZN19T32TargetDeviceCoreC2ER23ConfigurationParametersR14IServerContextP17T32CoreParametersP19TargetDeviceNonExec
__ZN19T32TargetDeviceCoreD0Ev
__ZN19T32TargetDeviceCoreD1Ev
__ZN19T32TargetDeviceCoreD2Ev
__ZN19TargetDeviceNonExec12getRegistersERNSt3__112basic_stringIcNS0_11char_traitsIcEENS0_9allocatorIcEEEE
__ZN19TargetDeviceNonExec15getSWBreakpointEv
__ZN19TargetDeviceNonExec16getRegisterValueEjPj
__ZN19TargetDeviceNonExec16getRegisterValueEjRNSt3__16vectorIhNS0_9allocatorIhEEEEb
__ZN19TargetDeviceNonExec17simulatedIOEnableEv
__ZN19TargetDeviceNonExec17updateSimulatedIOEv
__ZN19TargetDeviceNonExec18appendToFullBufferEjPhRj
__ZN19TargetDeviceNonExec18deleteSWBreakpointEjj
__ZN19TargetDeviceNonExec18getRegistersObjectEv
__ZN19TargetDeviceNonExec18simulatedIODisableEv
__ZN19TargetDeviceNonExec19assignRegisterValueEjRNSt3__16vectorIjNS0_9allocatorIjEEEE
__ZN19TargetDeviceNonExec19isSWBreakPointAddedEy
__ZN19TargetDeviceNonExec20isValidRegisterIndexEj
__ZN19TargetDeviceNonExec21addSoftwareBreakpointEjj
__ZN19TargetDeviceNonExec22isSimulatedIOSupportedEv
__ZN19TargetDeviceNonExec22simulatedIOClearBufferEv
__ZN19TargetDeviceNonExec23simulatedIOSetInputDataEjPh
__ZN19TargetDeviceNonExec24simulatedIOGetOutputDataEjPhRj
__ZN19TargetDeviceNonExec29getRegistersWindbackExceptionERNSt3__112basic_stringIcNS0_11char_traitsIcEENS0_9allocatorIcEE
__ZN19TargetDeviceNonExec31testForAndSetBlockingOnIOStatusEv
__ZN19TargetDeviceNonExec5getPCERj
__ZN19TargetDeviceNonExec5setPCEj
__ZN19TargetDeviceNonExecC2ER23ConfigurationParametersR14IServerContextPKcS5_jPS_
__ZN19TargetDeviceNonExecD0Ev
__ZN19TargetDeviceNonExecD1Ev
__ZN19TargetDeviceNonExecD2Ev
__ZN20ADMTargetFFWRxMC_CPUC1EP13ITargetDeviceR14IServerContextR23ConfigurationParametersP15CFncEzonMcuFileP17CFFWEzonInt
__ZN20ADMTargetFFWRxMC_CPUC2EP13ITargetDeviceR14IServerContextR23ConfigurationParametersP15CFncEzonMcuFileP17CFFWEzonInt
__ZN20ConnectE1RH850MC_CPU15setDebugContextEv
__ZN20E2ARMADMTargetMC_CPUC1EP13ITargetDeviceR14IServerContextR23ConfigurationParametersPN18RenesasElectronics9MicomTool
__ZN20E2ARMADMTargetMC_CPUC2EP13ITargetDeviceR14IServerContextR23ConfigurationParametersPN18RenesasElectronics9MicomTool
__ZN20RL78TargetDeviceCore11writeMemoryEyjtPhb
__ZN20RL78TargetDeviceCore12getADMTargetEv
__ZN20RL78TargetDeviceCore14getDownloadingEv
__ZN20RL78TargetDeviceCore14getExecConnectEv
__ZN20RL78TargetDeviceCore14setDownloadingEv
__ZN20RL78TargetDeviceCore15getExecCommandsEv
__ZN20RL78TargetDeviceCore15suspendNotifiedEv
__ZN20RL78TargetDeviceCore17getMemoryCommandsEv
__ZN20RL78TargetDeviceCore17setNotDownloadingEv
__ZN20RL78TargetDeviceCore20canSetSoftBreakpointEj
__ZN20RL78TargetDeviceCore23readMemoryWithinSectionEyjPhb
__ZN20RL78TargetDeviceCore23setDownloadingOnConnectEv
__ZN20RL78TargetDeviceCore26getEventCombinationSupportER27EventCombinationSupportInfo
__ZN20RL78TargetDeviceCore26isTimeMeasurementSupportedEv
__ZN20RL78TargetDeviceCore28isSupportedForSessionisTraceEv
__ZN20RL78TargetDeviceCore29isSupportedForSessionisTargetEv
__ZN20RL78TargetDeviceCore31isSupportedForSessionisAnalysisEv
__ZN20RL78TargetDeviceCore34isSupportedForSessionisEventpointsEv
__ZN20RL78TargetDeviceCore34isSupportedForSessionisSimulatedIOEv
__ZN20RL78TargetDeviceCore35isSupportedForSessionisVirtualBoardEv
__ZN20RL78TargetDeviceCore37isSupportedForSessionisCurrentMonitorEv
__ZN20RL78TargetDeviceCoreC2ER23ConfigurationParametersR14IServerContextPKcP16RL78TargetDevice
__ZN20RL78TargetDeviceCoreD0Ev
__ZN20RL78TargetDeviceCoreD1Ev
__ZN20RL78TargetDeviceCoreD2Ev
__ZN20RxTargetDeviceCoreV2C1ER23ConfigurationParametersR14IServerContextPKcP14RxTargetDevice
__ZN20RxTargetDeviceCoreV2C2ER23ConfigurationParametersR14IServerContextPKcP14RxTargetDevice
__ZN20RxTargetDeviceCoreV2D0Ev
__ZN20RxTargetDeviceCoreV2D1Ev
__ZN20RxTargetDeviceCoreV2D2Ev
__ZN20RxTargetDeviceCoreV3C1ER23ConfigurationParametersR14IServerContextPKcP14RxTargetDevice
__ZN20RxTargetDeviceCoreV3C2ER23ConfigurationParametersR14IServerContextPKcP14RxTargetDevice
__ZN20RxTargetDeviceCoreV3D0Ev
__ZN20RxTargetDeviceCoreV3D1Ev
__ZN20RxTargetDeviceCoreV3D2Ev
__ZN20RxTargetDeviceMC_CPU11isMultiCoreEv
__ZN20RxTargetDeviceMC_CPU15startConnectionEv
__ZN20RxTargetDeviceMC_CPU22startDownloadOnConnectENSt3__14listINS0_12basic_stringIcNS0_11char_traitsIcEENS0_9allocatorI
__ZN20RxTargetDeviceMC_CPU25saveTargetDLLCoreSettingsEv
__ZN20RxTargetDeviceMC_CPU26setSelectedCoreInTargetDLLEPKc
__ZN20RxTargetDeviceMC_CPU28restoreTargetDLLCoreSettingsEv
__ZN20RxTargetDeviceMC_CPUC1ER23ConfigurationParametersR14IServerContextPKc
__ZN20RxTargetDeviceMC_CPUC2ER23ConfigurationParametersR14IServerContextPKc
__ZN20RxTargetDeviceMC_CPUD0Ev
__ZN20RxTargetDeviceMC_CPUD1Ev
__ZN20RxTargetDeviceMC_CPUD2Ev
__ZN20SeggerRxTargetDevice11isSupportedEPKcS1_
__ZN20SeggerRxTargetDevice12deInitialiseEv
__ZN20SeggerRxTargetDevice13HandleMCUFileEv
__ZN20SeggerRxTargetDevice13displayBannerEv
__ZN20SeggerRxTargetDevice15E20_set_SetFMCDEv
__ZN20SeggerRxTargetDevice23E20_set_mcu_informationEv
__ZN20SeggerRxTargetDeviceC1ER23ConfigurationParametersR14IServerContext
__ZN20SeggerRxTargetDeviceC2ER23ConfigurationParametersR14IServerContext
__ZN20SeggerRxTargetDeviceD0Ev
__ZN20SeggerRxTargetDeviceD1Ev
__ZN20SeggerRxTargetDeviceD2Ev
__ZN20TraceGDB_FFWRxMC_CPUC1EP16CTargetEzonTraceP13CEventManagerP13ITargetDeviceR23ConfigurationParameters
__ZN20TraceGDB_FFWRxMC_CPUC2EP16CTargetEzonTraceP13CEventManagerP13ITargetDeviceR23ConfigurationParameters
__ZN21ARMTargetDeviceMC_CPU11isMultiCoreEv
__ZN21ARMTargetDeviceMC_CPU13getExecCoreIDEPKc
__ZN21ARMTargetDeviceMC_CPU14getSimulatedIOEv
__ZN21ARMTargetDeviceMC_CPU15getSelectedCoreEv
__ZN21ARMTargetDeviceMC_CPU15getSimulatedIOsEv
__ZN21ARMTargetDeviceMC_CPU15isTargetStoppedEPKcRb
__ZN21ARMTargetDeviceMC_CPU15isTargetStoppedERb
__ZN21ARMTargetDeviceMC_CPU15startConnectionEv
__ZN21ARMTargetDeviceMC_CPU16CreateADMSupportEv
__ZN21ARMTargetDeviceMC_CPU16getExecuteTimePCEPKc
__ZN21ARMTargetDeviceMC_CPU16getMCDeviceEntryER23TargetDeviceListMCEntry
__ZN21ARMTargetDeviceMC_CPU18createHelperOjectsEv
__ZN21ARMTargetDeviceMC_CPU18getSelectedCpuCoreEv
__ZN21ARMTargetDeviceMC_CPU22startDownloadOnConnectENSt3__14listINS0_12basic_stringIcNS0_11char_traitsIcEENS0_9allocator
__ZN21ARMTargetDeviceMC_CPU23loadAndCheckDeviceFilesEv
__ZN21ARMTargetDeviceMC_CPU26getSelectedCoreInTargetDLLERj
__ZN21ARMTargetDeviceMC_CPU26setSelectedCoreInTargetDLLEPKc
__ZN21ARMTargetDeviceMC_CPU26setSelectedCoreInTargetDLLEj
__ZN21ARMTargetDeviceMC_CPU32addResumedCoresWhenTargetResumesEv
__ZN21ARMTargetDeviceMC_CPU33initialiseDebuggerSynchronisationEv
__ZN21ARMTargetDeviceMC_CPU5preGoEv
__ZN21ARMTargetDeviceMC_CPU7getCoreEj
__ZN21ARMTargetDeviceMC_CPU8goTargetEv
__ZN21ARMTargetDeviceMC_CPU9getStatusEPKcRj
__ZN21ARMTargetDeviceMC_CPU9getStatusERj
__ZN21ARMTargetDeviceMC_CPU9isCpuCoreEP12TargetDevice
__ZN21ARMTargetDeviceMC_CPU9isDspCoreEP12TargetDevice
__ZN21ARMTargetDeviceMC_CPUC1ER23ConfigurationParametersR14IServerContext
__ZN21ARMTargetDeviceMC_CPUC2ER23ConfigurationParametersR14IServerContext
__ZN21ARMTargetDeviceMC_CPUD0Ev
__ZN21ARMTargetDeviceMC_CPUD1Ev
__ZN21ARMTargetDeviceMC_CPUD2Ev
__ZN21ARMTimeMeasurementGDB19calculateNoOverflowEjiP15ARMTargetDevice
__ZN21ARMTimeMeasurementGDBC1EP13ITargetDevice
__ZN21ARMTimeMeasurementGDBC2EP13ITargetDevice
__ZN21AnalysisGDB_ExecRH850C1EP17RH850TargetDeviceP15ADMExecCommands
__ZN21AnalysisGDB_ExecRH850C2EP17RH850TargetDeviceP15ADMExecCommands
__ZN21E2ARMTargetDeviceCore10readMemoryEyjtPhb
__ZN21E2ARMTargetDeviceCore12getADMTargetEv
__ZN21E2ARMTargetDeviceCore13getDwCoreInfoEv
__ZN21E2ARMTargetDeviceCore16setEnableRefreshEv
__ZN21E2ARMTargetDeviceCore16updateCoreStatusEv
__ZN21E2ARMTargetDeviceCore17isCortexRCoreTypeEv
__ZN21E2ARMTargetDeviceCore18isCortexARCoreTypeEv
__ZN21E2ARMTargetDeviceCore20getRegistersInstanceEv
__ZN21E2ARMTargetDeviceCore26initialiseTargetDeviceCoreEv
__ZN21E2ARMTargetDeviceCore28adjustEvenpointsForMulticoreERiS0_
__ZN21E2ARMTargetDeviceCoreC1ER23ConfigurationParametersR14IServerContextPKcP17E2ARMTargetDeviceS5_
__ZN21E2ARMTargetDeviceCoreC2ER23ConfigurationParametersR14IServerContextPKcP17E2ARMTargetDeviceS5_
__ZN21E2ARMTargetDeviceCoreD0Ev
__ZN21E2ARMTargetDeviceCoreD1Ev
__ZN21E2ARMTargetDeviceCoreD2Ev
__ZN21JLinkRISCVAnalysisGDBC1EP13ITargetDeviceP11JLinkARMDLL
__ZN21JLinkRISCVAnalysisGDBC2EP13ITargetDeviceP11JLinkARMDLL
__ZN21PassthroughBusMonitorC1EP13ITargetDeviceR14IServerContext
__ZN21PassthroughBusMonitorC2EP13ITargetDeviceR14IServerContext
__ZN21RH850TargetDeviceCore10getRHTraceEv
__ZN21RH850TargetDeviceCore10stepTargetEj
__ZN21RH850TargetDeviceCore10stopTargetEv
__ZN21RH850TargetDeviceCore13donePreparingEv
__ZN21RH850TargetDeviceCore13getHaltReasonERyRiR11STOP_REASON
__ZN21RH850TargetDeviceCore13pushToRHTraceE11tagTRACEDAT
__ZN21RH850TargetDeviceCore13setDTASettingEPKcS1_Rj
__ZN21RH850TargetDeviceCore14getDownloadingEv
__ZN21RH850TargetDeviceCore14setDownloadingEv
__ZN21RH850TargetDeviceCore15suspendNotifiedEv
__ZN21RH850TargetDeviceCore17setNotDownloadingEv
__ZN21RH850TargetDeviceCore18clearRHTraceBufferEv
__ZN21RH850TargetDeviceCore18createHelperOjectsEv
__ZN21RH850TargetDeviceCore19createMemoryManagerEv
__ZN21RH850TargetDeviceCore19getRegisterCommandsEv
__ZN21RH850TargetDeviceCore22createRegisterCommandsEv
__ZN21RH850TargetDeviceCore22createTargetPropertiesEv
__ZN21RH850TargetDeviceCore23loadAndCheckDeviceFilesEv
__ZN21RH850TargetDeviceCore23setDownloadingOnConnectEv
__ZN21RH850TargetDeviceCore29canCoreBeResumedByAnotherCoreEv
__ZN21RH850TargetDeviceCore8goTargetEv
__ZN21RH850TargetDeviceCore9readTraceEb
__ZN21RH850TargetDeviceCoreC1ER23ConfigurationParametersR14IServerContextPKcP23RH850TargetDeviceMC_CPU
__ZN21RH850TargetDeviceCoreC2ER23ConfigurationParametersR14IServerContextPKcP23RH850TargetDeviceMC_CPU
__ZN21RH850TargetDeviceCoreD0Ev
__ZN21RH850TargetDeviceCoreD1Ev
__ZN21RH850TargetDeviceCoreD2Ev
__ZN21T32TimeMeasurementGDBC1EP13ITargetDevice
__ZN21T32TimeMeasurementGDBC2EP13ITargetDevice
__ZN21TargetDeviceListEntry14getSupportTypeEv
__ZN21TargetDeviceListEntry14setSupportTypeENSt3__112basic_stringIcNS0_11char_traitsIcEENS0_9allocatorIcEEEE
__ZN21TargetDeviceListEntry18getHeaderGeneratedEv
__ZN21TargetDeviceListEntry18setHeaderGeneratedENSt3__112basic_stringIcNS0_11char_traitsIcEENS0_9allocatorIcEEEE
__ZN21TargetDeviceListEntry24getHeaderFileToolVersionEv
__ZN21TargetDeviceListEntry24setHeaderFileToolVersionENSt3__112basic_stringIcNS0_11char_traitsIcEENS0_9allocatorIcEEEE
__ZN21TargetDeviceListEntryC1ERKS_
__ZN21TargetDeviceListEntryC1Ev
__ZN21TargetDeviceListEntryC2ERKS_
__ZN21TargetDeviceListEntryC2Ev
__ZN21TargetDeviceListEntryaSERKS_
__ZN22ARMR8TargetDeviceNoVFP11isSupportedEPKcS1_
__ZN22ARMR8TargetDeviceNoVFP22CreateRegistersManagerEbbbbbbNSt3__112basic_stringIcNS0_11char_traitsIcEENS0_9allocatorIcE
__ZN22ARMR8TargetDeviceNoVFPC1ER23ConfigurationParametersR14IServerContext
__ZN22ARMR8TargetDeviceNoVFPC2ER23ConfigurationParametersR14IServerContext
__ZN22ARMR8TargetDeviceNoVFPD0Ev
__ZN22ARMR8TargetDeviceNoVFPD1Ev
__ZN22ARMR8TargetDeviceNoVFPD2Ev
__ZN22E1RxTargetDeviceMC_6Z410createCoreEPKcS1_RP12TargetDevice
__ZN22E1RxTargetDeviceMC_6Z411goAllTargetEv
__ZN22E1RxTargetDeviceMC_6Z411isSupportedEPKcS1_
__ZN22E1RxTargetDeviceMC_6Z411resetTargetEv
__ZN22E1RxTargetDeviceMC_6Z413stopAllTargetEv
__ZN22E1RxTargetDeviceMC_6Z416CreateADMSupportEv
__ZN22E1RxTargetDeviceMC_6Z416isExternalMemoryEyj
__ZN22E1RxTargetDeviceMC_6Z421configurationCompleteEv
__ZN22E1RxTargetDeviceMC_6Z426SetSynchronizationCPUBreakEv
__ZN22E1RxTargetDeviceMC_6Z427getExternalMemoryAccessSizeEyj
__ZN22E1RxTargetDeviceMC_6Z45resetEPKc
__ZN22E1RxTargetDeviceMC_6Z45resetEv
__ZN22E1RxTargetDeviceMC_6Z4C1ER23ConfigurationParametersR14IServerContext
__ZN22E1RxTargetDeviceMC_6Z4C2ER23ConfigurationParametersR14IServerContext
__ZN22E1RxTargetDeviceMC_6Z4D0Ev
__ZN22E1RxTargetDeviceMC_6Z4D1Ev
__ZN22E1RxTargetDeviceMC_6Z4D2Ev
__ZN22E1RxTargetDeviceMC_BPM10createCoreEPKcS1_RP12TargetDevice
__ZN22E1RxTargetDeviceMC_BPM11goAllTargetEv
__ZN22E1RxTargetDeviceMC_BPM11isSupportedEPKcS1_
__ZN22E1RxTargetDeviceMC_BPM11resetTargetEv
__ZN22E1RxTargetDeviceMC_BPM13stopAllTargetEv
__ZN22E1RxTargetDeviceMC_BPM15startConnectionEv
__ZN22E1RxTargetDeviceMC_BPM16CreateADMSupportEv
__ZN22E1RxTargetDeviceMC_BPM16isExternalMemoryEyj
__ZN22E1RxTargetDeviceMC_BPM21configurationCompleteEv
__ZN22E1RxTargetDeviceMC_BPM23setSynchronizationBreakEPKc
__ZN22E1RxTargetDeviceMC_BPM25clearSynchronizationBreakEPKc
__ZN22E1RxTargetDeviceMC_BPM26setSynchronizationCPUBreakEv
__ZN22E1RxTargetDeviceMC_BPM27getExternalMemoryAccessSizeEyj
__ZN22E1RxTargetDeviceMC_BPM5resetEPKc
__ZN22E1RxTargetDeviceMC_BPM5resetEv
__ZN22E1RxTargetDeviceMC_BPMC1ER23ConfigurationParametersR14IServerContext
__ZN22E1RxTargetDeviceMC_BPMC2ER23ConfigurationParametersR14IServerContext
__ZN22E1RxTargetDeviceMC_BPMD0Ev
__ZN22E1RxTargetDeviceMC_BPMD1Ev
__ZN22E1RxTargetDeviceMC_BPMD2Ev
__ZN22E1RxTargetDeviceMC_CPU10readMemoryEyjPhRy
__ZN22E1RxTargetDeviceMC_CPU10stepTargetEj
__ZN22E1RxTargetDeviceMC_CPU10stopTargetEv
__ZN22E1RxTargetDeviceMC_CPU11createCoresEv
__ZN22E1RxTargetDeviceMC_CPU11isMultiCoreEv
__ZN22E1RxTargetDeviceMC_CPU11resetTargetEv
__ZN22E1RxTargetDeviceMC_CPU11writeMemoryEyjPh
__ZN22E1RxTargetDeviceMC_CPU12deInitialiseEv
__ZN22E1RxTargetDeviceMC_CPU13HandleMCUFileEv
__ZN22E1RxTargetDeviceMC_CPU13getExecCoreIDEPKc
__ZN22E1RxTargetDeviceMC_CPU13startDownloadENSt3__14listINS0_12basic_stringIcNS0_11char_traitsIcEENS0_9allocatorIcEEEENS
__ZN22E1RxTargetDeviceMC_CPU14E20_get_statusEv
__ZN22E1RxTargetDeviceMC_CPU14Rx_Init_E1_E20Ev
__ZN22E1RxTargetDeviceMC_CPU14preInitialise1Ev
__ZN22E1RxTargetDeviceMC_CPU15getSelectedCoreEv
__ZN22E1RxTargetDeviceMC_CPU15isTargetStoppedEPKcRb
__ZN22E1RxTargetDeviceMC_CPU15isTargetStoppedERb
__ZN22E1RxTargetDeviceMC_CPU15startConnectionEv
__ZN22E1RxTargetDeviceMC_CPU16CreateADMSupportEv
__ZN22E1RxTargetDeviceMC_CPU16getExecuteTimePCEPKc
__ZN22E1RxTargetDeviceMC_CPU18getSelectedCpuCoreEv
__ZN22E1RxTargetDeviceMC_CPU18mergeMemoryRegionsERNSt3__14listIN12GDBMemoryMap14GDBMemoryRangeENS0_9allocatorIS3_EEEE
__ZN22E1RxTargetDeviceMC_CPU18stopDownloadTargetEv
__ZN22E1RxTargetDeviceMC_CPU19isSWBreakPointAddedEy
__ZN22E1RxTargetDeviceMC_CPU21E20_set_MultiCoreFUNCEv
__ZN22E1RxTargetDeviceMC_CPU21addExternalMemoryAreaER18ExternalMemoryArea
__ZN22E1RxTargetDeviceMC_CPU21configurationCompleteEv
__ZN22E1RxTargetDeviceMC_CPU21getResponsibleCpuCoreEv
__ZN22E1RxTargetDeviceMC_CPU22simulatedIOClearBufferEv
__ZN22E1RxTargetDeviceMC_CPU22startDownloadOnConnectENSt3__14listINS0_12basic_stringIcNS0_11char_traitsIcEENS0_9allocato
__ZN22E1RxTargetDeviceMC_CPU23E20_set_mcu_informationEv
__ZN22E1RxTargetDeviceMC_CPU23simulatedIOSetInputDataEjPh
__ZN22E1RxTargetDeviceMC_CPU24getMonitorCommandsObjectEv
__ZN22E1RxTargetDeviceMC_CPU25collectCoresMemoryRegionsERNSt3__14listIN12GDBMemoryMap14GDBMemoryRangeENS0_9allocatorIS3_
__ZN22E1RxTargetDeviceMC_CPU26getEventCombinationSupportER27EventCombinationSupportInfo
__ZN22E1RxTargetDeviceMC_CPU26getSelectedCoreInTargetDLLERj
__ZN22E1RxTargetDeviceMC_CPU26getTargetMemoryRegionsListEPKcRNSt3__14listIN12GDBMemoryMap14GDBMemoryRangeENS2_9allocator
__ZN22E1RxTargetDeviceMC_CPU26setSelectedCoreInTargetDLLEPKc
__ZN22E1RxTargetDeviceMC_CPU26setSelectedCoreInTargetDLLEj
__ZN22E1RxTargetDeviceMC_CPU30addResumedCoresWhenTargetStepsEv
__ZN22E1RxTargetDeviceMC_CPU32addResumedCoresWhenTargetResumesEv
__ZN22E1RxTargetDeviceMC_CPU33initialiseDebuggerSynchronisationEv
__ZN22E1RxTargetDeviceMC_CPU5preGoEv
__ZN22E1RxTargetDeviceMC_CPU5resetEv
__ZN22E1RxTargetDeviceMC_CPU7getCoreEj
__ZN22E1RxTargetDeviceMC_CPU8goTargetEv
__ZN22E1RxTargetDeviceMC_CPU9displayPCEv
__ZN22E1RxTargetDeviceMC_CPU9getStatusEPKcRj
__ZN22E1RxTargetDeviceMC_CPU9getStatusERj
__ZN22E1RxTargetDeviceMC_CPU9isCpuCoreEP12TargetDevice
__ZN22E1RxTargetDeviceMC_CPU9isDspCoreEP12TargetDevice
__ZN22E1RxTargetDeviceMC_CPUC1ER23ConfigurationParametersR14IServerContext
__ZN22E1RxTargetDeviceMC_CPUC2ER23ConfigurationParametersR14IServerContext
__ZN22E1RxTargetDeviceMC_CPUD0Ev
__ZN22E1RxTargetDeviceMC_CPUD1Ev
__ZN22E1RxTargetDeviceMC_CPUD2Ev
__ZN22E2ARMEventpointGDBCoreC1EP13ITargetDevicePN18RenesasElectronics9MicomTool15DebuggerLibrary15RenesasFirmWare11ARMFi
__ZN22E2ARMEventpointGDBCoreC2EP13ITargetDevicePN18RenesasElectronics9MicomTool15DebuggerLibrary15RenesasFirmWare11ARMFi
__ZN22JLinkRISCVTargetDevice10readMemoryEyjtPhb
__ZN22JLinkRISCVTargetDevice10setFlashBpEv
__ZN22JLinkRISCVTargetDevice10stepTargetEj
__ZN22JLinkRISCVTargetDevice10stopTargetEv
__ZN22JLinkRISCVTargetDevice11getJLinkDllEv
__ZN22JLinkRISCVTargetDevice11isSupportedEPKcS1_
__ZN22JLinkRISCVTargetDevice11writeMemoryEyjtPhb
__ZN22JLinkRISCVTargetDevice12deInitialiseEv
__ZN22JLinkRISCVTargetDevice12getADMTargetEv
__ZN22JLinkRISCVTargetDevice13displayBannerEv
__ZN22JLinkRISCVTargetDevice13getHaltReasonERyRiR11STOP_REASON
__ZN22JLinkRISCVTargetDevice13isBigEndianIoEv
__ZN22JLinkRISCVTargetDevice14preInitialise1Ev
__ZN22JLinkRISCVTargetDevice15Get_halt_reasonER11Halt_reasonbj
__ZN22JLinkRISCVTargetDevice15isTargetStoppedERb
__ZN22JLinkRISCVTargetDevice15specifyEmulatorEv
__ZN22JLinkRISCVTargetDevice15startConnectionEv
__ZN22JLinkRISCVTargetDevice16CreateADMSupportEv
__ZN22JLinkRISCVTargetDevice16getExecuteTimePCEv
__ZN22JLinkRISCVTargetDevice16getRegisterValueEjRNSt3__16vectorIhNS0_9allocatorIhEEEEb
__ZN22JLinkRISCVTargetDevice17loadDeviceSupportEv
__ZN22JLinkRISCVTargetDevice18setAllowFlashCacheEv
__ZN22JLinkRISCVTargetDevice18stopDownloadTargetEv
__ZN22JLinkRISCVTargetDevice18targetHaltedStatusEv
__ZN22JLinkRISCVTargetDevice19assignRegisterValueEjRNSt3__16vectorIjNS0_9allocatorIjEEEE
__ZN22JLinkRISCVTargetDevice19getJLinkDllFilePathEv
__ZN22JLinkRISCVTargetDevice22addDeviceListToManagerERNSt3__16vectorINS0_12basic_stringIcNS0_11char_traitsIcEENS0_9alloc
__ZN22JLinkRISCVTargetDevice22setConnectionInterfaceEv
__ZN22JLinkRISCVTargetDevice22startDownloadOnConnectENSt3__14listINS0_12basic_stringIcNS0_11char_traitsIcEENS0_9allocato
__ZN22JLinkRISCVTargetDevice24getMonitorCommandsObjectEv
__ZN22JLinkRISCVTargetDevice25startConnectionSubProcessEv
__ZN22JLinkRISCVTargetDevice26getEventCombinationSupportER27EventCombinationSupportInfo
__ZN22JLinkRISCVTargetDevice54isCoreNotResetAndRunningOnConnectionAndHasNeverStoppedEPKc
__ZN22JLinkRISCVTargetDevice5preGoEv
__ZN22JLinkRISCVTargetDevice5resetEv
__ZN22JLinkRISCVTargetDevice8goTargetEv
__ZN22JLinkRISCVTargetDevice9runScriptERKNSt3__112basic_stringIcNS0_11char_traitsIcEENS0_9allocatorIcEEEE
__ZN22JLinkRISCVTargetDevice9setIdCodeEv
__ZN22JLinkRISCVTargetDeviceC1ER23ConfigurationParametersR14IServerContext
__ZN22JLinkRISCVTargetDeviceC2ER23ConfigurationParametersR14IServerContext
__ZN22JLinkRISCVTargetDeviceD0Ev
__ZN22JLinkRISCVTargetDeviceD1Ev
__ZN22JLinkRISCVTargetDeviceD2Ev
__ZN22LauterbachUserSettings9getDeviceEv
__ZN22RA8x2SiPTZTargetDevice24printTrustZoneTargetInfoERKN21TrustZoneTargetDevice9DLM_STATEERKN18RenesasElectronics21Ren
__ZN22RA8x2SiPTZTargetDevice30getIdauRegionFromCmsisZoneListERKNSt3__16vectorIN12ARMTrustZone12ARMCMSISZone15CMSISZoneMe
__ZN22RA8x2SiPTZTargetDeviceC1Ev
__ZN22RA8x2SiPTZTargetDeviceC2Ev
__ZN22RA8x2SiPTZTargetDeviceD0Ev
__ZN22RA8x2SiPTZTargetDeviceD1Ev
__ZN22RA8x2SiPTZTargetDeviceD2Ev
__ZN22RCarE2TargetDeviceCore10readMemoryEyjtPhb
__ZN22RCarE2TargetDeviceCore10stepTargetEj
__ZN22RCarE2TargetDeviceCore10stopTargetEv
__ZN22RCarE2TargetDeviceCore11GetPerfDataEt
__ZN22RCarE2TargetDeviceCore11getByEndianEv
__ZN22RCarE2TargetDeviceCore11getCpSysRegEPKcbb
__ZN22RCarE2TargetDeviceCore11is64bitCoreEv
__ZN22RCarE2TargetDeviceCore11setCpSysRegEPKcbb
__ZN22RCarE2TargetDeviceCore11writeMemoryEyjtPhb
__ZN22RCarE2TargetDeviceCore12getADMTargetEv
__ZN22RCarE2TargetDeviceCore12getByRunModeEv
__ZN22RCarE2TargetDeviceCore12isCortexCA55ENSt3__112basic_stringIcNS0_11char_traitsIcEENS0_9allocatorIcEEEE
__ZN22RCarE2TargetDeviceCore12isCortexCA76ENSt3__112basic_stringIcNS0_11char_traitsIcEENS0_9allocatorIcEEEE
__ZN22RCarE2TargetDeviceCore12isCortexCR52ENSt3__112basic_stringIcNS0_11char_traitsIcEENS0_9allocatorIcEEEE
__ZN22RCarE2TargetDeviceCore13SetPMUSettingEPKcS1_Rj
__ZN22RCarE2TargetDeviceCore13getByInstCodeEj
__ZN22RCarE2TargetDeviceCore13getDwCoreInfoEv
__ZN22RCarE2TargetDeviceCore13getHaltReasonERyRiR11STOP_REASON
__ZN22RCarE2TargetDeviceCore13isCortexCA720ENSt3__112basic_stringIcNS0_11char_traitsIcEENS0_9allocatorIcEEEE
__ZN22RCarE2TargetDeviceCore14getCoreMesInfoEv
__ZN22RCarE2TargetDeviceCore15getByAccessTypeEv
__ZN22RCarE2TargetDeviceCore16SetTypeEventPerfEtt
__ZN22RCarE2TargetDeviceCore16updateTimerEventENSt3__112basic_stringIcNS0_11char_traitsIcEENS0_9allocatorIcEEEES6_
__ZN22RCarE2TargetDeviceCore17addSWBreakpoint64Eyj
__ZN22RCarE2TargetDeviceCore17getProgEmlMesInfoEv
__ZN22RCarE2TargetDeviceCore18targetHaltedStatusEv
__ZN22RCarE2TargetDeviceCore20deleteSWBreakpoint64Eyj
__ZN22RCarE2TargetDeviceCore21handleMemoryReadErrorEyj
__ZN22RCarE2TargetDeviceCore24getSupportedArchitectureENSt3__112basic_stringIcNS0_11char_traitsIcEENS0_9allocatorIcEEEE
__ZN22RCarE2TargetDeviceCore26getEventCombinationSupportER27EventCombinationSupportInfo
__ZN22RCarE2TargetDeviceCore26getTargetMaximumAddressGDBEv
__ZN22RCarE2TargetDeviceCore27readMemoryForMonitorCommandEyjtPhb
__ZN22RCarE2TargetDeviceCore32initialiseRCarE2TargetDeviceCoreEv
__ZN22RCarE2TargetDeviceCore41getMonitorSettingsAfterUpdatingCoreNumberEPKc
__ZN22RCarE2TargetDeviceCore5resetEv
__ZN22RCarE2TargetDeviceCore6getETMEv
__ZN22RCarE2TargetDeviceCore8goTargetEv
__ZN22RCarE2TargetDeviceCore8isCMCoreEv
__ZN22RCarE2TargetDeviceCore8isCRCoreEv
__ZN22RCarE2TargetDeviceCore9EnablePMUEbNSt3__112basic_stringIcNS0_11char_traitsIcEENS0_9allocatorIcEEEE
__ZN22RCarE2TargetDeviceCore9SetPerfSWEv
__ZN22RCarE2TargetDeviceCore9createETMEv
__ZN22RCarE2TargetDeviceCore9getStatusERj
__ZN22RCarE2TargetDeviceCore9isETECoreEv
__ZN22RCarE2TargetDeviceCoreC1ER23ConfigurationParametersR14IServerContextPKcP24RCarE2TargetDeviceMC_CPUS5_
__ZN22RCarE2TargetDeviceCoreC2ER23ConfigurationParametersR14IServerContextPKcP24RCarE2TargetDeviceMC_CPUS5_
__ZN22RCarE2TargetDeviceCoreD0Ev
__ZN22RCarE2TargetDeviceCoreD1Ev
__ZN22RCarE2TargetDeviceCoreD2Ev
__ZN22RH850TargetDeviceMCF1H15TestPostConnectEv
__ZN22RH850TargetDeviceMCF1HC1ER23ConfigurationParametersR14IServerContext
__ZN22RH850TargetDeviceMCF1HC2ER23ConfigurationParametersR14IServerContext
__ZN22RH850TargetDeviceMCF1HD0Ev
__ZN22RH850TargetDeviceMCF1HD1Ev
__ZN22RH850TargetDeviceMCF1HD2Ev
__ZN22RHTraceSocketInterface12getTraceLockEP13ITargetDevice
__ZN22RHTraceSocketInterface16releaseTraceLockEP13ITargetDevice
__ZN22RL78DspTargetDeviceFAA19getCodeAddressInRamEv
__ZN22RL78DspTargetDeviceFAA19getDataAddressInRamEv
__ZN22RL78DspTargetDeviceFAA22getPER2RegisterAddressEv
__ZN22RL78DspTargetDeviceFAA22getWindRegisterAddressEv
__ZN22RL78DspTargetDeviceFAA24getADBSELRegisterAddressEv
__ZN22RL78DspTargetDeviceFAA26getTargetMemoryRegionsListEPKcRNSt3__14listIN12GDBMemoryMap14GDBMemoryRangeENS2_9allocator
__ZN22RL78DspTargetDeviceFAA9hasADBSELEv
__ZN22RL78DspTargetDeviceFAAC1ER23ConfigurationParametersR14IServerContextPKcP16RL78TargetDevicebb
__ZN22RL78DspTargetDeviceFAAC2ER23ConfigurationParametersR14IServerContextPKcP16RL78TargetDevicebb
__ZN22RL78DspTargetDeviceFAAD0Ev
__ZN22RL78DspTargetDeviceFAAD1Ev
__ZN22RL78DspTargetDeviceFAAD2Ev
__ZN22RL78TargetDeviceCoreS115startConnectionEv
__ZN22RL78TargetDeviceCoreS117createExecConnectEv
__ZN22RL78TargetDeviceCoreS118createExecCommandsEv
__ZN22RL78TargetDeviceCoreS118stopDownloadTargetEv
__ZN22RL78TargetDeviceCoreS120createMemoryCommandsEv
__ZN22RL78TargetDeviceCoreS122startDownloadOnConnectENSt3__14listINS0_12basic_stringIcNS0_11char_traitsIcEENS0_9allocato
__ZN22RL78TargetDeviceCoreS1C1ER23ConfigurationParametersR14IServerContextPKcP16RL78TargetDevice
__ZN22RL78TargetDeviceCoreS1C2ER23ConfigurationParametersR14IServerContextPKcP16RL78TargetDevice
__ZN22RL78TargetDeviceCoreS1D0Ev
__ZN22RL78TargetDeviceCoreS1D1Ev
__ZN22RL78TargetDeviceCoreS1D2Ev
__ZN22RL78TargetDeviceCoreS215startConnectionEv
__ZN22RL78TargetDeviceCoreS217createExecConnectEv
__ZN22RL78TargetDeviceCoreS218createExecCommandsEv
__ZN22RL78TargetDeviceCoreS218stopDownloadTargetEv
__ZN22RL78TargetDeviceCoreS220createMemoryCommandsEv
__ZN22RL78TargetDeviceCoreS222startDownloadOnConnectENSt3__14listINS0_12basic_stringIcNS0_11char_traitsIcEENS0_9allocato
__ZN22RL78TargetDeviceCoreS2C1ER23ConfigurationParametersR14IServerContextPKcP16RL78TargetDevice
__ZN22RL78TargetDeviceCoreS2C2ER23ConfigurationParametersR14IServerContextPKcP16RL78TargetDevice
__ZN22RL78TargetDeviceCoreS2D0Ev
__ZN22RL78TargetDeviceCoreS2D1Ev
__ZN22RL78TargetDeviceCoreS2D2Ev
__ZN22RL78TargetDeviceCoreS315startConnectionEv
__ZN22RL78TargetDeviceCoreS317createExecConnectEv
__ZN22RL78TargetDeviceCoreS318createExecCommandsEv
__ZN22RL78TargetDeviceCoreS318stopDownloadTargetEv
__ZN22RL78TargetDeviceCoreS320createMemoryCommandsEv
__ZN22RL78TargetDeviceCoreS322startDownloadOnConnectENSt3__14listINS0_12basic_stringIcNS0_11char_traitsIcEENS0_9allocato
__ZN22RL78TargetDeviceCoreS3C1ER23ConfigurationParametersR14IServerContextPKcP16RL78TargetDevice
__ZN22RL78TargetDeviceCoreS3C2ER23ConfigurationParametersR14IServerContextPKcP16RL78TargetDevice
__ZN22RL78TargetDeviceCoreS3D0Ev
__ZN22RL78TargetDeviceCoreS3D1Ev
__ZN22RL78TargetDeviceCoreS3D2Ev
__ZN22RxTargetDeviceMC_Type115TestPostConnectEv
__ZN22RxTargetDeviceMC_Type133initialiseDebuggerSynchronisationEv
__ZN22RxTargetDeviceMC_Type1C1ER23ConfigurationParametersR14IServerContextPKc
__ZN22RxTargetDeviceMC_Type1C2ER23ConfigurationParametersR14IServerContextPKc
__ZN22RxTargetDeviceMC_Type1D0Ev
__ZN22RxTargetDeviceMC_Type1D1Ev
__ZN22RxTargetDeviceMC_Type1D2Ev
__ZN22T32TargetDevice_Shader10SetChannelEv
__ZN22T32TargetDevice_Shader10getChannelEv
__ZN22T32TargetDevice_Shader10haveJUMPedEv
__ZN22T32TargetDevice_Shader10kickShaderEv
__ZN22T32TargetDevice_Shader10printStateEPKc
__ZN22T32TargetDevice_Shader10readMemoryEyjtPhb
__ZN22T32TargetDevice_Shader10stepTargetEj
__ZN22T32TargetDevice_Shader10stopTargetEv
__ZN22T32TargetDevice_Shader11mapGWM_COMMEv
__ZN22T32TargetDevice_Shader11mapLWM_COMMEji
__ZN22T32TargetDevice_Shader11setupShaderEv
__ZN22T32TargetDevice_Shader11writeMemoryEyjtPhb
__ZN22T32TargetDevice_Shader11writeModuleEyjPhRi
__ZN22T32TargetDevice_Shader12deInitialiseEv
__ZN22T32TargetDevice_Shader12getRegistersERNSt3__112basic_stringIcNS0_11char_traitsIcEENS0_9allocatorIcEEEE
__ZN22T32TargetDevice_Shader12readClustersEyjPhRi
__ZN22T32TargetDevice_Shader12readGWM_COMMEyjPhRi
__ZN22T32TargetDevice_Shader12readLWM_COMMEyjiPhRi
__ZN22T32TargetDevice_Shader13addEventpointEP12IEventShader
__ZN22T32TargetDevice_Shader13getHelperCoreEv
__ZN22T32TargetDevice_Shader13isModuleResetEv
__ZN22T32TargetDevice_Shader13isShaderResetEv
__ZN22T32TargetDevice_Shader13setEventpointEbRK16ShaderBreakpoint
__ZN22T32TargetDevice_Shader13setHelperCoreEP19T32TargetDeviceCore
__ZN22T32TargetDevice_Shader13writeClustersEyjPhRi
__ZN22T32TargetDevice_Shader13writeGWM_COMMEyjPhRi
__ZN22T32TargetDevice_Shader13writeLWM_COMMEyjiPhRi
__ZN22T32TargetDevice_Shader14findBreakpointERNSt3__16vectorI16ShaderBreakpointNS0_9allocatorIS2_EEEERKS2_
__ZN22T32TargetDevice_Shader14getBaseAddressEv
__ZN22T32TargetDevice_Shader14isInBreakStateEv
__ZN22T32TargetDevice_Shader14isShaderKickedEv
__ZN22T32TargetDevice_Shader14restoreOpCodesEj
__ZN22T32TargetDevice_Shader14setModuleResetEb
__ZN22T32TargetDevice_Shader14setShaderResetEb
__ZN22T32TargetDevice_Shader15addCLBreakpointEj
__ZN22T32TargetDevice_Shader15findSINIandMAINERjS0_S0_
__ZN22T32TargetDevice_Shader15getLWMBank_COMMEyiRjS0_
__ZN22T32TargetDevice_Shader15getResetPCValueEv
__ZN22T32TargetDevice_Shader15insertIntOpcodeEjj
__ZN22T32TargetDevice_Shader15isInDLTrapStateEv
__ZN22T32TargetDevice_Shader15isModuleStandbyEv
__ZN22T32TargetDevice_Shader15isSoftwareResetEv
__ZN22T32TargetDevice_Shader15isStepImmediateEv
__ZN22T32TargetDevice_Shader15isThreadEnabledEiRb
__ZN22T32TargetDevice_Shader15mapGWM_NON_COMMEv
__ZN22T32TargetDevice_Shader15mapLWM_NON_COMMEji
__ZN22T32TargetDevice_Shader15readUniformDataEyjPhRi
__ZN22T32TargetDevice_Shader15restoreCLOpcodeEv
__ZN22T32TargetDevice_Shader15setPCBreakpointEbj12IntBreakType
__ZN22T32TargetDevice_Shader15shaderCompletedEv
__ZN22T32TargetDevice_Shader15startConnectionEv
__ZN22T32TargetDevice_Shader16createShaderCoreER23ConfigurationParametersR14IServerContextP17T32CoreParametersP18T32Targ
etDeviceCPURNSt3__112basic_stringIcNS8_11char_traitsIcEENS8_9allocatorIcEEEE
__ZN22T32TargetDevice_Shader16getShortCoreNameEPKc
__ZN22T32TargetDevice_Shader16insertJumpOpcodeEj
__ZN22T32TargetDevice_Shader16printSR1RegisterEj
__ZN22T32TargetDevice_Shader16readGWM_NON_COMMEyjPhRi
__ZN22T32TargetDevice_Shader16readLWM_NON_COMMEyjiPhRi
__ZN22T32TargetDevice_Shader16removeEventpointEP12IEventShader
__ZN22T32TargetDevice_Shader16resumeAfterBreakEv
__ZN22T32TargetDevice_Shader16setModuleStandbyEb
__ZN22T32TargetDevice_Shader16setSoftwareResetEb
__ZN22T32TargetDevice_Shader16writeUniformDataEyjPhRi
__ZN22T32TargetDevice_Shader17getGWMOffset_COMMEyRj
__ZN22T32TargetDevice_Shader17getT32DeviceEntryER24TargetDeviceListEntryT32
__ZN22T32TargetDevice_Shader17setBreakDebugModeEb
__ZN22T32TargetDevice_Shader17stepBreakpointSetEj
__ZN22T32TargetDevice_Shader17writeGWM_NON_COMMEyjPhRi
__ZN22T32TargetDevice_Shader17writeLWM_NON_COMMEyjiPhRi
__ZN22T32TargetDevice_Shader18configureInterruptEv
__ZN22T32TargetDevice_Shader18createHelperOjectsEv
__ZN22T32TargetDevice_Shader18createSecondThreadEv
__ZN22T32TargetDevice_Shader18deleteSWBreakpointEjj
__ZN22T32TargetDevice_Shader18getExtraThreadInfoEv
__ZN22T32TargetDevice_Shader18getShaderRegistersEv
__ZN22T32TargetDevice_Shader18isShaderKickedBye2Ev
__ZN22T32TargetDevice_Shader18isValidCodeAddressEy
__ZN22T32TargetDevice_Shader18removeCLBreakpointEj
__ZN22T32TargetDevice_Shader19assignRegisterValueEjRNSt3__16vectorIjNS0_9allocatorIjEEEE
__ZN22T32TargetDevice_Shader19convertIEventShaderER16ShaderBreakpointP12IEventShader
__ZN22T32TargetDevice_Shader19enableClBkPtAtIndexEj
__ZN22T32TargetDevice_Shader19getLWMBank_NON_COMMEyijjRjS0_
__ZN22T32TargetDevice_Shader19getValidCodeAddressEjRj
__ZN22T32TargetDevice_Shader19insertClBkPtAtIndexEj
__ZN22T32TargetDevice_Shader19isValidBreakAddressEj
__ZN22T32TargetDevice_Shader19readScratchPad_COMMEyjPhRi
__ZN22T32TargetDevice_Shader19setClBkPtAtNextStepEv
__ZN22T32TargetDevice_Shader19stepBreakpointClearEv
__ZN22T32TargetDevice_Shader20disableClBkPtAtIndexEj
__ZN22T32TargetDevice_Shader20getCLBreakpointCountEv
__ZN22T32TargetDevice_Shader20getCLBreakpointIndexEj
__ZN22T32TargetDevice_Shader20isInDLInterruptStateEv
__ZN22T32TargetDevice_Shader20setCoordPCBreakpointEbjtt
__ZN22T32TargetDevice_Shader20writeScratchPad_COMMEyjPhRi
__ZN22T32TargetDevice_Shader20writeToUniformMemoryEv
__ZN22T32TargetDevice_Shader21addSoftwareBreakpointEjj
__ZN22T32TargetDevice_Shader21canCreateSecondThreadEv
__ZN22T32TargetDevice_Shader21configurationCompleteEv
__ZN22T32TargetDevice_Shader21displayDebugRegistersEv
__ZN22T32TargetDevice_Shader21getGWMOffset_NON_COMMEyRj
__ZN22T32TargetDevice_Shader21removeAllCLBreakpointEv
__ZN22T32TargetDevice_Shader21setDisplayListAddressEj
__ZN22T32TargetDevice_Shader21setRegisterBreakpointEbij
__ZN22T32TargetDevice_Shader22isEventpointsSupportedEv
__ZN22T32TargetDevice_Shader23getAddressProgramModuleEv
__ZN22T32TargetDevice_Shader23insertTempClBkPtAtIndexEj
__ZN22T32TargetDevice_Shader23readScratchPad_NON_COMMEyjPhRi
__ZN22T32TargetDevice_Shader23resumeOtherThreadsF0_F1Ev
__ZN22T32TargetDevice_Shader23setDataCacheBankAddressEv
__ZN22T32TargetDevice_Shader23writeUniformDataV3MTypeEyjPhRi
__ZN22T32TargetDevice_Shader24setInterruptMaskRegisterEj
__ZN22T32TargetDevice_Shader24writeScratchPad_NON_COMMEyjPhRi
__ZN22T32TargetDevice_Shader25getHWBreakpointsAvailableEv
__ZN22T32TargetDevice_Shader25getSWBreakpointsAvailableEv
__ZN22T32TargetDevice_Shader25setShaderCoreMaskRegisterEj
__ZN22T32TargetDevice_Shader26getClusterNameFromCoreNameEPKc
__ZN22T32TargetDevice_Shader26getTargetMaximumAddressGDBEv
__ZN22T32TargetDevice_Shader26isInDLInterruptOrTrapStateEv
__ZN22T32TargetDevice_Shader26setCoordRegisterBreakpointEbijtt
__ZN22T32TargetDevice_Shader27handleINTBreakpointIfNeededEv
__ZN22T32TargetDevice_Shader28applyBreakpointsSingleThreadEv
__ZN22T32TargetDevice_Shader28isKickedAndThreadInitialisedEv
__ZN22T32TargetDevice_Shader28updateCommandListBreakpointsEv
__ZN22T32TargetDevice_Shader29canCoreBeResumedByAnotherCoreEv
__ZN22T32TargetDevice_Shader29resumeCoreAfterInterruptF0_F1Ev
__ZN22T32TargetDevice_Shader29resumeCoreAfterInterruptF2_F3Ev
__ZN22T32TargetDevice_Shader31isSupportedForSessionisAnalysisEv
__ZN22T32TargetDevice_Shader31resumeThreadAfterInterruptF0_F1Ev
__ZN22T32TargetDevice_Shader33addHardwareBreakpointSingleThreadEj
__ZN22T32TargetDevice_Shader33isSecondThreadPCStartAddressValidEb
__ZN22T32TargetDevice_Shader34isInDLInterruptStateF0_F1_F2_F3_FFERj
__ZN22T32TargetDevice_Shader34isSupportedForSessionisEventpointsEv
__ZN22T32TargetDevice_Shader35isAlwaysNotifyResumedSuspendedStateEv
__ZN22T32TargetDevice_Shader36deleteHardwareBreakpointSingleThreadEj
__ZN22T32TargetDevice_Shader36isKickedAndInterruptedF0_F1_F2_F3_FFERj
__ZN22T32TargetDevice_Shader46updateThreadInfoAndListOfGDBThreadsCoreThreadsER12MulticoreGDB
__ZN22T32TargetDevice_Shader5getPCERj
__ZN22T32TargetDevice_Shader5resetEv
__ZN22T32TargetDevice_Shader5setPCEj
__ZN22T32TargetDevice_Shader8getDLIntEv
__ZN22T32TargetDevice_Shader8goTargetEv
__ZN22T32TargetDevice_Shader8isKickedEv
__ZN22T32TargetDevice_Shader8readCodeEyjPhRi
__ZN22T32TargetDevice_Shader9getStatusERj
__ZN22T32TargetDevice_Shader9setupStepEv
__ZN22T32TargetDevice_ShaderC2ER23ConfigurationParametersR14IServerContextP17T32CoreParametersP18T32TargetDeviceCPURNSt3
__ZN22T32TargetDevice_ShaderD0Ev
__ZN22T32TargetDevice_ShaderD1Ev
__ZN22T32TargetDevice_ShaderD2Ev
__ZN22TimeMeasurementGDB_FFWC1EP13ITargetDevice
__ZN22TimeMeasurementGDB_FFWC2EP13ITargetDevice
__ZN23ARMTargetDeviceMC_BRAVO10createCoreEPKcS1_RP12TargetDevice
__ZN23ARMTargetDeviceMC_BRAVO11isSupportedEPKcS1_
__ZN23ARMTargetDeviceMC_BRAVO15isSynergyDeviceEv
__ZN23ARMTargetDeviceMC_BRAVO21configurationCompleteEv
__ZN23ARMTargetDeviceMC_BRAVO5resetEPKc
__ZN23ARMTargetDeviceMC_BRAVO5resetEv
__ZN23ARMTargetDeviceMC_BRAVOC1ER23ConfigurationParametersR14IServerContext
__ZN23ARMTargetDeviceMC_BRAVOC2ER23ConfigurationParametersR14IServerContext
__ZN23ARMTargetDeviceMC_BRAVOD0Ev
__ZN23ARMTargetDeviceMC_BRAVOD1Ev
__ZN23ARMTargetDeviceMC_BRAVOD2Ev
__ZN23AnalysisGDB_FFWRxMC_CPUC1EP13ITargetDeviceR23ConfigurationParameters
__ZN23AnalysisGDB_FFWRxMC_CPUC2EP13ITargetDeviceR23ConfigurationParameters
__ZN23ConfigurationParameters13getDeviceNameEv
__ZN23E2ARMTargetDeviceMC_CPU10createCoreEPKcS1_RP12TargetDevice
__ZN23E2ARMTargetDeviceMC_CPU10readMemoryEyjtPhb
__ZN23E2ARMTargetDeviceMC_CPU11goAllTargetEv
__ZN23E2ARMTargetDeviceMC_CPU11isMultiCoreEv
__ZN23E2ARMTargetDeviceMC_CPU11isSupportedEPKcS1_
__ZN23E2ARMTargetDeviceMC_CPU11writeMemoryEyjtPhb
__ZN23E2ARMTargetDeviceMC_CPU12getADMTargetEv
__ZN23E2ARMTargetDeviceMC_CPU12isCM23orCM33Ev
__ZN23E2ARMTargetDeviceMC_CPU12isCM55orCM85Ev
__ZN23E2ARMTargetDeviceMC_CPU12readMemory64EPKcyyPhRy
__ZN23E2ARMTargetDeviceMC_CPU13getDwCoreInfoEv
__ZN23E2ARMTargetDeviceMC_CPU13getExecCoreIDEPKc
__ZN23E2ARMTargetDeviceMC_CPU13preGoAllCoresEv
__ZN23E2ARMTargetDeviceMC_CPU13stopAllTargetEv
__ZN23E2ARMTargetDeviceMC_CPU13writeMemory64EPKcyyPh
__ZN23E2ARMTargetDeviceMC_CPU14getSimulatedIOEPKc
__ZN23E2ARMTargetDeviceMC_CPU14getSimulatedIOEv
__ZN23E2ARMTargetDeviceMC_CPU14handleGoAllCmdEv
__ZN23E2ARMTargetDeviceMC_CPU14isCM0orCM0PlusEv
__ZN23E2ARMTargetDeviceMC_CPU15connectToTargetEv
__ZN23E2ARMTargetDeviceMC_CPU15getSelectedCoreEv
__ZN23E2ARMTargetDeviceMC_CPU15getSimulatedIOsEv
__ZN23E2ARMTargetDeviceMC_CPU15isTargetStoppedEPKcRb
__ZN23E2ARMTargetDeviceMC_CPU15isTargetStoppedERb
__ZN23E2ARMTargetDeviceMC_CPU15startConnectionEv
__ZN23E2ARMTargetDeviceMC_CPU16CreateADMSupportEv
__ZN23E2ARMTargetDeviceMC_CPU16clearCacheMemoryEv
__ZN23E2ARMTargetDeviceMC_CPU16getExecuteTimePCEPKc
__ZN23E2ARMTargetDeviceMC_CPU16getMCDeviceEntryER23TargetDeviceListMCEntry
__ZN23E2ARMTargetDeviceMC_CPU16writeCacheMemoryEv
__ZN23E2ARMTargetDeviceMC_CPU17setNotDownloadingEv
__ZN23E2ARMTargetDeviceMC_CPU18createHelperOjectsEv
__ZN23E2ARMTargetDeviceMC_CPU18writeCacheRegisterEv
__ZN23E2ARMTargetDeviceMC_CPU22startDownloadOnConnectENSt3__14listINS0_12basic_stringIcNS0_11char_traitsIcEENS0_9allocat
__ZN23E2ARMTargetDeviceMC_CPU23doCoreDependentSettingsEv
__ZN23E2ARMTargetDeviceMC_CPU23hookProcedureForTpacketEv
__ZN23E2ARMTargetDeviceMC_CPU23loadAndCheckDeviceFilesEv
__ZN23E2ARMTargetDeviceMC_CPU23setDownloadingOnConnectEv
__ZN23E2ARMTargetDeviceMC_CPU23setIsDelayedDownloadingEb
__ZN23E2ARMTargetDeviceMC_CPU24getCoreNumberForSwoTraceEv
__ZN23E2ARMTargetDeviceMC_CPU24runAllCoresIndependentlyEv
__ZN23E2ARMTargetDeviceMC_CPU25stopAllCoresIndependentlyEv
__ZN23E2ARMTargetDeviceMC_CPU26getSelectedCoreInTargetDLLERj
__ZN23E2ARMTargetDeviceMC_CPU26setSelectedCoreInTargetDLLEPKc
__ZN23E2ARMTargetDeviceMC_CPU26setSelectedCoreInTargetDLLEj
__ZN23E2ARMTargetDeviceMC_CPU27disconnectButContinueTargetEv
__ZN23E2ARMTargetDeviceMC_CPU27hasGetSimulatedIOByCoreNameEv
__ZN23E2ARMTargetDeviceMC_CPU29getITMTimestampCountFrequencyEv
__ZN23E2ARMTargetDeviceMC_CPU31getListOfActiveAndInactiveCoresERNSt3__14listIjNS0_9allocatorIjEEEES5_
__ZN23E2ARMTargetDeviceMC_CPU32addResumedCoresWhenTargetResumesEv
__ZN23E2ARMTargetDeviceMC_CPU33initialiseDebuggerSynchronisationEv
__ZN23E2ARMTargetDeviceMC_CPU34isMulticoreDebugInSingleGdbSessionEv
__ZN23E2ARMTargetDeviceMC_CPU35getListOfActiveAndInactiveCoreNamesERNSt3__14listINS0_12basic_stringIcNS0_11char_traitsIc
__ZN23E2ARMTargetDeviceMC_CPU5isCM4Ev
__ZN23E2ARMTargetDeviceMC_CPU5preGoEv
__ZN23E2ARMTargetDeviceMC_CPU5resetEv
__ZN23E2ARMTargetDeviceMC_CPU6isCM23Ev
__ZN23E2ARMTargetDeviceMC_CPU6isCR52Ev
__ZN23E2ARMTargetDeviceMC_CPU7getCoreERKj
__ZN23E2ARMTargetDeviceMC_CPU8goTargetEv
__ZN23E2ARMTargetDeviceMC_CPU9getStatusEPKcRj
__ZN23E2ARMTargetDeviceMC_CPU9getStatusERj
__ZN23E2ARMTargetDeviceMC_CPU9isCpuCoreEP12TargetDevice
__ZN23E2ARMTargetDeviceMC_CPUC1ER23ConfigurationParametersR14IServerContext
__ZN23E2ARMTargetDeviceMC_CPUC2ER23ConfigurationParametersR14IServerContext
__ZN23E2ARMTargetDeviceMC_CPUD0Ev
__ZN23E2ARMTargetDeviceMC_CPUD1Ev
__ZN23E2ARMTargetDeviceMC_CPUD2Ev
__ZN23E2ARMTimeMeasurementGDBC1EP13ITargetDeviceR23ConfigurationParameters
__ZN23E2ARMTimeMeasurementGDBC2EP13ITargetDeviceR23ConfigurationParameters
__ZN23EventpointGDB_ExecRH850C1EP17RH850TargetDeviceP15ADMExecCommandsP17ExecCommandsRH850
__ZN23EventpointGDB_ExecRH850C2EP17RH850TargetDeviceP15ADMExecCommandsP17ExecCommandsRH850
__ZN23PassthroughTargetDevice10initialiseEv
__ZN23PassthroughTargetDevice12deInitialiseEv
__ZN23PassthroughTargetDevice13displayBannerEv
__ZN23PassthroughTargetDevice15startConnectionEv
__ZN23PassthroughTargetDevice16helperConnectionEv
__ZN23PassthroughTargetDevice19getTargetConnectionEv
__ZN23PassthroughTargetDevice19sendMessageToTargetEP6Packet
__ZN23PassthroughTargetDevice21helperConnectionInUseEv
__ZN23PassthroughTargetDevice22isWaitingOnOtherTargetEv
__ZN23PassthroughTargetDevice23requestUseByOtherTargetEv
__ZN23PassthroughTargetDevice23setWaitingOnOtherTargetEv
__ZN23PassthroughTargetDevice24processMessageFromClientEP6PacketP9IO_BUFFER
__ZN23PassthroughTargetDevice24receiveMessageFromTargetEP6Packet
__ZN23PassthroughTargetDevice25useRequestedByOtherTargetEv
__ZN23PassthroughTargetDevice29clearWaitOnOtherTargetRequestEv
__ZN23PassthroughTargetDevice31clearWaitingOnOtherTargetStatusEv
__ZN23PassthroughTargetDeviceC1ER23ConfigurationParametersR14IServerContextt
__ZN23PassthroughTargetDeviceC2ER23ConfigurationParametersR14IServerContextt
__ZN23PassthroughTargetDeviceD0Ev
__ZN23PassthroughTargetDeviceD1Ev
__ZN23PassthroughTargetDeviceD2Ev
__ZN23PassthroughUserSettings9getDeviceEv
__ZN23RH850TargetDeviceCoreG326canSubstituteSWBreakpointsEv
__ZN23RH850TargetDeviceCoreG3C1ER23ConfigurationParametersR14IServerContextPKcP23RH850TargetDeviceMC_CPU
__ZN23RH850TargetDeviceCoreG3C2ER23ConfigurationParametersR14IServerContextPKcP23RH850TargetDeviceMC_CPU
__ZN23RH850TargetDeviceCoreG3D0Ev
__ZN23RH850TargetDeviceCoreG3D1Ev
__ZN23RH850TargetDeviceCoreG3D2Ev
__ZN23RH850TargetDeviceCoreG411writeMemoryEyjtPhb
__ZN23RH850TargetDeviceCoreG426canSubstituteSWBreakpointsEv
__ZN23RH850TargetDeviceCoreG4C1ER23ConfigurationParametersR14IServerContextPKcP23RH850TargetDeviceMC_CPU
__ZN23RH850TargetDeviceCoreG4C2ER23ConfigurationParametersR14IServerContextPKcP23RH850TargetDeviceMC_CPU
__ZN23RH850TargetDeviceCoreG4D0Ev
__ZN23RH850TargetDeviceCoreG4D1Ev
__ZN23RH850TargetDeviceCoreG4D2Ev
__ZN23RH850TargetDeviceMC_CPU10createCoreEPKcS1_RP21RH850TargetDeviceCore
__ZN23RH850TargetDeviceMC_CPU11createCoresEv
__ZN23RH850TargetDeviceMC_CPU11goAllTargetEv
__ZN23RH850TargetDeviceMC_CPU11isMultiCoreEv
__ZN23RH850TargetDeviceMC_CPU11isSupportedEPKcS1_
__ZN23RH850TargetDeviceMC_CPU11setSyncModeEv
__ZN23RH850TargetDeviceMC_CPU12dislayStatusEv
__ZN23RH850TargetDeviceMC_CPU12getADMTargetEv
__ZN23RH850TargetDeviceMC_CPU12setAsyncCoreEPKc
__ZN23RH850TargetDeviceMC_CPU12stopAllCoresEv
__ZN23RH850TargetDeviceMC_CPU13getCoreNumberEPKc
__ZN23RH850TargetDeviceMC_CPU13getExecCoreIDEPKc
__ZN23RH850TargetDeviceMC_CPU13getHaltReasonEPKcRyRiR11STOP_REASON
__ZN23RH850TargetDeviceMC_CPU13setDTASettingEPKcS1_Rj
__ZN23RH850TargetDeviceMC_CPU13stopAllTargetEv
__ZN23RH850TargetDeviceMC_CPU14getExecConnectEv
__ZN23RH850TargetDeviceMC_CPU15forceRelayBreakEPKc
__ZN23RH850TargetDeviceMC_CPU15startConnectionEv
__ZN23RH850TargetDeviceMC_CPU16CreateADMSupportEv
__ZN23RH850TargetDeviceMC_CPU17createExecConnectEv
__ZN23RH850TargetDeviceMC_CPU17getTargetCoreNameEv
__ZN23RH850TargetDeviceMC_CPU17isAllCoresSuspendERb
__ZN23RH850TargetDeviceMC_CPU18checkAllCoreStatusEv
__ZN23RH850TargetDeviceMC_CPU18createHelperOjectsEv
__ZN23RH850TargetDeviceMC_CPU18disableVirtualModeEv
__ZN23RH850TargetDeviceMC_CPU18stopDownloadTargetEv
__ZN23RH850TargetDeviceMC_CPU19hotPluginInitialiseEv
__ZN23RH850TargetDeviceMC_CPU20displayOperationModeEv
__ZN23RH850TargetDeviceMC_CPU20monitorCommandHookMCEPKcb
__ZN23RH850TargetDeviceMC_CPU22startDownloadOnConnectENSt3__14listINS0_12basic_stringIcNS0_11char_traitsIcEENS0_9allocat
__ZN23RH850TargetDeviceMC_CPU23loadAndCheckDeviceFilesEv
__ZN23RH850TargetDeviceMC_CPU25saveTargetDLLCoreSettingsEv
__ZN23RH850TargetDeviceMC_CPU26addTraceRecordToCoreBufferENSt3__112basic_stringIcNS0_11char_traitsIcEENS0_9allocatorIcEE
__ZN23RH850TargetDeviceMC_CPU26getSelectedCoreInTargetDLLERj
__ZN23RH850TargetDeviceMC_CPU26setSelectedCoreInTargetDLLEPKc
__ZN23RH850TargetDeviceMC_CPU26setSelectedCoreInTargetDLLEj
__ZN23RH850TargetDeviceMC_CPU28restoreTargetDLLCoreSettingsEv
__ZN23RH850TargetDeviceMC_CPU33initialiseDebuggerSynchronisationEv
__ZN23RH850TargetDeviceMC_CPU5preGoEv
__ZN23RH850TargetDeviceMC_CPU9getStatusEPKcRj
__ZN23RH850TargetDeviceMC_CPUC1ER23ConfigurationParametersR14IServerContext
__ZN23RH850TargetDeviceMC_CPUC2ER23ConfigurationParametersR14IServerContext
__ZN23RH850TargetDeviceMC_CPUD0Ev
__ZN23RH850TargetDeviceMC_CPUD1Ev
__ZN23RH850TargetDeviceMC_CPUD2Ev
__ZN23RISCVTargetDeviceCommon10isSyncModeEv
__ZN23RISCVTargetDeviceCommon11isAsyncModeEv
__ZN23RISCVTargetDeviceCommon11isIDCodeSetEv
__ZN23RISCVTargetDeviceCommon15Get_status_fastERj
__ZN23RISCVTargetDeviceCommon16isSuspendPressedEv
__ZN23RISCVTargetDeviceCommon17setSuspendPressedEb
__ZN23RISCVTargetDeviceCommon18targetHaltedStatusEv
__ZN23RISCVTargetDeviceCommon23isRTOSSupportedByTargetEv
__ZN23RISCVTargetDeviceCommon25getSWBreakpointsAvailableEv
__ZN23RISCVTargetDeviceCommon26isTimeMeasurementSupportedEv
__ZN23RISCVTargetDeviceCommon27queryBreakpointAvailabilityEy
__ZN23RISCVTargetDeviceCommon28isSupportedForSessionisTraceEv
__ZN23RISCVTargetDeviceCommon29isSupportedForSessionisTargetEv
__ZN23RISCVTargetDeviceCommon31isSupportedForSessionisAnalysisEv
__ZN23RISCVTargetDeviceCommon34getSWBreakpointsUnavailableErrorIdEv
__ZN23RISCVTargetDeviceCommon34isSupportedForSessionisEventpointsEv
__ZN23RISCVTargetDeviceCommon34isSupportedForSessionisSimulatedIOEv
__ZN23RISCVTargetDeviceCommon8goTargetEv
__ZN23RISCVTargetDeviceCommon9getStatusERj
__ZN23RISCVTargetDeviceCommonC2ER23ConfigurationParametersR14IServerContextPKcS5_jP19TargetDeviceNonExec
__ZN23RISCVTargetDeviceCommonD0Ev
__ZN23RISCVTargetDeviceCommonD1Ev
__ZN23RISCVTargetDeviceCommonD2Ev
__ZN23TargetDeviceListEntryRX12getDriverDLLEv
__ZN23TargetDeviceListEntryRX14getMcuFilePathEv
__ZN23TargetDeviceListEntryRX15getFFWDirectoryEv
__ZN23TargetDeviceListEntryRX18getRegSetDirectoryEv
__ZN23TargetDeviceListEntryRX19getMonitorRegistersEv
__ZN23TargetDeviceListEntryRX20getMcuFilesDirectoryEv
__ZN23TargetDeviceListEntryRX9getFFWDLLEv
__ZN23TargetDeviceListEntryRXC1ENSt3__112basic_stringIcNS0_11char_traitsIcEENS0_9allocatorIcEEEES6_S6_S6_S6_S6_
__ZN23TargetDeviceListEntryRXC1ERKS_
__ZN23TargetDeviceListEntryRXC1Ev
__ZN23TargetDeviceListEntryRXC2ENSt3__112basic_stringIcNS0_11char_traitsIcEENS0_9allocatorIcEEEES6_S6_S6_S6_S6_
__ZN23TargetDeviceListEntryRXC2ERKS_
__ZN23TargetDeviceListEntryRXC2Ev
__ZN23TargetDeviceListEntryRXaSERKS_
__ZN23TargetDeviceListMCEntry11GetNumCoresEv
__ZN23TargetDeviceListMCEntry11getCoreTypeEPKc
__ZN23TargetDeviceListMCEntry12getCoreNamesERNSt3__14listINS0_12basic_stringIcNS0_11char_traitsIcEENS0_9allocatorIcEEEEN
__ZN23TargetDeviceListMCEntry13getCoreExecIdEPKc
__ZN23TargetDeviceListMCEntry13getCoreRegsetEPKc
__ZN23TargetDeviceListMCEntry14getCoreMcuFileEPKc
__ZN23TargetDeviceListMCEntry15getMCattribute1Ev
__ZN23TargetDeviceListMCEntry17getCoreAttribute1EPKc
__ZN23TargetDeviceListMCEntry17setMCDetailsEntryERK30TargetDeviceListMCDetailsEntry
__ZN23TargetDeviceListMCEntry18getFormattedRegsetERKNSt3__112basic_stringIcNS0_11char_traitsIcEENS0_9allocatorIcEEEES8_
__ZN23TargetDeviceListMCEntry8addCoresERNSt3__14listI32TargetDeviceListCoreDetailsEntryNS0_9allocatorIS2_EEEE
__ZN23TargetDeviceListMCEntry8getGroupEv
__ZN23TargetDeviceListMCEntryC1ERKS_
__ZN23TargetDeviceListMCEntryC1Ev
__ZN23TargetDeviceListMCEntryC2ERKS_
__ZN23TargetDeviceListMCEntryC2Ev
__ZN23TargetDeviceListMCEntryaSERKS_
__ZN23TargetDeviceListManager11readXMLFileERKN5boost13property_tree11basic_ptreeINSt3__112basic_stringIcNS3_11char_trait
__ZN23TargetDeviceListManager14getSupportTypeEv
__ZN23TargetDeviceListManager15readOptionalDLLENSt3__112basic_stringIcNS0_11char_traitsIcEENS0_9allocatorIcEEEERS6_S7_RK
__ZN23TargetDeviceListManager17getMulticoreGroupENSt3__112basic_stringIcNS0_11char_traitsIcEENS0_9allocatorIcEEEERS6_
__ZN23TargetDeviceListManager17isMulticoreDeviceENSt3__112basic_stringIcNS0_11char_traitsIcEENS0_9allocatorIcEEEE
__ZN23TargetDeviceListManager20getConvertedCoreTypeERKNSt3__112basic_stringIcNS0_11char_traitsIcEENS0_9allocatorIcEEEE
__ZN23TargetDeviceListManager20readMultiCoreDetailsER23TargetDeviceListMCEntryRKN5boost13property_tree11basic_ptreeINSt3
__ZN23TargetDeviceListManager22getEmulatorSectionNameEv
__ZN23TargetDeviceListManager7readDLLENSt3__112basic_stringIcNS0_11char_traitsIcEENS0_9allocatorIcEEEERS6_S7_RKN5boost13
__ZN23TargetDeviceListManager7readDLLENSt3__112basic_stringIcNS0_11char_traitsIcEENS0_9allocatorIcEEEERS6_S7_S7_RKN5boos
__ZN23TargetDeviceListManagerC2EPKc
__ZN23TargetDeviceListManagerD1Ev
__ZN23TargetDeviceListManagerD2Ev
__ZN23TimeMeasurementGDB_ExecC1EP13ITargetDeviceP15ADMExecCommands
__ZN23TimeMeasurementGDB_ExecC2EP13ITargetDeviceP15ADMExecCommands
__ZN24ARMR4TargetDeviceWithVFP11isSupportedEPKcS1_
__ZN24ARMR4TargetDeviceWithVFP22CreateRegistersManagerEbbbbbbNSt3__112basic_stringIcNS0_11char_traitsIcEENS0_9allocatorI
__ZN24ARMR4TargetDeviceWithVFPC1ER23ConfigurationParametersR14IServerContext
__ZN24ARMR4TargetDeviceWithVFPC2ER23ConfigurationParametersR14IServerContext
__ZN24ARMR4TargetDeviceWithVFPD0Ev
__ZN24ARMR4TargetDeviceWithVFPD1Ev
__ZN24ARMR4TargetDeviceWithVFPD2Ev
__ZN24ARMTargetDeviceCoreSight10isSyncModeEv
__ZN24ARMTargetDeviceCoreSight11getDlmStateEv
__ZN24ARMTargetDeviceCoreSight11isAsyncModeEv
__ZN24ARMTargetDeviceCoreSight11isIDCodeSetEv
__ZN24ARMTargetDeviceCoreSight12isSWVEnabledEv
__ZN24ARMTargetDeviceCoreSight13getExecCoreIDEPKc
__ZN24ARMTargetDeviceCoreSight14applyCTIToCoreERK16CTICoreParameter
__ZN24ARMTargetDeviceCoreSight14isRfpAvailableEv
__ZN24ARMTargetDeviceCoreSight14isSWVsupportedEv
__ZN24ARMTargetDeviceCoreSight15isSciBootNeededEv
__ZN24ARMTargetDeviceCoreSight15setSWVsupportedEb
__ZN24ARMTargetDeviceCoreSight17areIdauMismatchedEv
__ZN24ARMTargetDeviceCoreSight17getTZTargetDeviceEv
__ZN24ARMTargetDeviceCoreSight17isCA55DeviceCheckENSt3__112basic_stringIcNS0_11char_traitsIcEENS0_9allocatorIcEEEE
__ZN24ARMTargetDeviceCoreSight17isNoDlmTzPlatformEv
__ZN24ARMTargetDeviceCoreSight18getCoreSightTargetEv
__ZN24ARMTargetDeviceCoreSight18getRTZAzoneRegionsEv
__ZN24ARMTargetDeviceCoreSight18isComBootSupportedEv
__ZN24ARMTargetDeviceCoreSight18isSecureDebugStateEv
__ZN24ARMTargetDeviceCoreSight18setRfpAvailabilityERKb
__ZN24ARMTargetDeviceCoreSight19getRTZDeviceRegionsEv
__ZN24ARMTargetDeviceCoreSight19isJtagBootSupportedEv
__ZN24ARMTargetDeviceCoreSight19parseHostnameToIPv4ENSt3__112basic_stringIcNS0_11char_traitsIcEENS0_9allocatorIcEEEE
__ZN24ARMTargetDeviceCoreSight19setCoreSightDetailsER14ARMCoreDetails
__ZN24ARMTargetDeviceCoreSight20deInitialiseBootModeEv
__ZN24ARMTargetDeviceCoreSight20getSDEValueFromDHCSRERh
__ZN24ARMTargetDeviceCoreSight20isMulticoreTzSupportEPKc
__ZN24ARMTargetDeviceCoreSight20isPreDebugBootNeededEv
__ZN24ARMTargetDeviceCoreSight20isTrustZoneSupportedEPKc
__ZN24ARMTargetDeviceCoreSight20processMemoryRegionsEPKcbRNSt3__14listIN12GDBMemoryMap14GDBMemoryRangeENS2_9allocatorIS5
__ZN24ARMTargetDeviceCoreSight20selectTZTargetDeviceERKN18RenesasElectronics21RenesasTrustZoneDebug14RTZ_MCUTZ_TYPEE
__ZN24ARMTargetDeviceCoreSight20updateAndGetDlmStateEv
__ZN24ARMTargetDeviceCoreSight20updatePreRunFunctionEj
__ZN24ARMTargetDeviceCoreSight21getRfpNameWithoutPathEv
__ZN24ARMTargetDeviceCoreSight21initializeIdauRegionsEv
__ZN24ARMTargetDeviceCoreSight21isDADevicePrefixCheckEv
__ZN24ARMTargetDeviceCoreSight21isNonSecureDebugStateEv
__ZN24ARMTargetDeviceCoreSight21isRADevicePrefixCheckEv
__ZN24ARMTargetDeviceCoreSight21isREDevicePrefixCheckEv
__ZN24ARMTargetDeviceCoreSight21preInitialiseBootModeERKNSt3__112basic_stringIcNS0_11char_traitsIcEENS0_9allocatorIcEEEE
__ZN24ARMTargetDeviceCoreSight21updateAndGetMcuTzTypeEv
__ZN24ARMTargetDeviceCoreSight21updateRTZAzoneRegionsEv
__ZN24ARMTargetDeviceCoreSight22enableSynchronousBreakENSt3__14listINS0_12basic_stringIcNS0_11char_traitsIcEENS0_9alloca
__ZN24ARMTargetDeviceCoreSight22getRTZAPIObjectPointerEv
__ZN24ARMTargetDeviceCoreSight22getSortedMemoryRegionsEv
__ZN24ARMTargetDeviceCoreSight22getTargetDeviceDetailsEv
__ZN24ARMTargetDeviceCoreSight22isChipManufactureStateEv
__ZN24ARMTargetDeviceCoreSight22needToUpdateBoundariesEv
__ZN24ARMTargetDeviceCoreSight22queryMemRegionMismatchERKNSt3__16vectorIN12ARMTrustZone12ARMCMSISZone15CMSISZoneMemoryEN
__ZN24ARMTargetDeviceCoreSight22setRTZAPIObjectPointerEPN18RenesasElectronics21RenesasTrustZoneDebug17IRenesasTrustZoneE
__ZN24ARMTargetDeviceCoreSight22startSCIBootConnectionERNSt3__112basic_stringIcNS0_11char_traitsIcEENS0_9allocatorIcEEEE
__ZN24ARMTargetDeviceCoreSight22stopBootModeConnectionERNSt3__112basic_stringIcNS0_11char_traitsIcEENS0_9allocatorIcEEEE
__ZN24ARMTargetDeviceCoreSight22updateMemoryMapManagerEv
__ZN24ARMTargetDeviceCoreSight22updateRTZDeviceRegionsEv
__ZN24ARMTargetDeviceCoreSight23disableSynchronousBreakENSt3__14listINS0_12basic_stringIcNS0_11char_traitsIcEENS0_9alloc
__ZN24ARMTargetDeviceCoreSight23getMonitorRegisterValueERK15MonitorRegisterRj
__ZN24ARMTargetDeviceCoreSight23getMonitorRegisterValueERK15MonitorRegisterRjRb
__ZN24ARMTargetDeviceCoreSight23getSelectedSerialNumberEv
__ZN24ARMTargetDeviceCoreSight23updateAndGetIdauRegionsERKN21TrustZoneTargetDevice9DLM_STATEE
__ZN24ARMTargetDeviceCoreSight23updatePostBreakFunctionEj
__ZN24ARMTargetDeviceCoreSight25GetSecureDevelopmentStateEv
__ZN24ARMTargetDeviceCoreSight25getSWBreakpointsAvailableEv
__ZN24ARMTargetDeviceCoreSight25isRA8SeriesTzTargetDeviceEv
__ZN24ARMTargetDeviceCoreSight25isSecureDebugEnabledDhcsrEv
__ZN24ARMTargetDeviceCoreSight26deriveAddressAndPortNumberERKNSt3__112basic_stringIcNS0_11char_traitsIcEENS0_9allocatorI
__ZN24ARMTargetDeviceCoreSight26getTargetMemoryRegionsListEPKcRNSt3__14listIN12GDBMemoryMap14GDBMemoryRangeENS2_9allocat
__ZN24ARMTargetDeviceCoreSight27getRTZEmuTypeFromDeviceNameEv
__ZN24ARMTargetDeviceCoreSight27isPreDebugBootModeInterfaceEv
__ZN24ARMTargetDeviceCoreSight27printTrustZoneStatusMessageERKNSt3__112basic_stringIcNS0_11char_traitsIcEENS0_9allocator
__ZN24ARMTargetDeviceCoreSight27sciBootTrustZoneDLMSettingsEv
__ZN24ARMTargetDeviceCoreSight27startPreDebugBootConnectionERNSt3__112basic_stringIcNS0_11char_traitsIcEENS0_9allocatorI
__ZN24ARMTargetDeviceCoreSight27updateCodeNscSizeFromMonRegEv
__ZN24ARMTargetDeviceCoreSight27updateSramNscSizeFromMonRegEv
__ZN24ARMTargetDeviceCoreSight28enableSynchronousBreakTargetENSt3__14listINS0_12basic_stringIcNS0_11char_traitsIcEENS0_9
__ZN24ARMTargetDeviceCoreSight28printCurrentDlmAndIdauStatusEv
__ZN24ARMTargetDeviceCoreSight28thisCoreResumedTriggerOthersEPKc
__ZN24ARMTargetDeviceCoreSight29disableSynchronousBreakTargetENSt3__14listINS0_12basic_stringIcNS0_11char_traitsIcEENS0_
__ZN24ARMTargetDeviceCoreSight29getITMTimestampCountFrequencyEv
__ZN24ARMTargetDeviceCoreSight29isLibraryForBootModeAvailableEv
__ZN24ARMTargetDeviceCoreSight30convertToNsAliasBasedOnTzStateERy
__ZN24ARMTargetDeviceCoreSight30isSecureDebugEnabledTzPlatformEv
__ZN24ARMTargetDeviceCoreSight30preConnectionTrustZoneSettingsEv
__ZN24ARMTargetDeviceCoreSight30updateCodeSecureSizeFromMonRegEv
__ZN24ARMTargetDeviceCoreSight30updateDataSecureSizeFromMonRegEv
__ZN24ARMTargetDeviceCoreSight30updateSramSecureSizeFromMonRegEv
__ZN24ARMTargetDeviceCoreSight31GetSecureDevelopmentStateStringEv
__ZN24ARMTargetDeviceCoreSight31postConnectionTrustZoneSettingsEv
__ZN24ARMTargetDeviceCoreSight31reconnectARMTargetMidConnectionEv
__ZN24ARMTargetDeviceCoreSight32disconnectARMTargetMidConnectionEv
__ZN24ARMTargetDeviceCoreSight32getRATzTargetPRCRRegisterAddressEv
__ZN24ARMTargetDeviceCoreSight32preDebugBootTrustZoneDLMSettingsEv
__ZN24ARMTargetDeviceCoreSight32preInitialiseTrustZoneDeviceTypeEv
__ZN24ARMTargetDeviceCoreSight34getSWBreakpointsUnavailableErrorIdEv
__ZN24ARMTargetDeviceCoreSight34updateSipFlashSecureSizeFromMonRegEv
__ZN24ARMTargetDeviceCoreSight40isDeviceRequiringSetPCOnResetPrefixCheckEv
__ZN24ARMTargetDeviceCoreSight6getSWVEv
__ZN24ARMTargetDeviceCoreSight6setSWVEP4ISWV
__ZN24ARMTargetDeviceCoreSight8applyCTIERK13CTIParameters
__ZN24ARMTargetDeviceCoreSightC2ER23ConfigurationParametersR14IServerContextPKcS5_jP19TargetDeviceNonExec
__ZN24ARMTargetDeviceCoreSightD0Ev
__ZN24ARMTargetDeviceCoreSightD1Ev
__ZN24ARMTargetDeviceCoreSightD2Ev
__ZN24CoresightSocketInterface12getTraceLockEP13ITargetDevice
__ZN24CoresightSocketInterface16releaseTraceLockEP13ITargetDevice
__ZN24E1RL78TargetDeviceMC_CPU10stepTargetEj
__ZN24E1RL78TargetDeviceMC_CPU10stopTargetEv
__ZN24E1RL78TargetDeviceMC_CPU11isMultiCoreEv
__ZN24E1RL78TargetDeviceMC_CPU13getExecCoreIDEPKc
__ZN24E1RL78TargetDeviceMC_CPU15forceRelayBreakEPKc
__ZN24E1RL78TargetDeviceMC_CPU15getSelectedCoreEv
__ZN24E1RL78TargetDeviceMC_CPU15isTargetStoppedEPKcRb
__ZN24E1RL78TargetDeviceMC_CPU15isTargetStoppedERb
__ZN24E1RL78TargetDeviceMC_CPU15startConnectionEv
__ZN24E1RL78TargetDeviceMC_CPU18getSelectedCpuCoreEv
__ZN24E1RL78TargetDeviceMC_CPU22startDownloadOnConnectENSt3__14listINS0_12basic_stringIcNS0_11char_traitsIcEENS0_9alloca
__ZN24E1RL78TargetDeviceMC_CPU26getSelectedCoreInTargetDLLERj
__ZN24E1RL78TargetDeviceMC_CPU26getTargetMemoryRegionsListEPKcRNSt3__14listIN12GDBMemoryMap14GDBMemoryRangeENS2_9allocat
__ZN24E1RL78TargetDeviceMC_CPU26setSelectedCoreInTargetDLLEPKc
__ZN24E1RL78TargetDeviceMC_CPU26setSelectedCoreInTargetDLLEj
__ZN24E1RL78TargetDeviceMC_CPU30addResumedCoresWhenTargetStepsEv
__ZN24E1RL78TargetDeviceMC_CPU32addResumedCoresWhenTargetResumesEv
__ZN24E1RL78TargetDeviceMC_CPU33initialiseDebuggerSynchronisationEv
__ZN24E1RL78TargetDeviceMC_CPU5preGoEv
__ZN24E1RL78TargetDeviceMC_CPU5resetEv
__ZN24E1RL78TargetDeviceMC_CPU7getCoreEj
__ZN24E1RL78TargetDeviceMC_CPU8goTargetEv
__ZN24E1RL78TargetDeviceMC_CPU9getStatusEPKcRj
__ZN24E1RL78TargetDeviceMC_CPU9getStatusERj
__ZN24E1RL78TargetDeviceMC_CPU9isCpuCoreEP12TargetDevice
__ZN24E1RL78TargetDeviceMC_CPU9isDspCoreEP12TargetDevice
__ZN24E1RL78TargetDeviceMC_CPUC1ER23ConfigurationParametersR14IServerContext
__ZN24E1RL78TargetDeviceMC_CPUC2ER23ConfigurationParametersR14IServerContext
__ZN24E1RL78TargetDeviceMC_CPUD0Ev
__ZN24E1RL78TargetDeviceMC_CPUD1Ev
__ZN24E1RL78TargetDeviceMC_CPUD2Ev
__ZN24E2ARMEventpointGDBMC_CPUC1EP13ITargetDevicePN18RenesasElectronics9MicomTool15DebuggerLibrary15RenesasFirmWare11ARM
__ZN24E2ARMEventpointGDBMC_CPUC2EP13ITargetDevicePN18RenesasElectronics9MicomTool15DebuggerLibrary15RenesasFirmWare11ARM
__ZN24RCarE2TargetDeviceMC_CPU10preGoTraceEv
__ZN24RCarE2TargetDeviceMC_CPU10readMemoryEyjtPhb
__ZN24RCarE2TargetDeviceMC_CPU10useHotPlugEv
__ZN24RCarE2TargetDeviceMC_CPU11createCoresEv
__ZN24RCarE2TargetDeviceMC_CPU11goAllTargetEv
__ZN24RCarE2TargetDeviceMC_CPU11isSupportedEPKcS1_
__ZN24RCarE2TargetDeviceMC_CPU11supplyPowerEv
__ZN24RCarE2TargetDeviceMC_CPU11systemResetEv
__ZN24RCarE2TargetDeviceMC_CPU11writeMemoryEyjtPhb
__ZN24RCarE2TargetDeviceMC_CPU12deInitialiseEv
__ZN24RCarE2TargetDeviceMC_CPU12getADMTargetEv
__ZN24RCarE2TargetDeviceMC_CPU12getOCDIDcodeEv
__ZN24RCarE2TargetDeviceMC_CPU12initEmulatorEv
__ZN24RCarE2TargetDeviceMC_CPU12readMemory64EPKcyyPhRy
__ZN24RCarE2TargetDeviceMC_CPU12transmitDataENSt3__112basic_stringIcNS0_11char_traitsIcEENS0_9allocatorIcEEEENS0_6vector
__ZN24RCarE2TargetDeviceMC_CPU13displayBannerEv
__ZN24RCarE2TargetDeviceMC_CPU13formatVersionEj
__ZN24RCarE2TargetDeviceMC_CPU13getCustomerIDEv
__ZN24RCarE2TargetDeviceMC_CPU13readTraceDataEv
__ZN24RCarE2TargetDeviceMC_CPU13setCustomerIDEv
__ZN24RCarE2TargetDeviceMC_CPU13setETMEnabledEbPKcS1_
__ZN24RCarE2TargetDeviceMC_CPU13setETMReadingEbPKcS1_
__ZN24RCarE2TargetDeviceMC_CPU13setETMSettingEPKcS1_S1_Rj
__ZN24RCarE2TargetDeviceMC_CPU13stopAllTargetEv
__ZN24RCarE2TargetDeviceMC_CPU13wakeUpU5MCoreEv
__ZN24RCarE2TargetDeviceMC_CPU13writeMemory64EPKcyyPh
__ZN24RCarE2TargetDeviceMC_CPU14createRCarCoreEPKcS1_RP22RCarE2TargetDeviceCore
__ZN24RCarE2TargetDeviceMC_CPU14getDataFlashIDEv
__ZN24RCarE2TargetDeviceMC_CPU14getPMUTransferEv
__ZN24RCarE2TargetDeviceMC_CPU14getSimulatedIOEv
__ZN24RCarE2TargetDeviceMC_CPU14preInitialise1Ev
__ZN24RCarE2TargetDeviceMC_CPU14setDataFlashIDEv
__ZN24RCarE2TargetDeviceMC_CPU15connectEmulatorEv
__ZN24RCarE2TargetDeviceMC_CPU15connectToTargetEv
__ZN24RCarE2TargetDeviceMC_CPU15getSelectedCoreEv
__ZN24RCarE2TargetDeviceMC_CPU15getSimulatedIOsEv
__ZN24RCarE2TargetDeviceMC_CPU15getTrcClusterIDEPKc
__ZN24RCarE2TargetDeviceMC_CPU15isTargetStoppedEPKcRb
__ZN24RCarE2TargetDeviceMC_CPU15setDebugOptionsEv
__ZN24RCarE2TargetDeviceMC_CPU15startConnectionEv
__ZN24RCarE2TargetDeviceMC_CPU16CreateADMSupportEv
__ZN24RCarE2TargetDeviceMC_CPU16getAllcoreStatusEv
__ZN24RCarE2TargetDeviceMC_CPU16getCoreTraceDataEPKc
__ZN24RCarE2TargetDeviceMC_CPU16getMCDeviceEntryER23TargetDeviceListMCEntry
__ZN24RCarE2TargetDeviceMC_CPU16handleReadMemoryEPKc
__ZN24RCarE2TargetDeviceMC_CPU16supportDataTraceEv
__ZN24RCarE2TargetDeviceMC_CPU17deletePMUTransferEv
__ZN24RCarE2TargetDeviceMC_CPU17displayMemoryDumpEyjPh
__ZN24RCarE2TargetDeviceMC_CPU17getDriverFilePathEv
__ZN24RCarE2TargetDeviceMC_CPU17handleWriteMemoryEPKc
__ZN24RCarE2TargetDeviceMC_CPU17loadDeviceSupportEv
__ZN24RCarE2TargetDeviceMC_CPU17wakeUpU5LCM33CoreEv
__ZN24RCarE2TargetDeviceMC_CPU18getParentADMTargetEv
__ZN24RCarE2TargetDeviceMC_CPU18handleGoAllCmdRCarEPKc
__ZN24RCarE2TargetDeviceMC_CPU18parseMultiCoreNameE23TargetDeviceListMCEntry
__ZN24RCarE2TargetDeviceMC_CPU19checkAllCoresStopedEv
__ZN24RCarE2TargetDeviceMC_CPU19getCoreFromCoreNameEPKc
__ZN24RCarE2TargetDeviceMC_CPU19handleReadARegisterEPKc
__ZN24RCarE2TargetDeviceMC_CPU19multideviceInitIfOKEv
__ZN24RCarE2TargetDeviceMC_CPU19setETMSetupCompleteEPKcS1_
__ZN24RCarE2TargetDeviceMC_CPU19setMcuInfoToFimwareEv
__ZN24RCarE2TargetDeviceMC_CPU20getArmRfwDllFilePathEv
__ZN24RCarE2TargetDeviceMC_CPU20getCoreExecuteTimePCEPKc
__ZN24RCarE2TargetDeviceMC_CPU20getTraceEnabledCoresEv
__ZN24RCarE2TargetDeviceMC_CPU20handleWriteARegisterEPKc
__ZN24RCarE2TargetDeviceMC_CPU21isMultideviceInitDoneEv
__ZN24RCarE2TargetDeviceMC_CPU21outputReceivedCommandEPKc
__ZN24RCarE2TargetDeviceMC_CPU22addDeviceListToManagerERNSt3__16vectorINS0_12basic_stringIcNS0_11char_traitsIcEENS0_9all
__ZN24RCarE2TargetDeviceMC_CPU22updateEmulatorHardwareEv
__ZN24RCarE2TargetDeviceMC_CPU23addSoftwareBreakpoint64EPKcyj
__ZN24RCarE2TargetDeviceMC_CPU23afterConnectProcedureU5Ev
__ZN24RCarE2TargetDeviceMC_CPU23getEmulatorHardwareInfoEv
__ZN24RCarE2TargetDeviceMC_CPU23handleMonitorCmdRFWReadEPKc
__ZN24RCarE2TargetDeviceMC_CPU24handleMonitorCmdRFWWriteEPKc
__ZN24RCarE2TargetDeviceMC_CPU24setPerformanceOutputFileEPKc
__ZN24RCarE2TargetDeviceMC_CPU25handleMonitorCmdRFWAPReadEPKc
__ZN24RCarE2TargetDeviceMC_CPU25searchConnectableEmualtorEv
__ZN24RCarE2TargetDeviceMC_CPU25setCRauthenticationSecureEv
__ZN24RCarE2TargetDeviceMC_CPU25startConnectionSubProcessEv
__ZN24RCarE2TargetDeviceMC_CPU26deleteSoftwareBreakpoint64EPKcyj
__ZN24RCarE2TargetDeviceMC_CPU26getSelectedCoreInTargetDLLERj
__ZN24RCarE2TargetDeviceMC_CPU26handleMonitorCmdRFWAPWriteEPKc
__ZN24RCarE2TargetDeviceMC_CPU26setSelectedCoreInTargetDLLEPKc
__ZN24RCarE2TargetDeviceMC_CPU26setSelectedCoreInTargetDLLEj
__ZN24RCarE2TargetDeviceMC_CPU28getHeadEnabledCoreDwCoreInfoEv
__ZN24RCarE2TargetDeviceMC_CPU28monitorCmdMulticoreProcedureEbPKc
__ZN24RCarE2TargetDeviceMC_CPU28setCRauthenticationNonSecureEv
__ZN24RCarE2TargetDeviceMC_CPU29getITMTimestampCountFrequencyEv
__ZN24RCarE2TargetDeviceMC_CPU30getPerformanceResultFromMC_CPUEv
__ZN24RCarE2TargetDeviceMC_CPU32addResumedCoresWhenTargetResumesEv
__ZN24RCarE2TargetDeviceMC_CPU32checkSupportMultiDeviceSyncDebugEv
__ZN24RCarE2TargetDeviceMC_CPU32getAccessSizeFromRFWByAccessSizeEh
__ZN24RCarE2TargetDeviceMC_CPU33initialiseDebuggerSynchronisationEv
__ZN24RCarE2TargetDeviceMC_CPU35isResumeAllSelectedSessionSupportedEv
__ZN24RCarE2TargetDeviceMC_CPU36displayDebuggerRelatedModulesVersionEv
__ZN24RCarE2TargetDeviceMC_CPU36getIsReleaseResetBeforeDisconnectingEv
__ZN24RCarE2TargetDeviceMC_CPU39initialiseMulchDeviceSyncDebugSyncBoardEv
__ZN24RCarE2TargetDeviceMC_CPU39showDialogToUserConnectCableWhenHotPlugEv
__ZN24RCarE2TargetDeviceMC_CPU4isS4Ev
__ZN24RCarE2TargetDeviceMC_CPU4isU5Ev
__ZN24RCarE2TargetDeviceMC_CPU4isX5Ev
__ZN24RCarE2TargetDeviceMC_CPU5isU5LEv
__ZN24RCarE2TargetDeviceMC_CPU5isU5MEv
__ZN24RCarE2TargetDeviceMC_CPU5preGoEv
__ZN24RCarE2TargetDeviceMC_CPU5resetEv
__ZN24RCarE2TargetDeviceMC_CPU6getETMEPKc
__ZN24RCarE2TargetDeviceMC_CPU6isRSIPEv
__ZN24RCarE2TargetDeviceMC_CPU7getCoreEj
__ZN24RCarE2TargetDeviceMC_CPU7getETMsEv
__ZN24RCarE2TargetDeviceMC_CPU8getOptIDEv
__ZN24RCarE2TargetDeviceMC_CPU8goTargetEv
__ZN24RCarE2TargetDeviceMC_CPU8setOptIDEv
__ZN24RCarE2TargetDeviceMC_CPU9getRfwAspEv
__ZN24RCarE2TargetDeviceMC_CPU9getStatusEPKcRj
__ZN24RCarE2TargetDeviceMC_CPU9getStatusERj
__ZN24RCarE2TargetDeviceMC_CPU9setIdCodeEv
__ZN24RCarE2TargetDeviceMC_CPUC1ER23ConfigurationParametersR14IServerContext
__ZN24RCarE2TargetDeviceMC_CPUC2ER23ConfigurationParametersR14IServerContext
__ZN24RCarE2TargetDeviceMC_CPUD0Ev
__ZN24RCarE2TargetDeviceMC_CPUD1Ev
__ZN24RCarE2TargetDeviceMC_CPUD2Ev
__ZN24RCarE2TimeMeasurementGDBC1EP13ITargetDeviceR23ConfigurationParameters
__ZN24RCarE2TimeMeasurementGDBC2EP13ITargetDeviceR23ConfigurationParameters
__ZN24RxDspTargetDeviceMTD_INPC1ER23ConfigurationParametersR14IServerContextPKcP14RxTargetDevice
__ZN24RxDspTargetDeviceMTD_INPC2ER23ConfigurationParametersR14IServerContextPKcP14RxTargetDevice
__ZN24RxDspTargetDeviceMTD_INPD0Ev
__ZN24RxDspTargetDeviceMTD_INPD1Ev
__ZN24RxDspTargetDeviceMTD_INPD2Ev
__ZN24T32TargetDevice_CORTEXR710WakeUpCoreEP19T32TargetDeviceCore
__ZN24T32TargetDevice_CORTEXR711isMultiCoreEv
__ZN24T32TargetDevice_CORTEXR717printAllRegistersEPjjjRNSt3__112basic_stringIcNS1_11char_traitsIcEENS1_9allocatorIcEEEE
__ZN24T32TargetDevice_CORTEXR718stopDownloadTargetEv
__ZN24T32TargetDevice_CORTEXR719assignRegisterValueEjRNSt3__16vectorIjNS0_9allocatorIjEEEE
__ZN24T32TargetDevice_CORTEXR722CreateRegistersManagerEv
__ZN24T32TargetDevice_CORTEXR722startDownloadOnConnectENSt3__14listINS0_12basic_stringIcNS0_11char_traitsIcEENS0_9alloca
__ZN24T32TargetDevice_CORTEXR723loadAndCheckDeviceFilesEv
__ZN24T32TargetDevice_CORTEXR7C1ER23ConfigurationParametersR14IServerContextP17T32CoreParametersP15T32TargetDeviceb
__ZN24T32TargetDevice_CORTEXR7C2ER23ConfigurationParametersR14IServerContextP17T32CoreParametersP15T32TargetDeviceb
__ZN24T32TargetDevice_CORTEXR7D0Ev
__ZN24T32TargetDevice_CORTEXR7D1Ev
__ZN24T32TargetDevice_CORTEXR7D2Ev
__ZN24TargetDeviceListEntryARM10addOFSAreaEjjNSt3__112basic_stringIcNS0_11char_traitsIcEENS0_9allocatorIcEEEEb
__ZN24TargetDeviceListEntryARM10hasComBootEv
__ZN24TargetDeviceListEntryARM10isCM85CoreEv
__ZN24TargetDeviceListEntryARM11getOFSAreasEv
__ZN24TargetDeviceListEntryARM11hasJtagBootEv
__ZN24TargetDeviceListEntryARM11setTzConfigENSt3__112basic_stringIcNS0_11char_traitsIcEENS0_9allocatorIcEEEES6_
__ZN24TargetDeviceListEntryARM12formatRegSetENSt3__112basic_stringIcNS0_11char_traitsIcEENS0_9allocatorIcEEEE
__ZN24TargetDeviceListEntryARM12hasTrustZoneEv
__ZN24TargetDeviceListEntryARM14getIgnoreResetERbRy
__ZN24TargetDeviceListEntryARM14setIgnoreResetEby
__ZN24TargetDeviceListEntryARM17getPartNumberAddrEv
__ZN24TargetDeviceListEntryARM17setPartNumberAddrEm
__ZN24TargetDeviceListEntryARM18getFlashLoaderNameENSt3__112basic_stringIcNS0_11char_traitsIcEENS0_9allocatorIcEEEE
__ZN24TargetDeviceListEntryARM18getFullARMMDLLPathEv
__ZN24TargetDeviceListEntryARM18getPartNumberDerefEv
__ZN24TargetDeviceListEntryARM18setFlashLoaderNameENSt3__112basic_stringIcNS0_11char_traitsIcEENS0_9allocatorIcEEEES6_
__ZN24TargetDeviceListEntryARM18setPartNumberDerefEb
__ZN24TargetDeviceListEntryARM19getFlashBankAddressENSt3__112basic_stringIcNS0_11char_traitsIcEENS0_9allocatorIcEEEE
__ZN24TargetDeviceListEntryARM19getPartNumberOffsetEv
__ZN24TargetDeviceListEntryARM19getZoneMemoryAccessEv
__ZN24TargetDeviceListEntryARM19setFlashBankAddressENSt3__112basic_stringIcNS0_11char_traitsIcEENS0_9allocatorIcEEEEy
__ZN24TargetDeviceListEntryARM19setPartNumberOffsetEm
__ZN24TargetDeviceListEntryARM19setZoneMemoryAccessENSt3__112basic_stringIcNS0_11char_traitsIcEENS0_9allocatorIcEEEE
__ZN24TargetDeviceListEntryARM20getResumeBeforeResetEv
__ZN24TargetDeviceListEntryARM20setResumeBeforeResetEv
__ZN24TargetDeviceListEntryARM22getVectorAddressByNameEbRKNSt3__112basic_stringIcNS0_11char_traitsIcEENS0_9allocatorIcEE
__ZN24TargetDeviceListEntryARM23hasValueFlashLoaderNameENSt3__112basic_stringIcNS0_11char_traitsIcEENS0_9allocatorIcEEEE
__ZN24TargetDeviceListEntryARM24addVectorAddressRegisterEbRKyRKjRKNSt3__112basic_stringIcNS4_11char_traitsIcEENS4_9alloc
__ZN24TargetDeviceListEntryARM24hasValueFlashBankAddressENSt3__112basic_stringIcNS0_11char_traitsIcEENS0_9allocatorIcEEE
__ZN24TargetDeviceListEntryARM26getZonedMemRangeWithOffsetEv
__ZN24TargetDeviceListEntryARM26setZonedMemRangeWithOffsetEyyy
__ZN24TargetDeviceListEntryARM27getPartNumberFormatReversedEv
__ZN24TargetDeviceListEntryARM27isZoneMemoryAccessSupportedEv
__ZN24TargetDeviceListEntryARM27setPartNumberFormatReversedEb
__ZN24TargetDeviceListEntryARM30setIsZoneMemoryAccessSupportedEb
__ZN24TargetDeviceListEntryARM6hasFpuEv
__ZN24TargetDeviceListEntryARM6hasMveEv
__ZN24TargetDeviceListEntryARM7hasNeonEv
__ZN24TargetDeviceListEntryARM7isARMv8Ev
__ZN24TargetDeviceListEntryARM8isARMv8AEv
__ZN24TargetDeviceListEntryARM8isARMv8MEv
__ZN24TargetDeviceListEntryARM9getARMDLLEv
__ZN24TargetDeviceListEntryARM9getFamilyEv
__ZN24TargetDeviceListEntryARM9getRFPDLLEv
__ZN24TargetDeviceListEntryARM9getRegSetEv
__ZN24TargetDeviceListEntryARM9getScriptEv
__ZN24TargetDeviceListEntryARM9hasPacbtiEv
__ZN24TargetDeviceListEntryARM9hasSecExtEv
__ZN24TargetDeviceListEntryARMC1ENSt3__112basic_stringIcNS0_11char_traitsIcEENS0_9allocatorIcEEEES6_S6_bbbbbbbbS6_S6_
__ZN24TargetDeviceListEntryARMC1ERKS_
__ZN24TargetDeviceListEntryARMC1Ev
__ZN24TargetDeviceListEntryARMC2ENSt3__112basic_stringIcNS0_11char_traitsIcEENS0_9allocatorIcEEEES6_S6_bbbbbbbbS6_S6_
__ZN24TargetDeviceListEntryARMC2ERKS_
__ZN24TargetDeviceListEntryARMC2Ev
__ZN24TargetDeviceListEntryARMD0Ev
__ZN24TargetDeviceListEntryARMD1Ev
__ZN24TargetDeviceListEntryARMD2Ev
__ZN24TargetDeviceListEntryARMaSERKS_
__ZN24TargetDeviceListEntryT3210addOFSAreaEjjNSt3__112basic_stringIcNS0_11char_traitsIcEENS0_9allocatorIcEEEEb
__ZN24TargetDeviceListEntryT3211NumCoreTypeENSt3__112basic_stringIcNS0_11char_traitsIcEENS0_9allocatorIcEEEE
__ZN24TargetDeviceListEntryT3218GetInitHSSTPScriptEv
__ZN24TargetDeviceListEntryT3218GetShaderLWMStrideEv
__ZN24TargetDeviceListEntryT3218SetInitHSSTPScriptENSt3__112basic_stringIcNS0_11char_traitsIcEENS0_9allocatorIcEEEE
__ZN24TargetDeviceListEntryT3218SetShaderLWMStrideEi
__ZN24TargetDeviceListEntryT3221GetPreInitHSSTPScriptEv
__ZN24TargetDeviceListEntryT3221SetPreInitHSSTPScriptENSt3__112basic_stringIcNS0_11char_traitsIcEENS0_9allocatorIcEEEE
__ZN24TargetDeviceListEntryT3222GetShaderR4R5SupportedEv
__ZN24TargetDeviceListEntryT3222SetShaderR4R5SupportedEb
__ZN24TargetDeviceListEntryT3224GetShaderLWMStrideLengthEv
__ZN24TargetDeviceListEntryT3224SetShaderLWMStrideLengthEi
__ZN24TargetDeviceListEntryT3226GetBusMonitorQOSRecordSizeEv
__ZN24TargetDeviceListEntryT3226SetBusMonitorQOSRecordSizeEi
__ZN24TargetDeviceListEntryT3228GetBusMonitorDBSC4RecordSizeEv
__ZN24TargetDeviceListEntryT3228GetShaderScratchpadCommonEndEv
__ZN24TargetDeviceListEntryT3228SetBusMonitorDBSC4RecordSizeEi
__ZN24TargetDeviceListEntryT3228SetShaderScratchpadCommonEndEy
__ZN24TargetDeviceListEntryT3231GetShaderScratchpadNonCommonEndEv
__ZN24TargetDeviceListEntryT3231SetShaderScratchpadNonCommonEndEy
__ZN24TargetDeviceListEntryT327OFSAreaaSERKS0_
__ZN24TargetDeviceListEntryT329getRegSetEv
__ZN24TargetDeviceListEntryT329getT32DLLEv
__ZN24TargetDeviceListEntryT32C1ENSt3__112basic_stringIcNS0_11char_traitsIcEENS0_9allocatorIcEEEES6_
__ZN24TargetDeviceListEntryT32C1ERKS_
__ZN24TargetDeviceListEntryT32C1Ev
__ZN24TargetDeviceListEntryT32C2ENSt3__112basic_stringIcNS0_11char_traitsIcEENS0_9allocatorIcEEEES6_
__ZN24TargetDeviceListEntryT32C2ERKS_
__ZN24TargetDeviceListEntryT32C2Ev
__ZN24TargetDeviceListEntryT32aSERKS_
__ZN24TargetDeviceShaderThread15getMasterThreadEv
__ZN24TargetDeviceShaderThread15setMasterThreadEb
__ZN24TargetDeviceShaderThread24getI$BaseAddressRegValueEv
__ZN24TargetDeviceShaderThread25getPCStartAddressRegValueEv
__ZN24TargetDeviceShaderThread27getSINIStartAddressRegValueEv
__ZN24TargetDeviceShaderThread27getShaderThreadHardwareNameEv
__ZN24TargetDeviceShaderThreadC2ER23ConfigurationParametersR14IServerContextP17T32CoreParametersP18T32TargetDeviceCPURNS
__ZN24TargetDeviceShaderThreadD0Ev
__ZN24TargetDeviceShaderThreadD1Ev
__ZN24TargetDeviceShaderThreadD2Ev
__ZN24TraceGDB_ExecRH850MC_CPUC1EP15ADMExecCommandsP17ExecCommandsRH850P23RH850TargetDeviceMC_CPUR23ConfigurationParamet
__ZN24TraceGDB_ExecRH850MC_CPUC2EP15ADMExecCommandsP17ExecCommandsRH850P23RH850TargetDeviceMC_CPUR23ConfigurationParamet
__ZN24TrustZoneDeviceListEntry10hasComBootEv
__ZN24TrustZoneDeviceListEntry36isRA8TypeMonitorRegistersCombinationEv
__ZN24TrustZoneDeviceListEntry37isStarTypeMonitorRegistersCombinationEv
__ZN24TrustZoneDeviceListEntry38isRA8x2TypeMonitorRegistersCombinationEv
__ZN24TrustZoneDeviceListEntry46isRA8x2SipFlashTypeMonitorRegistersCombinationEv
__ZN24TrustZoneDeviceListEntryC2Ev
__ZN24TrustZoneDeviceListEntryD0Ev
__ZN24TrustZoneDeviceListEntryD1Ev
__ZN24TrustZoneDeviceListEntryD2Ev
__ZN25ADMTarget_ExecRH850MC_CPUC1EP23RH850TargetDeviceMC_CPUR14IServerContextR23ConfigurationParametersP15ADMExecCommand
__ZN25ADMTarget_ExecRH850MC_CPUC2EP23RH850TargetDeviceMC_CPUR14IServerContextR23ConfigurationParametersP15ADMExecCommand
__ZN25ARMTargetDeviceCoreM0PlusC1ER23ConfigurationParametersR14IServerContextPKcP15ARMTargetDevice
__ZN25ARMTargetDeviceCoreM0PlusC2ER23ConfigurationParametersR14IServerContextPKcP15ARMTargetDevice
__ZN25ARMTargetDeviceCoreM0PlusD0Ev
__ZN25ARMTargetDeviceCoreM0PlusD1Ev
__ZN25ARMTargetDeviceCoreM0PlusD2Ev
__ZN25BusMonitorSocketInterface11releaseLockEP13ITargetDevice
__ZN25BusMonitorSocketInterface7getLockEP13ITargetDevice
__ZN25E2RISCVTimeMeasurementGDBC1EP13ITargetDeviceR23ConfigurationParameters
__ZN25E2RISCVTimeMeasurementGDBC2EP13ITargetDeviceR23ConfigurationParameters
__ZN25EventpointGDB_FFWRxMC_CPUC1EP13CEventManagerP13ITargetDevice
__ZN25EventpointGDB_FFWRxMC_CPUC2EP13CEventManagerP13ITargetDevice
__ZN25RxDspTargetDeviceMTD_OUTPC1ER23ConfigurationParametersR14IServerContextPKcP14RxTargetDevice
__ZN25RxDspTargetDeviceMTD_OUTPC2ER23ConfigurationParametersR14IServerContextPKcP14RxTargetDevice
__ZN25RxDspTargetDeviceMTD_OUTPD0Ev
__ZN25RxDspTargetDeviceMTD_OUTPD1Ev
__ZN25RxDspTargetDeviceMTD_OUTPD2Ev
__ZN25RxDspTargetDeviceMTD_SENSC1ER23ConfigurationParametersR14IServerContextPKcP14RxTargetDevice
__ZN25RxDspTargetDeviceMTD_SENSC2ER23ConfigurationParametersR14IServerContextPKcP14RxTargetDevice
__ZN25RxDspTargetDeviceMTD_SENSD0Ev
__ZN25RxDspTargetDeviceMTD_SENSD1Ev
__ZN25RxDspTargetDeviceMTD_SENSD2Ev
__ZN25T32TargetDevice_CORTEXA5310WakeUpCoreEP19T32TargetDeviceCore
__ZN25T32TargetDevice_CORTEXA53C1ER23ConfigurationParametersR14IServerContextP17T32CoreParametersP15T32TargetDeviceb
__ZN25T32TargetDevice_CORTEXA53C2ER23ConfigurationParametersR14IServerContextP17T32CoreParametersP15T32TargetDeviceb
__ZN25T32TargetDevice_CORTEXA53D0Ev
__ZN25T32TargetDevice_CORTEXA53D1Ev
__ZN25T32TargetDevice_CORTEXA53D2Ev
__ZN25T32TargetDevice_CORTEXA5510WakeUpCoreEP19T32TargetDeviceCore
__ZN25T32TargetDevice_CORTEXA5522CreateRegistersManagerEv
__ZN25T32TargetDevice_CORTEXA55C1ER23ConfigurationParametersR14IServerContextP17T32CoreParametersP15T32TargetDeviceb
__ZN25T32TargetDevice_CORTEXA55C2ER23ConfigurationParametersR14IServerContextP17T32CoreParametersP15T32TargetDeviceb
__ZN25T32TargetDevice_CORTEXA55D0Ev
__ZN25T32TargetDevice_CORTEXA55D1Ev
__ZN25T32TargetDevice_CORTEXA55D2Ev
__ZN25T32TargetDevice_CORTEXA5710WakeUpCoreEP19T32TargetDeviceCore
__ZN25T32TargetDevice_CORTEXA57C1ER23ConfigurationParametersR14IServerContextP17T32CoreParametersP15T32TargetDeviceb
__ZN25T32TargetDevice_CORTEXA57C2ER23ConfigurationParametersR14IServerContextP17T32CoreParametersP15T32TargetDeviceb
__ZN25T32TargetDevice_CORTEXA57D0Ev
__ZN25T32TargetDevice_CORTEXA57D1Ev
__ZN25T32TargetDevice_CORTEXA57D2Ev
__ZN25T32TargetDevice_CORTEXA7610WakeUpCoreEP19T32TargetDeviceCore
__ZN25T32TargetDevice_CORTEXA76C1ER23ConfigurationParametersR14IServerContextP17T32CoreParametersP15T32TargetDeviceb
__ZN25T32TargetDevice_CORTEXA76C2ER23ConfigurationParametersR14IServerContextP17T32CoreParametersP15T32TargetDeviceb
__ZN25T32TargetDevice_CORTEXA76D0Ev
__ZN25T32TargetDevice_CORTEXA76D1Ev
__ZN25T32TargetDevice_CORTEXA76D2Ev
__ZN25T32TargetDevice_CORTEXR5210WakeUpCoreEP19T32TargetDeviceCore
__ZN25T32TargetDevice_CORTEXR5211isMultiCoreEv
__ZN25T32TargetDevice_CORTEXR5217printAllRegistersEPjjjRNSt3__112basic_stringIcNS1_11char_traitsIcEENS1_9allocatorIcEEEE
__ZN25T32TargetDevice_CORTEXR5218stopDownloadTargetEv
__ZN25T32TargetDevice_CORTEXR5219assignRegisterValueEjRNSt3__16vectorIjNS0_9allocatorIjEEEE
__ZN25T32TargetDevice_CORTEXR5222CreateRegistersManagerEv
__ZN25T32TargetDevice_CORTEXR5222startDownloadOnConnectENSt3__14listINS0_12basic_stringIcNS0_11char_traitsIcEENS0_9alloc
__ZN25T32TargetDevice_CORTEXR5223loadAndCheckDeviceFilesEv
__ZN25T32TargetDevice_CORTEXR52C1ER23ConfigurationParametersR14IServerContextP17T32CoreParametersP15T32TargetDeviceb
__ZN25T32TargetDevice_CORTEXR52C2ER23ConfigurationParametersR14IServerContextP17T32CoreParametersP15T32TargetDeviceb
__ZN25T32TargetDevice_CORTEXR52D0Ev
__ZN25T32TargetDevice_CORTEXR52D1Ev
__ZN25T32TargetDevice_CORTEXR52D2Ev
__ZN25TargetDeviceListEntryRL7810getDVFFileEv
__ZN25TargetDeviceListEntryRL7810getExecDLLEv
__ZN25TargetDeviceListEntryRL7811getDDFXFileEv
__ZN25TargetDeviceListEntryRL7835getIsRHG4ResponseDataVariableLengthEv
__ZN25TargetDeviceListEntryRL7835setIsRHG4ResponseDataVariableLengthENSt3__112basic_stringIcNS0_11char_traitsIcEENS0_9al
__ZN25TargetDeviceListEntryRL78C1ENSt3__112basic_stringIcNS0_11char_traitsIcEENS0_9allocatorIcEEEES6_S6_
__ZN25TargetDeviceListEntryRL78C1ERKS_
__ZN25TargetDeviceListEntryRL78C1Ev
__ZN25TargetDeviceListEntryRL78C2ENSt3__112basic_stringIcNS0_11char_traitsIcEENS0_9allocatorIcEEEES6_S6_
__ZN25TargetDeviceListEntryRL78C2ERKS_
__ZN25TargetDeviceListEntryRL78C2Ev
__ZN25TargetDeviceListEntryRL78aSERKS_
__ZN25TargetDeviceListManagerRX11loadXMLFileENSt3__112basic_stringIcNS0_11char_traitsIcEENS0_9allocatorIcEEEE
__ZN25TargetDeviceListManagerRX11readDevicesERKN5boost13property_tree11basic_ptreeINSt3__112basic_stringIcNS3_11char_tra
__ZN25TargetDeviceListManagerRX14getDeviceEntryENSt3__112basic_stringIcNS0_11char_traitsIcEENS0_9allocatorIcEEEER21Targe
tDeviceListEntry
__ZN25TargetDeviceListManagerRX14getDeviceEntryENSt3__112basic_stringIcNS0_11char_traitsIcEENS0_9allocatorIcEEEER23Targe
tDeviceListEntryRX
__ZN25TargetDeviceListManagerRX14isCpuSupportedENSt3__112basic_stringIcNS0_11char_traitsIcEENS0_9allocatorIcEEEE
__ZN25TargetDeviceListManagerRX17createDeviceEntryENSt3__112basic_stringIcNS0_11char_traitsIcEENS0_9allocatorIcEEEES6_S6
_R23TargetDeviceListEntryRX
__ZN25TargetDeviceListManagerRX22readMultiCoreDetailsRXER23TargetDeviceListMCEntryRKN5boost13property_tree11basic_ptreeI
__ZN25TargetDeviceListManagerRX3addERKS_b
__ZN25TargetDeviceListManagerRXC1EPKc
__ZN25TargetDeviceListManagerRXC2EPKc
__ZN25TargetDeviceShaderThread011startResumeEPKc
__ZN25TargetDeviceShaderThread012finishResumeEPKc
__ZN25TargetDeviceShaderThread013getMemoryBankEv
__ZN25TargetDeviceShaderThread014isThreadActiveEv
__ZN25TargetDeviceShaderThread015isThreadEnabledERb
__ZN25TargetDeviceShaderThread015startConnectionEv
__ZN25TargetDeviceShaderThread016applyBreakpointsEv
__ZN25TargetDeviceShaderThread021addHardwareBreakpointEj
__ZN25TargetDeviceShaderThread021addHardwareBreakpointEjj
__ZN25TargetDeviceShaderThread023resetHappenedOnThisCoreENSt3__112basic_stringIcNS0_11char_traitsIcEENS0_9allocatorIcEEE
__ZN25TargetDeviceShaderThread024deleteHardwareBreakpointEj
__ZN25TargetDeviceShaderThread029getAddressProgramInstructionsEv
__ZN25TargetDeviceShaderThread0C1ER23ConfigurationParametersR14IServerContextP17T32CoreParametersP18T32TargetDeviceCPURN
__ZN25TargetDeviceShaderThread0C2ER23ConfigurationParametersR14IServerContextP17T32CoreParametersP18T32TargetDeviceCPURN
__ZN25TargetDeviceShaderThread0D0Ev
__ZN25TargetDeviceShaderThread0D1Ev
__ZN25TargetDeviceShaderThread0D2Ev
__ZN25TargetDeviceShaderThread113getMemoryBankEv
__ZN25TargetDeviceShaderThread113getThreadNameEv
__ZN25TargetDeviceShaderThread114isThreadActiveEv
__ZN25TargetDeviceShaderThread115isThreadEnabledERb
__ZN25TargetDeviceShaderThread115startConnectionEv
__ZN25TargetDeviceShaderThread116applyBreakpointsEv
__ZN25TargetDeviceShaderThread116initialiseThreadEv
__ZN25TargetDeviceShaderThread120registerThreadObjectEv
__ZN25TargetDeviceShaderThread121addHardwareBreakpointEj
__ZN25TargetDeviceShaderThread121addHardwareBreakpointEjj
__ZN25TargetDeviceShaderThread121configurationCompleteEv
__ZN25TargetDeviceShaderThread121registerThreadWithGDBER12MulticoreGDB
__ZN25TargetDeviceShaderThread124deleteHardwareBreakpointEj
__ZN25TargetDeviceShaderThread129getAddressProgramInstructionsEv
__ZN25TargetDeviceShaderThread146updateThreadInfoAndListOfGDBThreadsCoreThreadsER12MulticoreGDB
__ZN25TargetDeviceShaderThread19getStatusERj
__ZN25TargetDeviceShaderThread1C1ER23ConfigurationParametersR14IServerContextP17T32CoreParametersP18T32TargetDeviceCPURN
St3__112basic_stringIcNS8_11char_traitsIcEENS8_9allocatorIcEEEEP24TargetDeviceShaderThreadb
__ZN25TargetDeviceShaderThread1C2ER23ConfigurationParametersR14IServerContextP17T32CoreParametersP18T32TargetDeviceCPURN
St3__112basic_stringIcNS8_11char_traitsIcEENS8_9allocatorIcEEEEP24TargetDeviceShaderThreadb
__ZN25TargetDeviceShaderThread1D0Ev
__ZN25TargetDeviceShaderThread1D1Ev
__ZN25TargetDeviceShaderThread1D2Ev
__ZN25TimeMeasurementGDB_FFWSIMC1EP13ITargetDevice
__ZN25TimeMeasurementGDB_FFWSIMC2EP13ITargetDevice
__ZN26ARMPassthroughTargetDevice13displayBannerEv
__ZN26ARMPassthroughTargetDevice17getConnectionPortEv
__ZN26ARMPassthroughTargetDevice19sendMessageToTargetEP6Packet
__ZN26ARMPassthroughTargetDevice24processMessageFromClientEP6PacketP9IO_BUFFER
__ZN26ARMPassthroughTargetDevice24receiveMessageFromTargetEP6Packet
__ZN26ARMPassthroughTargetDevice26getConfigurationParametersEv
__ZN26ARMPassthroughTargetDeviceC1ER23ConfigurationParametersR14IServerContexttP24IPassthroughTargetDevice
__ZN26ARMPassthroughTargetDeviceC2ER23ConfigurationParametersR14IServerContexttP24IPassthroughTargetDevice
__ZN26ARMPassthroughTargetDeviceD0Ev
__ZN26ARMPassthroughTargetDeviceD1Ev
__ZN26ARMPassthroughTargetDeviceD2Ev
__ZN26E1RL78TargetDeviceMC_SDMA110createCoreEPKcS1_RP12TargetDevice
__ZN26E1RL78TargetDeviceMC_SDMA111isSupportedEPKcS1_
__ZN26E1RL78TargetDeviceMC_SDMA121configurationCompleteEv
__ZN26E1RL78TargetDeviceMC_SDMA121getSecondAttachedCoreEv
__ZN26E1RL78TargetDeviceMC_SDMA121setSecondAttachedCoreENSt3__112basic_stringIcNS0_11char_traitsIcEENS0_9allocatorIcEEEE
__ZN26E1RL78TargetDeviceMC_SDMA15resetEPKc
__ZN26E1RL78TargetDeviceMC_SDMA15resetEv
__ZN26E1RL78TargetDeviceMC_SDMA1C1ER23ConfigurationParametersR14IServerContext
__ZN26E1RL78TargetDeviceMC_SDMA1C2ER23ConfigurationParametersR14IServerContext
__ZN26E1RL78TargetDeviceMC_SDMA1D0Ev
__ZN26E1RL78TargetDeviceMC_SDMA1D1Ev
__ZN26E1RL78TargetDeviceMC_SDMA1D2Ev
__ZN26E2RL78TargetDeviceMC_SDMA111isSupportedEPKcS1_
__ZN26E2RL78TargetDeviceMC_SDMA115startConnectionEv
__ZN26E2RL78TargetDeviceMC_SDMA1C1ER23ConfigurationParametersR14IServerContext
__ZN26E2RL78TargetDeviceMC_SDMA1C2ER23ConfigurationParametersR14IServerContext
__ZN26E2RL78TargetDeviceMC_SDMA1D0Ev
__ZN26E2RL78TargetDeviceMC_SDMA1D1Ev
__ZN26E2RL78TargetDeviceMC_SDMA1D2Ev
__ZN26PassthroughSocketInterface26getPassthroughTargetDeviceEv
__ZN26ProtectZoneDeviceListEntry38isRX74MTypeMonitorRegistersCombinationEv
__ZN26ProtectZoneDeviceListEntryC2Ev
__ZN26ProtectZoneDeviceListEntryD0Ev
__ZN26ProtectZoneDeviceListEntryD1Ev
__ZN26ProtectZoneDeviceListEntryD2Ev
__ZN26SimPassthroughTargetDevice13displayBannerEv
__ZN26SimPassthroughTargetDeviceC1ER23ConfigurationParametersR14IServerContexttP24IPassthroughTargetDevice
__ZN26SimPassthroughTargetDeviceC2ER23ConfigurationParametersR14IServerContexttP24IPassthroughTargetDevice
__ZN26SimPassthroughTargetDeviceD0Ev
__ZN26SimPassthroughTargetDeviceD1Ev
__ZN26SimPassthroughTargetDeviceD2Ev
__ZN26TargetDeviceListEntryE2ARM10getMcuFileEv
__ZN26TargetDeviceListEntryE2ARM10isCM85CoreEv
__ZN26TargetDeviceListEntryE2ARM11hasJtagBootEv
__ZN26TargetDeviceListEntryE2ARM12formatRegSetENSt3__112basic_stringIcNS0_11char_traitsIcEENS0_9allocatorIcEEEE
__ZN26TargetDeviceListEntryE2ARM12getDriverDLLEv
__ZN26TargetDeviceListEntryE2ARM12getRfwArmDLLEv
__ZN26TargetDeviceListEntryE2ARM12hasTrustZoneEv
__ZN26TargetDeviceListEntryE2ARM15getRfpDirectoryEv
__ZN26TargetDeviceListEntryE2ARM15isCoreSupportTzERKNSt3__112basic_stringIcNS0_11char_traitsIcEENS0_9allocatorIcEEEE
__ZN26TargetDeviceListEntryE2ARM16isCoreSupportFpuERKNSt3__112basic_stringIcNS0_11char_traitsIcEENS0_9allocatorIcEEEE
__ZN26TargetDeviceListEntryE2ARM16isCoreSupportMveERKNSt3__112basic_stringIcNS0_11char_traitsIcEENS0_9allocatorIcEEEE
__ZN26TargetDeviceListEntryE2ARM17getE2ArmDirectoryEv
__ZN26TargetDeviceListEntryE2ARM18getFormattedRegsetERKNSt3__112basic_stringIcNS0_11char_traitsIcEENS0_9allocatorIcEEEES
__ZN26TargetDeviceListEntryE2ARM19getMonitorRegistersEv
__ZN26TargetDeviceListEntryE2ARM19isCoreSupportPacbtiERKNSt3__112basic_stringIcNS0_11char_traitsIcEENS0_9allocatorIcEEEE
__ZN26TargetDeviceListEntryE2ARM19isCoreSupportSecExtERKNSt3__112basic_stringIcNS0_11char_traitsIcEENS0_9allocatorIcEEEE
__ZN26TargetDeviceListEntryE2ARM22getVectorAddressByNameEbRKNSt3__112basic_stringIcNS0_11char_traitsIcEENS0_9allocatorIc
__ZN26TargetDeviceListEntryE2ARM24addVectorAddressRegisterEbRKyRKjRKNSt3__112basic_stringIcNS4_11char_traitsIcEENS4_9all
__ZN26TargetDeviceListEntryE2ARM26addArmCoreExtensionDetailsERNSt3__14listI37TargetDeviceListCoreArmExtensionEntryNS0_9a
__ZN26TargetDeviceListEntryE2ARM6hasFpuEv
__ZN26TargetDeviceListEntryE2ARM6hasMveEv
__ZN26TargetDeviceListEntryE2ARM7isARMv8Ev
__ZN26TargetDeviceListEntryE2ARM8isARMv8AEv
__ZN26TargetDeviceListEntryE2ARM8isARMv8MEv
__ZN26TargetDeviceListEntryE2ARM9getFamilyEv
__ZN26TargetDeviceListEntryE2ARM9getRegSetEv
__ZN26TargetDeviceListEntryE2ARM9getRfpDLLEv
__ZN26TargetDeviceListEntryE2ARM9hasPacbtiEv
__ZN26TargetDeviceListEntryE2ARM9hasSecExtEv
__ZN26TargetDeviceListEntryE2ARMC1ENSt3__112basic_stringIcNS0_11char_traitsIcEENS0_9allocatorIcEEEES6_S6_S6_S6_S6_S6_S6_
__ZN26TargetDeviceListEntryE2ARMC1ERKS_
__ZN26TargetDeviceListEntryE2ARMC1Ev
__ZN26TargetDeviceListEntryE2ARMC2ENSt3__112basic_stringIcNS0_11char_traitsIcEENS0_9allocatorIcEEEES6_S6_S6_S6_S6_S6_S6_
__ZN26TargetDeviceListEntryE2ARMC2ERKS_
__ZN26TargetDeviceListEntryE2ARMC2Ev
__ZN26TargetDeviceListEntryE2ARMD0Ev
__ZN26TargetDeviceListEntryE2ARMD1Ev
__ZN26TargetDeviceListEntryE2ARMD2Ev
__ZN26TargetDeviceListEntryE2ARMaSERKS_
__ZN26TargetDeviceListEntryRISCV10getMcuFileEv
__ZN26TargetDeviceListEntryRISCV12getDriverDllEv
__ZN26TargetDeviceListEntryRISCV13getExtensionsEv
__ZN26TargetDeviceListEntryRISCV14getFirmwareDllEv
__ZN26TargetDeviceListEntryRISCV15getArchitectureEv
__ZN26TargetDeviceListEntryRISCV15getFirmwarePathEv
__ZN26TargetDeviceListEntryRISCV16addMonitoredAreaEjjNSt3__112basic_stringIcNS0_11char_traitsIcEENS0_9allocatorIcEEEEb
__ZN26TargetDeviceListEntryRISCV17getMonitoredAreasEv
__ZN26TargetDeviceListEntryRISCV19getFullFirmwarePathEv
__ZN26TargetDeviceListEntryRISCV30initializeRiscVDeviceListEntryERKNSt3__112basic_stringIcNS0_11char_traitsIcEENS0_9allo
__ZN26TargetDeviceListEntryRISCV30initializeRiscVDeviceListEntryERKS_
__ZN26TargetDeviceListEntryRISCV9getRegSetEv
__ZN26TargetDeviceListEntryRISCV9getScriptEv
__ZN26TargetDeviceListEntryRISCVC1ERKS_
__ZN26TargetDeviceListEntryRISCVC1Ev
__ZN26TargetDeviceListEntryRISCVC2ERKS_
__ZN26TargetDeviceListEntryRISCVC2Ev
__ZN26TargetDeviceListEntryRISCVD0Ev
__ZN26TargetDeviceListEntryRISCVD1Ev
__ZN26TargetDeviceListEntryRISCVD2Ev
__ZN26TargetDeviceListEntryRISCVaSERKS_
__ZN26TargetDeviceListManagerARM11loadXMLFileENSt3__112basic_stringIcNS0_11char_traitsIcEENS0_9allocatorIcEEEE
__ZN26TargetDeviceListManagerARM11readDevicesERKN5boost13property_tree11basic_ptreeINSt3__112basic_stringIcNS3_11char_tr
__ZN26TargetDeviceListManagerARM14getDeviceEntryENSt3__112basic_stringIcNS0_11char_traitsIcEENS0_9allocatorIcEEEER21Targ
etDeviceListEntry
__ZN26TargetDeviceListManagerARM14getDeviceEntryENSt3__112basic_stringIcNS0_11char_traitsIcEENS0_9allocatorIcEEEER24Targ
etDeviceListEntryARM
__ZN26TargetDeviceListManagerARM14isCpuSupportedENSt3__112basic_stringIcNS0_11char_traitsIcEENS0_9allocatorIcEEEE
__ZN26TargetDeviceListManagerARM17createDeviceEntryENSt3__112basic_stringIcNS0_11char_traitsIcEENS0_9allocatorIcEEEES6_b
bbbbbbbS6_S6_R24TargetDeviceListEntryARM
__ZN26TargetDeviceListManagerARM20readMultiCoreDetailsER23TargetDeviceListMCEntryRKN5boost13property_tree11basic_ptreeIN
__ZN26TargetDeviceListManagerARM3addERKS_b
__ZN26TargetDeviceListManagerARMC1EPKc
__ZN26TargetDeviceListManagerARMC2EPKc
__ZN26TargetDeviceListManagerT3211loadXMLFileENSt3__112basic_stringIcNS0_11char_traitsIcEENS0_9allocatorIcEEEE
__ZN26TargetDeviceListManagerT3211readDevicesERKN5boost13property_tree11basic_ptreeINSt3__112basic_stringIcNS3_11char_tr
__ZN26TargetDeviceListManagerT3213GetCoreExecIdENSt3__112basic_stringIcNS0_11char_traitsIcEENS0_9allocatorIcEEEES6_
__ZN26TargetDeviceListManagerT3213GetT32BinPathEv
__ZN26TargetDeviceListManagerT3213GetT32DllPathEv
__ZN26TargetDeviceListManagerT3214GetCoreDetailsENSt3__112basic_stringIcNS0_11char_traitsIcEENS0_9allocatorIcEEEES6_
__ZN26TargetDeviceListManagerT3214getDeviceEntryENSt3__112basic_stringIcNS0_11char_traitsIcEENS0_9allocatorIcEEEER21Targ
etDeviceListEntry
__ZN26TargetDeviceListManagerT3214getDeviceEntryENSt3__112basic_stringIcNS0_11char_traitsIcEENS0_9allocatorIcEEEER24Targ
etDeviceListEntryT32
__ZN26TargetDeviceListManagerT3214isCpuSupportedENSt3__112basic_stringIcNS0_11char_traitsIcEENS0_9allocatorIcEEEE
__ZN26TargetDeviceListManagerT3217createDeviceEntryENSt3__112basic_stringIcNS0_11char_traitsIcEENS0_9allocatorIcEEEER24T
argetDeviceListEntryT32
__ZN26TargetDeviceListManagerT3220readDeviceAttributesER24TargetDeviceListEntryT32RKN5boost13property_tree11basic_ptreeI
__ZN26TargetDeviceListManagerT3220readMultiCoreDetailsER23TargetDeviceListMCEntryRKN5boost13property_tree11basic_ptreeIN
__ZN26TargetDeviceListManagerT323addERKS_b
__ZN26TargetDeviceListManagerT328numCoresENSt3__112basic_stringIcNS0_11char_traitsIcEENS0_9allocatorIcEEEE
__ZN26TargetDeviceListManagerT329GetT32DLLEv
__ZN26TargetDeviceListManagerT32C1EPKc
__ZN26TargetDeviceListManagerT32C2EPKc
__ZN27ARMDspTargetDeviceGREEN_DSPC1ER23ConfigurationParametersR14IServerContextPKcP15ARMTargetDevice
__ZN27ARMDspTargetDeviceGREEN_DSPC2ER23ConfigurationParametersR14IServerContextPKcP15ARMTargetDevice
__ZN27ARMDspTargetDeviceGREEN_DSPD0Ev
__ZN27ARMDspTargetDeviceGREEN_DSPD1Ev
__ZN27ARMDspTargetDeviceGREEN_DSPD2Ev
__ZN27ARMTimeMeasurementGDBMC_CPUC1EP13ITargetDevice
__ZN27ARMTimeMeasurementGDBMC_CPUC2EP13ITargetDevice
__ZN27TargetDeviceListEntryRCarE210getMcuFileEv
__ZN27TargetDeviceListEntryRCarE212getDriverDLLEv
__ZN27TargetDeviceListEntryRCarE212getRfwArmDLLEv
__ZN27TargetDeviceListEntryRCarE214addWarningAreaE10MemoryArea
__ZN27TargetDeviceListEntryRCarE215addProhibitAreaE10MemoryArea
__ZN27TargetDeviceListEntryRCarE215getRfpDirectoryEv
__ZN27TargetDeviceListEntryRCarE217getE2ArmDirectoryEv
__ZN27TargetDeviceListEntryRCarE220isIncludeWarningAreaE10MemoryArea
__ZN27TargetDeviceListEntryRCarE221isIncludeProhibitAreaE10MemoryArea
__ZN27TargetDeviceListEntryRCarE29getFamilyEv
__ZN27TargetDeviceListEntryRCarE29getRegSetEv
__ZN27TargetDeviceListEntryRCarE29getRfpDLLEv
__ZN27TargetDeviceListEntryRCarE2C1ENSt3__112basic_stringIcNS0_11char_traitsIcEENS0_9allocatorIcEEEES6_S6_S6_S6_S6_S6_S6
__ZN27TargetDeviceListEntryRCarE2C1ERKS_
__ZN27TargetDeviceListEntryRCarE2C1Ev
__ZN27TargetDeviceListEntryRCarE2C2ENSt3__112basic_stringIcNS0_11char_traitsIcEENS0_9allocatorIcEEEES6_S6_S6_S6_S6_S6_S6
__ZN27TargetDeviceListEntryRCarE2C2ERKS_
__ZN27TargetDeviceListEntryRCarE2C2Ev
__ZN27TargetDeviceListEntryRCarE2D0Ev
__ZN27TargetDeviceListEntryRCarE2D1Ev
__ZN27TargetDeviceListEntryRCarE2D2Ev
__ZN27TargetDeviceListEntryRCarE2aSERKS_
__ZN27TargetDeviceListManagerRL7811loadXMLFileENSt3__112basic_stringIcNS0_11char_traitsIcEENS0_9allocatorIcEEEE
__ZN27TargetDeviceListManagerRL7811readDevicesERKN5boost13property_tree11basic_ptreeINSt3__112basic_stringIcNS3_11char_t
__ZN27TargetDeviceListManagerRL7813getSeriesNameENSt3__112basic_stringIcNS0_11char_traitsIcEENS0_9allocatorIcEEEE
__ZN27TargetDeviceListManagerRL7814getDeviceEntryENSt3__112basic_stringIcNS0_11char_traitsIcEENS0_9allocatorIcEEEER21Tar
getDeviceListEntry
__ZN27TargetDeviceListManagerRL7814getDeviceEntryENSt3__112basic_stringIcNS0_11char_traitsIcEENS0_9allocatorIcEEEER25Tar
getDeviceListEntryRL78
__ZN27TargetDeviceListManagerRL7814isCpuSupportedENSt3__112basic_stringIcNS0_11char_traitsIcEENS0_9allocatorIcEEEE
__ZN27TargetDeviceListManagerRL7817createDeviceEntryENSt3__112basic_stringIcNS0_11char_traitsIcEENS0_9allocatorIcEEEES6_
S6_R25TargetDeviceListEntryRL78
__ZN27TargetDeviceListManagerRL7817createDeviceEntryENSt3__112basic_stringIcNS0_11char_traitsIcEENS0_9allocatorIcEEEES6_
S6_S6_R25TargetDeviceListEntryRL78
__ZN27TargetDeviceListManagerRL7819readDeviceFilesInfoERKN5boost13property_tree11basic_ptreeINSt3__112basic_stringIcNS3_
__ZN27TargetDeviceListManagerRL783addERKS_b
__ZN27TargetDeviceListManagerRL78C1EPKc
__ZN27TargetDeviceListManagerRL78C2EPKc
__ZN28JLinkRISCVTimeMeasurementGDBC1EP13ITargetDeviceR23ConfigurationParameters
__ZN28JLinkRISCVTimeMeasurementGDBC2EP13ITargetDeviceR23ConfigurationParameters
__ZN28RL78DspTargetDeviceGREEN_DSP19getCodeAddressInRamEv
__ZN28RL78DspTargetDeviceGREEN_DSP19getDataAddressInRamEv
__ZN28RL78DspTargetDeviceGREEN_DSP22getPER2RegisterAddressEv
__ZN28RL78DspTargetDeviceGREEN_DSP22getWindRegisterAddressEv
__ZN28RL78DspTargetDeviceGREEN_DSP24getADBSELRegisterAddressEv
__ZN28RL78DspTargetDeviceGREEN_DSP9hasADBSELEv
__ZN28RL78DspTargetDeviceGREEN_DSPC1ER23ConfigurationParametersR14IServerContextPKcP16RL78TargetDevicebb
__ZN28RL78DspTargetDeviceGREEN_DSPC2ER23ConfigurationParametersR14IServerContextPKcP16RL78TargetDevicebb
__ZN28RL78DspTargetDeviceGREEN_DSPD0Ev
__ZN28RL78DspTargetDeviceGREEN_DSPD1Ev
__ZN28RL78DspTargetDeviceGREEN_DSPD2Ev
__ZN28TargetDeviceListManagerE2ARM11loadXMLFileENSt3__112basic_stringIcNS0_11char_traitsIcEENS0_9allocatorIcEEEE
__ZN28TargetDeviceListManagerE2ARM11readDevicesERKN5boost13property_tree11basic_ptreeINSt3__112basic_stringIcNS3_11char_
__ZN28TargetDeviceListManagerE2ARM14getDeviceEntryENSt3__112basic_stringIcNS0_11char_traitsIcEENS0_9allocatorIcEEEER21Ta
rgetDeviceListEntry
__ZN28TargetDeviceListManagerE2ARM14getDeviceEntryENSt3__112basic_stringIcNS0_11char_traitsIcEENS0_9allocatorIcEEEER26Ta
rgetDeviceListEntryE2ARM
__ZN28TargetDeviceListManagerE2ARM14isCpuSupportedENSt3__112basic_stringIcNS0_11char_traitsIcEENS0_9allocatorIcEEEE
__ZN28TargetDeviceListManagerE2ARM17createDeviceEntryENSt3__112basic_stringIcNS0_11char_traitsIcEENS0_9allocatorIcEEEES6
_S6_S6_bbbbbbR26TargetDeviceListEntryE2ARM
__ZN28TargetDeviceListManagerE2ARM18parseDeviceDetailsERKN5boost13property_tree11basic_ptreeINSt3__112basic_stringIcNS3_
__ZN28TargetDeviceListManagerE2ARM20getConvertedCoreTypeERKNSt3__112basic_stringIcNS0_11char_traitsIcEENS0_9allocatorIcE
__ZN28TargetDeviceListManagerE2ARM27readArmCoreExtensionDetailsER26TargetDeviceListEntryE2ARMRKN5boost13property_tree11b
__ZN28TargetDeviceListManagerE2ARM3addERKS_b
__ZN28TargetDeviceListManagerE2ARMC1EPKc
__ZN28TargetDeviceListManagerE2ARMC2EPKc
__ZN28TargetDeviceListManagerRISCV11loadXMLFileENSt3__112basic_stringIcNS0_11char_traitsIcEENS0_9allocatorIcEEEE
__ZN28TargetDeviceListManagerRISCV11readDevicesERKN5boost13property_tree11basic_ptreeINSt3__112basic_stringIcNS3_11char_
__ZN28TargetDeviceListManagerRISCV14getDeviceEntryENSt3__112basic_stringIcNS0_11char_traitsIcEENS0_9allocatorIcEEEER21Ta
rgetDeviceListEntry
__ZN28TargetDeviceListManagerRISCV14getDeviceEntryENSt3__112basic_stringIcNS0_11char_traitsIcEENS0_9allocatorIcEEEER26Ta
rgetDeviceListEntryRISCV
__ZN28TargetDeviceListManagerRISCV14isCpuSupportedENSt3__112basic_stringIcNS0_11char_traitsIcEENS0_9allocatorIcEEEE
__ZN28TargetDeviceListManagerRISCV18parseDeviceDetailsERKN5boost13property_tree11basic_ptreeINSt3__112basic_stringIcNS3_
__ZN28TargetDeviceListManagerRISCV21initializeDeviceEntryENSt3__112basic_stringIcNS0_11char_traitsIcEENS0_9allocatorIcEE
EES6_S6_S6_S6_S6_R26TargetDeviceListEntryRISCV
__ZN28TargetDeviceListManagerRISCV3addERKS_b
__ZN28TargetDeviceListManagerRISCVC1EPKc
__ZN28TargetDeviceListManagerRISCVC2EPKc
__ZN28TargetDeviceListManagerRISCVD0Ev
__ZN28TargetDeviceListManagerRISCVD1Ev
__ZN28TargetDeviceListManagerRISCVD2Ev
__ZN28TimeMeasurementGDB_ExecRH850C1EP17RH850TargetDeviceP15ADMExecCommands
__ZN28TimeMeasurementGDB_ExecRH850C2EP17RH850TargetDeviceP15ADMExecCommands
__ZN29E2ARMTimeMeasurementGDBMC_CPUC1EP13ITargetDeviceR23ConfigurationParameters
__ZN29E2ARMTimeMeasurementGDBMC_CPUC2EP13ITargetDeviceR23ConfigurationParameters
__ZN29ShaderPassthroughTargetDevice12deInitialiseEv
__ZN29ShaderPassthroughTargetDevice13displayBannerEv
__ZN29ShaderPassthroughTargetDevice15startConnectionEv
__ZN29ShaderPassthroughTargetDevice16helperConnectionEv
__ZN29ShaderPassthroughTargetDevice21helperConnectionInUseEv
__ZN29ShaderPassthroughTargetDevice24processMessageFromClientEP6PacketP9IO_BUFFER
__ZN29ShaderPassthroughTargetDeviceC1ER23ConfigurationParametersR14IServerContextti
__ZN29ShaderPassthroughTargetDeviceC2ER23ConfigurationParametersR14IServerContextti
__ZN29ShaderPassthroughTargetDeviceD0Ev
__ZN29ShaderPassthroughTargetDeviceD1Ev
__ZN29ShaderPassthroughTargetDeviceD2Ev
__ZN29T32TargetDevice_CORTEXASeries12getRegistersERNSt3__112basic_stringIcNS0_11char_traitsIcEENS0_9allocatorIcEEEE
__ZN29T32TargetDevice_CORTEXASeries19assignRegisterValueEjRNSt3__16vectorIjNS0_9allocatorIjEEEE
__ZN29T32TargetDevice_CORTEXASeries21isSemihostingLocationEv
__ZN29T32TargetDevice_CORTEXASeries22CreateRegistersManagerEv
__ZN29T32TargetDevice_CORTEXASeries24assignFirstRegisterValueEy
__ZN29T32TargetDevice_CORTEXASeries25getHWBreakpointsAvailableEv
__ZN29T32TargetDevice_CORTEXASeries25getSWBreakpointsAvailableEv
__ZN29T32TargetDevice_CORTEXASeries26getTargetMaximumAddressGDBEv
__ZN29T32TargetDevice_CORTEXASeries31readMemoryWordwiseTo32BitChunksEyjPy
__ZN29T32TargetDevice_CORTEXASeries36advanceToNextInstructionAndRunTargetEv
__ZN29T32TargetDevice_CORTEXASeriesC1ER23ConfigurationParametersR14IServerContextP17T32CoreParametersP15T32TargetDeviceb
__ZN29T32TargetDevice_CORTEXASeriesC2ER23ConfigurationParametersR14IServerContextP17T32CoreParametersP15T32TargetDeviceb
__ZN29T32TargetDevice_CORTEXASeriesD0Ev
__ZN29T32TargetDevice_CORTEXASeriesD1Ev
__ZN29T32TargetDevice_CORTEXASeriesD2Ev
__ZN29TargetDeviceListManagerRCarE211loadXMLFileENSt3__112basic_stringIcNS0_11char_traitsIcEENS0_9allocatorIcEEEE
__ZN29TargetDeviceListManagerRCarE211readDevicesERKN5boost13property_tree11basic_ptreeINSt3__112basic_stringIcNS3_11char
__ZN29TargetDeviceListManagerRCarE214getDeviceEntryENSt3__112basic_stringIcNS0_11char_traitsIcEENS0_9allocatorIcEEEER21T
argetDeviceListEntry
__ZN29TargetDeviceListManagerRCarE214getDeviceEntryENSt3__112basic_stringIcNS0_11char_traitsIcEENS0_9allocatorIcEEEER27T
argetDeviceListEntryRCarE2
__ZN29TargetDeviceListManagerRCarE214isCpuSupportedENSt3__112basic_stringIcNS0_11char_traitsIcEENS0_9allocatorIcEEEE
__ZN29TargetDeviceListManagerRCarE217createDeviceEntryENSt3__112basic_stringIcNS0_11char_traitsIcEENS0_9allocatorIcEEEES
6_S6_S6_R27TargetDeviceListEntryRCarE2
__ZN29TargetDeviceListManagerRCarE218parseDeviceDetailsERKN5boost13property_tree11basic_ptreeINSt3__112basic_stringIcNS3
__ZN29TargetDeviceListManagerRCarE224readRCarMultiCoreDetailsER23TargetDeviceListMCEntryRKN5boost13property_tree11basic_
__ZN29TargetDeviceListManagerRCarE23addERKS_b
__ZN29TargetDeviceListManagerRCarE2C1EPKc
__ZN29TargetDeviceListManagerRCarE2C2EPKc
__ZN29TargetDeviceListManagerRCarE2D0Ev
__ZN29TargetDeviceListManagerRCarE2D1Ev
__ZN29TargetDeviceListManagerRCarE2D2Ev
__ZN30ARMTargetDeviceWithSemiHosting14getBFSRBitListEPKc
__ZN30ARMTargetDeviceWithSemiHosting14getHFSRBitListEPKc
__ZN30ARMTargetDeviceWithSemiHosting14getSFSRBitListEPKc
__ZN30ARMTargetDeviceWithSemiHosting14getUFSRBitListEPKc
__ZN30ARMTargetDeviceWithSemiHosting15Get_status_fastERj
__ZN30ARMTargetDeviceWithSemiHosting15getArchitectureEv
__ZN30ARMTargetDeviceWithSemiHosting15getMMFSRBitListEPKc
__ZN30ARMTargetDeviceWithSemiHosting16createStrBitListENSt3__16vectorINS0_12basic_stringIcNS0_11char_traitsIcEENS0_9allo
__ZN30ARMTargetDeviceWithSemiHosting16getSemihostingIDEv
__ZN30ARMTargetDeviceWithSemiHosting16isARMv8MBaselineEPKc
__ZN30ARMTargetDeviceWithSemiHosting16isSuspendPressedEv
__ZN30ARMTargetDeviceWithSemiHosting17setSuspendPressedEb
__ZN30ARMTargetDeviceWithSemiHosting17simulatedIOEnableEv
__ZN30ARMTargetDeviceWithSemiHosting17updateSimulatedIOEv
__ZN30ARMTargetDeviceWithSemiHosting18simulatedIODisableEv
__ZN30ARMTargetDeviceWithSemiHosting18targetHaltedStatusEv
__ZN30ARMTargetDeviceWithSemiHosting19setDebugBreakpointsEv
__ZN30ARMTargetDeviceWithSemiHosting20getSemihostingIDSizeEv
__ZN30ARMTargetDeviceWithSemiHosting20handleLaunchCompleteEv
__ZN30ARMTargetDeviceWithSemiHosting20isFaultStatusSupportEPKc
__ZN30ARMTargetDeviceWithSemiHosting20isSemiHostingEnabledEv
__ZN30ARMTargetDeviceWithSemiHosting21getSemihostingID_fastEb
__ZN30ARMTargetDeviceWithSemiHosting21isSemihostingLocationEv
__ZN30ARMTargetDeviceWithSemiHosting22getStringFaultRegisterE19FAULT_REGISTER_TYPE
__ZN30ARMTargetDeviceWithSemiHosting22updateSimulatedIO_fastEb
__ZN30ARMTargetDeviceWithSemiHosting23cleanupDebugBreakpointsEv
__ZN30ARMTargetDeviceWithSemiHosting23simulatedIOSetInputDataEjPh
__ZN30ARMTargetDeviceWithSemiHosting24assignFirstRegisterValueEy
__ZN30ARMTargetDeviceWithSemiHosting24simulatedIOGetOutputDataEjPhRj
__ZN30ARMTargetDeviceWithSemiHosting25doesHaveHardFaultRegisterEPKc
__ZN30ARMTargetDeviceWithSemiHosting25getFaultRegisterBitFieldsEPKcS1_RNSt3__112basic_stringIcNS2_11char_traitsIcEENS2_9
__ZN30ARMTargetDeviceWithSemiHosting25getSemihostingIDSize_fastEb
__ZN30ARMTargetDeviceWithSemiHosting26getSupportedFaultRegistersEPKcRNSt3__112basic_stringIcNS2_11char_traitsIcEENS2_9al
__ZN30ARMTargetDeviceWithSemiHosting26isSemihostingLocation_fastEjb
__ZN30ARMTargetDeviceWithSemiHosting29getContinueTimeInMilliSecondsEv
__ZN30ARMTargetDeviceWithSemiHosting31readMemoryWordwiseTo32BitChunksEyjPy
__ZN30ARMTargetDeviceWithSemiHosting31testForAndSetBlockingOnIOStatusEv
__ZN30ARMTargetDeviceWithSemiHosting36advanceToNextInstructionAndRunTargetEv
__ZN30ARMTargetDeviceWithSemiHosting36testForAndSetBlockingOnIOStatus_fastEib
__ZN30ARMTargetDeviceWithSemiHosting8goTargetEv
__ZN30ARMTargetDeviceWithSemiHosting8isARMv6MEPKc
__ZN30ARMTargetDeviceWithSemiHosting8isARMv7MEPKc
__ZN30ARMTargetDeviceWithSemiHosting8isARMv8AEPKc
__ZN30ARMTargetDeviceWithSemiHosting8isARMv8MEPKc
__ZN30ARMTargetDeviceWithSemiHosting8isARMv8REPKc
__ZN30ARMTargetDeviceWithSemiHosting9getStatusERj
__ZN30ARMTargetDeviceWithSemiHosting9isARMv7RAEPKc
__ZN30ARMTargetDeviceWithSemiHostingC2ER23ConfigurationParametersR14IServerContextPKcS5_jP19TargetDeviceNonExec
__ZN30ARMTargetDeviceWithSemiHostingD0Ev
__ZN30ARMTargetDeviceWithSemiHostingD1Ev
__ZN30ARMTargetDeviceWithSemiHostingD2Ev
__ZN30TargetDeviceListMCDetailsEntry13getattribute1Ev
__ZN30TargetDeviceListMCDetailsEntry8getGroupEv
__ZN30TargetDeviceListMCDetailsEntryaSERKS_
__ZN30TimeMeasurementGDB_FFWRxMC_CPUC1EP13ITargetDeviceR23ConfigurationParameters
__ZN30TimeMeasurementGDB_FFWRxMC_CPUC2EP13ITargetDeviceR23ConfigurationParameters
EEtS8_P33RCarPassthroughTargetDeviceHolder
EEtS8_P33RCarPassthroughTargetDeviceHolder
__ZN32TargetDeviceListCoreDetailsEntry10getMcuFileEv
__ZN32TargetDeviceListCoreDetailsEntry13getAttribute1Ev
__ZN32TargetDeviceListCoreDetailsEntry7getNameEv
__ZN32TargetDeviceListCoreDetailsEntry7getTypeEv
__ZN32TargetDeviceListCoreDetailsEntry9getExecIdEv
__ZN32TargetDeviceListCoreDetailsEntry9getRegsetEv
__ZN33RCarPassthroughTargetDeviceHolder10initialiseEv
__ZN33RCarPassthroughTargetDeviceHolder10stopTargetEv
__ZN33RCarPassthroughTargetDeviceHolder11isSupportedEPKcS1_
__ZN33RCarPassthroughTargetDeviceHolder12deInitialiseEv
__ZN33RCarPassthroughTargetDeviceHolder12getADMTargetEv
__ZN33RCarPassthroughTargetDeviceHolder12getComponentEt
__ZN33RCarPassthroughTargetDeviceHolder12setComponentEtP24IPassthroughTargetDevice
__ZN33RCarPassthroughTargetDeviceHolder13displayBannerEv
__ZN33RCarPassthroughTargetDeviceHolder13isBigEndianIoEv
__ZN33RCarPassthroughTargetDeviceHolder13preInitialiseEv
__ZN33RCarPassthroughTargetDeviceHolder13setDTASettingEP17SetDTASettingInfo
__ZN33RCarPassthroughTargetDeviceHolder13setDTASettingEPKcS1_Rj
__ZN33RCarPassthroughTargetDeviceHolder13setETMSettingEPKcS1_S1_Rj
__ZN33RCarPassthroughTargetDeviceHolder14preInitialise1Ev
__ZN33RCarPassthroughTargetDeviceHolder15queryDTASettingEPKc
__ZN33RCarPassthroughTargetDeviceHolder15queryETMSettingEPKcS1_
__ZN33RCarPassthroughTargetDeviceHolder15startConnectionEv
__ZN33RCarPassthroughTargetDeviceHolder16CreateADMSupportEv
__ZN33RCarPassthroughTargetDeviceHolder16createComponentsEv
__ZN33RCarPassthroughTargetDeviceHolder17getPassthroughDTAEv
__ZN33RCarPassthroughTargetDeviceHolder17loadDeviceSupportEv
__ZN33RCarPassthroughTargetDeviceHolder17queryDTAEventDescEv
__ZN33RCarPassthroughTargetDeviceHolder18deleteSWBreakpointEjj
__ZN33RCarPassthroughTargetDeviceHolder18doBusMonitorActionEPKcRjRNSt3__112basic_stringIcNS3_11char_traitsIcEENS3_9alloc
__ZN33RCarPassthroughTargetDeviceHolder18stopDownloadTargetEv
__ZN33RCarPassthroughTargetDeviceHolder19isPassthroughTargetEv
__ZN33RCarPassthroughTargetDeviceHolder20setBusMonitorSettingEPKcRNSt3__112basic_stringIcNS2_11char_traitsIcEENS2_9alloc
__ZN33RCarPassthroughTargetDeviceHolder22isAdvancedDebugSupportEv
__ZN33RCarPassthroughTargetDeviceHolder22startDownloadOnConnectENSt3__14listINS0_12basic_stringIcNS0_11char_traitsIcEENS
__ZN33RCarPassthroughTargetDeviceHolder24getPassthroughBusMonitorEv
__ZN33RCarPassthroughTargetDeviceHolder26getEventCombinationSupportER27EventCombinationSupportInfo
__ZN33RCarPassthroughTargetDeviceHolder31testForAndSetBlockingOnIOStatusEv
__ZN33RCarPassthroughTargetDeviceHolder4stopEPKc
__ZN33RCarPassthroughTargetDeviceHolderC1ER23ConfigurationParametersR14IServerContext
__ZN33RCarPassthroughTargetDeviceHolderC2ER23ConfigurationParametersR14IServerContext
__ZN33RCarPassthroughTargetDeviceHolderD0Ev
__ZN33RCarPassthroughTargetDeviceHolderD1Ev
__ZN33RCarPassthroughTargetDeviceHolderD2Ev
__ZN37TargetDeviceListCoreArmExtensionEntry11getCoreNameEv
__ZN37TargetDeviceListCoreArmExtensionEntry14hasTzExtensionEv
__ZN37TargetDeviceListCoreArmExtensionEntry15hasFpuExtensionEv
__ZN37TargetDeviceListCoreArmExtensionEntry15hasMveExtensionEv
__ZN37TargetDeviceListCoreArmExtensionEntry18hasPacbtiExtensionEv
__ZN37TargetDeviceListCoreArmExtensionEntry18hasSecExtExtensionEv
__ZN37TargetDeviceListCoreArmExtensionEntry24getFormattedRegSetArmv8mENSt3__112basic_stringIcNS0_11char_traitsIcEENS0_9a
__ZN37TargetDeviceListCoreArmExtensionEntryC1ERKNSt3__112basic_stringIcNS0_11char_traitsIcEENS0_9allocatorIcEEEEbbbbb
__ZN37TargetDeviceListCoreArmExtensionEntryC1ERKS_
__ZN37TargetDeviceListCoreArmExtensionEntryC1Ev
__ZN37TargetDeviceListCoreArmExtensionEntryC2ERKNSt3__112basic_stringIcNS0_11char_traitsIcEENS0_9allocatorIcEEEEbbbbb
__ZN37TargetDeviceListCoreArmExtensionEntryC2ERKS_
__ZN37TargetDeviceListCoreArmExtensionEntryC2Ev
__ZN37TargetDeviceListCoreArmExtensionEntryD1Ev
__ZN37TargetDeviceListCoreArmExtensionEntryD2Ev
__ZN37TargetDeviceListCoreArmExtensionEntryaSERKS_
__ZN3DTAC1EP13ITargetDeviceR23ConfigurationParameters
__ZN3DTAC1EP13ITargetDeviceR23ConfigurationParametersP6T32DLLP17T32CoreConnectionNSt3__112basic_stringIcNS8_11char_trait
sIcEENS8_9allocatorIcEEEER24TargetDeviceListEntryT32bRKSE_
__ZN3DTAC2EP13ITargetDeviceR23ConfigurationParameters
__ZN3DTAC2EP13ITargetDeviceR23ConfigurationParametersP6T32DLLP17T32CoreConnectionNSt3__112basic_stringIcNS8_11char_trait
sIcEENS8_9allocatorIcEEEER24TargetDeviceListEntryT32bRKSE_
__ZN3ETMC1EP13ITargetDevice
__ZN3ETMC1EP13ITargetDeviceP6T32DLLP17T32CoreConnectionR24TargetDeviceListEntryT32RKNSt3__112basic_stringIcNS8_11char_tr
__ZN3ETMC2EP13ITargetDevice
__ZN3ETMC2EP13ITargetDeviceP6T32DLLP17T32CoreConnectionR24TargetDeviceListEntryT32RKNSt3__112basic_stringIcNS8_11char_tr
__ZN3SWV10isRADeviceEv
__ZN3SWV9setTargetEP13ITargetDevice
__ZN5E2SWVC1EP13ITargetDevicePN18RenesasElectronics9MicomTool15DebuggerLibrary15RenesasFirmWare11ARMFirmware15RfwARMInte
__ZN5E2SWVC2EP13ITargetDevicePN18RenesasElectronics9MicomTool15DebuggerLibrary15RenesasFirmWare11ARMFirmware15RfwARMInte
__ZN5Utils13getUSBDevicesENSt3__112basic_stringIcNS0_11char_traitsIcEENS0_9allocatorIcEEEE
__ZN5boost10wrapexceptINS_13property_tree10xml_parser16xml_parser_errorEE9copy_fromEPKv
__ZN5boost11get_pointerI24RCarE2TargetDeviceMC_CPUEEPT_S3_
__ZN5boost13property_tree10xml_parser10xmlcommentINSt3__112basic_stringIcNS3_11char_traitsIcEENS3_9allocatorIcEEEEEERKT_
__ZN5boost13property_tree10xml_parser10xmlcommentINSt3__112basic_stringIwNS3_11char_traitsIwEENS3_9allocatorIwEEEEEERKT_
__ZN5boost13property_tree10xml_parser13read_xml_nodeINS0_11basic_ptreeINSt3__112basic_stringIcNS4_11char_traitsIcEENS4_9
allocatorIcEEEESA_NS4_4lessISA_EEEEcEEvPNS0_6detail8rapidxml8xml_nodeIT0_EERT_i
__ZN5boost13property_tree10xml_parser13read_xml_nodeINS0_11basic_ptreeINSt3__112basic_stringIwNS4_11char_traitsIwEENS4_9
allocatorIwEEEESA_NS4_4lessISA_EEEEwEEvPNS0_6detail8rapidxml8xml_nodeIT0_EERT_i
__ZN5boost13property_tree10xml_parser17read_xml_internalINS0_11basic_ptreeINSt3__112basic_stringIcNS4_11char_traitsIcEEN
__ZN5boost13property_tree10xml_parser17read_xml_internalINS0_11basic_ptreeINSt3__112basic_stringIwNS4_11char_traitsIwEEN
__ZN5boost13property_tree10xml_parser7xmlattrINSt3__112basic_stringIcNS3_11char_traitsIcEENS3_9allocatorIcEEEEEERKT_v
__ZN5boost13property_tree10xml_parser7xmlattrINSt3__112basic_stringIwNS3_11char_traitsIwEENS3_9allocatorIwEEEEEERKT_v
__ZN5boost13property_tree10xml_parser7xmltextINSt3__112basic_stringIcNS3_11char_traitsIcEENS3_9allocatorIcEEEEEERKT_v
__ZN5boost13property_tree10xml_parser7xmltextINSt3__112basic_stringIwNS3_11char_traitsIwEENS3_9allocatorIwEEEEEERKT_v
__ZN5boost13property_tree10xml_parser8read_xmlINS0_11basic_ptreeINSt3__112basic_stringIcNS4_11char_traitsIcEENS4_9alloca
__ZN5boost13property_tree10xml_parser8read_xmlINS0_11basic_ptreeINSt3__112basic_stringIwNS4_11char_traitsIwEENS4_9alloca
__ZN5boost13property_tree6detail8rapidxml11memory_poolIcE12allocate_rawEm
__ZN5boost13property_tree6detail8rapidxml11memory_poolIcE13allocate_nodeENS2_9node_typeEPKcS7_mm
__ZN5boost13property_tree6detail8rapidxml11memory_poolIcE16allocate_alignedEm
__ZN5boost13property_tree6detail8rapidxml11memory_poolIcE18allocate_attributeEPKcS6_mm
__ZN5boost13property_tree6detail8rapidxml11memory_poolIcE4initEv
__ZN5boost13property_tree6detail8rapidxml11memory_poolIcE5alignEPc
__ZN5boost13property_tree6detail8rapidxml11memory_poolIcE5clearEv
__ZN5boost13property_tree6detail8rapidxml11memory_poolIwE12allocate_rawEm
__ZN5boost13property_tree6detail8rapidxml11memory_poolIwE13allocate_nodeENS2_9node_typeEPKwS7_mm
__ZN5boost13property_tree6detail8rapidxml11memory_poolIwE16allocate_alignedEm
__ZN5boost13property_tree6detail8rapidxml11memory_poolIwE18allocate_attributeEPKwS6_mm
__ZN5boost13property_tree6detail8rapidxml11memory_poolIwE4initEv
__ZN5boost13property_tree6detail8rapidxml11memory_poolIwE5alignEPc
__ZN5boost13property_tree6detail8rapidxml11memory_poolIwE5clearEv
__ZN5boost13property_tree6detail8rapidxml12xml_documentIcE10parse_nodeILi0EEEPNS2_8xml_nodeIcEERPc
__ZN5boost13property_tree6detail8rapidxml12xml_documentIcE10parse_nodeILi3072EEEPNS2_8xml_nodeIcEERPc
__ZN5boost13property_tree6detail8rapidxml12xml_documentIcE10parse_nodeILi3136EEEPNS2_8xml_nodeIcEERPc
__ZN5boost13property_tree6detail8rapidxml12xml_documentIcE10parse_nodeILi64EEEPNS2_8xml_nodeIcEERPc
__ZN5boost13property_tree6detail8rapidxml12xml_documentIcE11parse_cdataILi0EEEPNS2_8xml_nodeIcEERPc
__ZN5boost13property_tree6detail8rapidxml12xml_documentIcE11parse_cdataILi3072EEEPNS2_8xml_nodeIcEERPc
__ZN5boost13property_tree6detail8rapidxml12xml_documentIcE11parse_cdataILi3136EEEPNS2_8xml_nodeIcEERPc
__ZN5boost13property_tree6detail8rapidxml12xml_documentIcE11parse_cdataILi64EEEPNS2_8xml_nodeIcEERPc
__ZN5boost13property_tree6detail8rapidxml12xml_documentIcE13parse_commentILi0EEEPNS2_8xml_nodeIcEERPc
__ZN5boost13property_tree6detail8rapidxml12xml_documentIcE13parse_commentILi3072EEEPNS2_8xml_nodeIcEERPc
__ZN5boost13property_tree6detail8rapidxml12xml_documentIcE13parse_commentILi3136EEEPNS2_8xml_nodeIcEERPc
__ZN5boost13property_tree6detail8rapidxml12xml_documentIcE13parse_commentILi64EEEPNS2_8xml_nodeIcEERPc
__ZN5boost13property_tree6detail8rapidxml12xml_documentIcE13parse_doctypeILi0EEEPNS2_8xml_nodeIcEERPc
__ZN5boost13property_tree6detail8rapidxml12xml_documentIcE13parse_doctypeILi3072EEEPNS2_8xml_nodeIcEERPc
__ZN5boost13property_tree6detail8rapidxml12xml_documentIcE13parse_doctypeILi3136EEEPNS2_8xml_nodeIcEERPc
__ZN5boost13property_tree6detail8rapidxml12xml_documentIcE13parse_doctypeILi64EEEPNS2_8xml_nodeIcEERPc
__ZN5boost13property_tree6detail8rapidxml12xml_documentIcE13parse_elementILi0EEEPNS2_8xml_nodeIcEERPc
__ZN5boost13property_tree6detail8rapidxml12xml_documentIcE13parse_elementILi3072EEEPNS2_8xml_nodeIcEERPc
__ZN5boost13property_tree6detail8rapidxml12xml_documentIcE13parse_elementILi3136EEEPNS2_8xml_nodeIcEERPc
__ZN5boost13property_tree6detail8rapidxml12xml_documentIcE13parse_elementILi64EEEPNS2_8xml_nodeIcEERPc
__ZN5boost13property_tree6detail8rapidxml12xml_documentIcE14node_name_pred4testEc
__ZN5boost13property_tree6detail8rapidxml12xml_documentIcE15whitespace_pred4testEc
__ZN5boost13property_tree6detail8rapidxml12xml_documentIcE19attribute_name_pred4testEc
__ZN5boost13property_tree6detail8rapidxml12xml_documentIcE19parse_node_contentsILi0EEEvRPcPNS2_8xml_nodeIcEE
__ZN5boost13property_tree6detail8rapidxml12xml_documentIcE19parse_node_contentsILi3072EEEvRPcPNS2_8xml_nodeIcEE
__ZN5boost13property_tree6detail8rapidxml12xml_documentIcE19parse_node_contentsILi3136EEEvRPcPNS2_8xml_nodeIcEE
__ZN5boost13property_tree6detail8rapidxml12xml_documentIcE19parse_node_contentsILi64EEEvRPcPNS2_8xml_nodeIcEE
__ZN5boost13property_tree6detail8rapidxml12xml_documentIcE20attribute_value_predILc34EE4testEc
__ZN5boost13property_tree6detail8rapidxml12xml_documentIcE20attribute_value_predILc39EE4testEc
__ZN5boost13property_tree6detail8rapidxml12xml_documentIcE20text_pure_no_ws_pred4testEc
__ZN5boost13property_tree6detail8rapidxml12xml_documentIcE21parse_and_append_dataILi0EEEcPNS2_8xml_nodeIcEERPcS9_
__ZN5boost13property_tree6detail8rapidxml12xml_documentIcE21parse_and_append_dataILi3072EEEcPNS2_8xml_nodeIcEERPcS9_
__ZN5boost13property_tree6detail8rapidxml12xml_documentIcE21parse_and_append_dataILi3136EEEcPNS2_8xml_nodeIcEERPcS9_
__ZN5boost13property_tree6detail8rapidxml12xml_documentIcE21parse_and_append_dataILi64EEEcPNS2_8xml_nodeIcEERPcS9_
__ZN5boost13property_tree6detail8rapidxml12xml_documentIcE21parse_node_attributesILi0EEEvRPcPNS2_8xml_nodeIcEE
__ZN5boost13property_tree6detail8rapidxml12xml_documentIcE21parse_node_attributesILi3072EEEvRPcPNS2_8xml_nodeIcEE
__ZN5boost13property_tree6detail8rapidxml12xml_documentIcE21parse_node_attributesILi3136EEEvRPcPNS2_8xml_nodeIcEE
__ZN5boost13property_tree6detail8rapidxml12xml_documentIcE21parse_node_attributesILi64EEEvRPcPNS2_8xml_nodeIcEE
__ZN5boost13property_tree6detail8rapidxml12xml_documentIcE21parse_xml_declarationILi0EEEPNS2_8xml_nodeIcEERPc
__ZN5boost13property_tree6detail8rapidxml12xml_documentIcE21parse_xml_declarationILi3072EEEPNS2_8xml_nodeIcEERPc
__ZN5boost13property_tree6detail8rapidxml12xml_documentIcE21parse_xml_declarationILi3136EEEPNS2_8xml_nodeIcEERPc
__ZN5boost13property_tree6detail8rapidxml12xml_documentIcE21parse_xml_declarationILi64EEEPNS2_8xml_nodeIcEERPc
__ZN5boost13property_tree6detail8rapidxml12xml_documentIcE22insert_coded_characterILi0EEEvRPcm
__ZN5boost13property_tree6detail8rapidxml12xml_documentIcE22insert_coded_characterILi1024EEEvRPcm
__ZN5boost13property_tree6detail8rapidxml12xml_documentIcE22insert_coded_characterILi1088EEEvRPcm
__ZN5boost13property_tree6detail8rapidxml12xml_documentIcE22insert_coded_characterILi3072EEEvRPcm
__ZN5boost13property_tree6detail8rapidxml12xml_documentIcE22insert_coded_characterILi3136EEEvRPcm
__ZN5boost13property_tree6detail8rapidxml12xml_documentIcE22insert_coded_characterILi64EEEvRPcm
__ZN5boost13property_tree6detail8rapidxml12xml_documentIcE22text_pure_with_ws_pred4testEc
__ZN5boost13property_tree6detail8rapidxml12xml_documentIcE25attribute_value_pure_predILc34EE4testEc
__ZN5boost13property_tree6detail8rapidxml12xml_documentIcE25attribute_value_pure_predILc39EE4testEc
__ZN5boost13property_tree6detail8rapidxml12xml_documentIcE30skip_and_expand_character_refsINS4_20attribute_value_predILc
__ZN5boost13property_tree6detail8rapidxml12xml_documentIcE30skip_and_expand_character_refsINS4_20attribute_value_predILc
__ZN5boost13property_tree6detail8rapidxml12xml_documentIcE30skip_and_expand_character_refsINS4_20attribute_value_predILc
__ZN5boost13property_tree6detail8rapidxml12xml_documentIcE30skip_and_expand_character_refsINS4_20attribute_value_predILc
__ZN5boost13property_tree6detail8rapidxml12xml_documentIcE30skip_and_expand_character_refsINS4_20attribute_value_predILc
__ZN5boost13property_tree6detail8rapidxml12xml_documentIcE30skip_and_expand_character_refsINS4_20attribute_value_predILc
__ZN5boost13property_tree6detail8rapidxml12xml_documentIcE30skip_and_expand_character_refsINS4_20attribute_value_predILc
__ZN5boost13property_tree6detail8rapidxml12xml_documentIcE30skip_and_expand_character_refsINS4_20attribute_value_predILc
__ZN5boost13property_tree6detail8rapidxml12xml_documentIcE30skip_and_expand_character_refsINS4_9text_predENS4_20text_pur
__ZN5boost13property_tree6detail8rapidxml12xml_documentIcE30skip_and_expand_character_refsINS4_9text_predENS4_20text_pur
__ZN5boost13property_tree6detail8rapidxml12xml_documentIcE30skip_and_expand_character_refsINS4_9text_predENS4_22text_pur
__ZN5boost13property_tree6detail8rapidxml12xml_documentIcE30skip_and_expand_character_refsINS4_9text_predENS4_22text_pur
__ZN5boost13property_tree6detail8rapidxml12xml_documentIcE4skipINS4_14node_name_predELi0EEEvRPc
__ZN5boost13property_tree6detail8rapidxml12xml_documentIcE4skipINS4_14node_name_predELi3072EEEvRPc
__ZN5boost13property_tree6detail8rapidxml12xml_documentIcE4skipINS4_14node_name_predELi3136EEEvRPc
__ZN5boost13property_tree6detail8rapidxml12xml_documentIcE4skipINS4_14node_name_predELi64EEEvRPc
__ZN5boost13property_tree6detail8rapidxml12xml_documentIcE4skipINS4_15whitespace_predELi0EEEvRPc
__ZN5boost13property_tree6detail8rapidxml12xml_documentIcE4skipINS4_15whitespace_predELi3072EEEvRPc
__ZN5boost13property_tree6detail8rapidxml12xml_documentIcE4skipINS4_15whitespace_predELi3136EEEvRPc
__ZN5boost13property_tree6detail8rapidxml12xml_documentIcE4skipINS4_15whitespace_predELi64EEEvRPc
__ZN5boost13property_tree6detail8rapidxml12xml_documentIcE4skipINS4_19attribute_name_predELi0EEEvRPc
__ZN5boost13property_tree6detail8rapidxml12xml_documentIcE4skipINS4_19attribute_name_predELi3072EEEvRPc
__ZN5boost13property_tree6detail8rapidxml12xml_documentIcE4skipINS4_19attribute_name_predELi3136EEEvRPc
__ZN5boost13property_tree6detail8rapidxml12xml_documentIcE4skipINS4_19attribute_name_predELi64EEEvRPc
__ZN5boost13property_tree6detail8rapidxml12xml_documentIcE4skipINS4_20text_pure_no_ws_predELi0EEEvRPc
__ZN5boost13property_tree6detail8rapidxml12xml_documentIcE4skipINS4_20text_pure_no_ws_predELi64EEEvRPc
__ZN5boost13property_tree6detail8rapidxml12xml_documentIcE4skipINS4_22text_pure_with_ws_predELi3072EEEvRPc
__ZN5boost13property_tree6detail8rapidxml12xml_documentIcE4skipINS4_22text_pure_with_ws_predELi3136EEEvRPc
__ZN5boost13property_tree6detail8rapidxml12xml_documentIcE4skipINS4_25attribute_value_pure_predILc34EEELi0EEEvRPc
__ZN5boost13property_tree6detail8rapidxml12xml_documentIcE4skipINS4_25attribute_value_pure_predILc34EEELi1024EEEvRPc
__ZN5boost13property_tree6detail8rapidxml12xml_documentIcE4skipINS4_25attribute_value_pure_predILc34EEELi1088EEEvRPc
__ZN5boost13property_tree6detail8rapidxml12xml_documentIcE4skipINS4_25attribute_value_pure_predILc34EEELi64EEEvRPc
__ZN5boost13property_tree6detail8rapidxml12xml_documentIcE4skipINS4_25attribute_value_pure_predILc39EEELi0EEEvRPc
__ZN5boost13property_tree6detail8rapidxml12xml_documentIcE4skipINS4_25attribute_value_pure_predILc39EEELi1024EEEvRPc
__ZN5boost13property_tree6detail8rapidxml12xml_documentIcE4skipINS4_25attribute_value_pure_predILc39EEELi1088EEEvRPc
__ZN5boost13property_tree6detail8rapidxml12xml_documentIcE4skipINS4_25attribute_value_pure_predILc39EEELi64EEEvRPc
__ZN5boost13property_tree6detail8rapidxml12xml_documentIcE5parseILi0EEEvPc
__ZN5boost13property_tree6detail8rapidxml12xml_documentIcE5parseILi3072EEEvPc
__ZN5boost13property_tree6detail8rapidxml12xml_documentIcE5parseILi3136EEEvPc
__ZN5boost13property_tree6detail8rapidxml12xml_documentIcE5parseILi64EEEvPc
__ZN5boost13property_tree6detail8rapidxml12xml_documentIcE8parse_piILi0EEEPNS2_8xml_nodeIcEERPc
__ZN5boost13property_tree6detail8rapidxml12xml_documentIcE8parse_piILi3072EEEPNS2_8xml_nodeIcEERPc
__ZN5boost13property_tree6detail8rapidxml12xml_documentIcE8parse_piILi3136EEEPNS2_8xml_nodeIcEERPc
__ZN5boost13property_tree6detail8rapidxml12xml_documentIcE8parse_piILi64EEEPNS2_8xml_nodeIcEERPc
__ZN5boost13property_tree6detail8rapidxml12xml_documentIcE9parse_bomILi0EEEvRPc
__ZN5boost13property_tree6detail8rapidxml12xml_documentIcE9parse_bomILi3072EEEvRPc
__ZN5boost13property_tree6detail8rapidxml12xml_documentIcE9parse_bomILi3136EEEvRPc
__ZN5boost13property_tree6detail8rapidxml12xml_documentIcE9parse_bomILi64EEEvRPc
__ZN5boost13property_tree6detail8rapidxml12xml_documentIcE9text_pred4testEc
__ZN5boost13property_tree6detail8rapidxml12xml_documentIwE10parse_nodeILi0EEEPNS2_8xml_nodeIwEERPw
__ZN5boost13property_tree6detail8rapidxml12xml_documentIwE10parse_nodeILi3072EEEPNS2_8xml_nodeIwEERPw
__ZN5boost13property_tree6detail8rapidxml12xml_documentIwE10parse_nodeILi3136EEEPNS2_8xml_nodeIwEERPw
__ZN5boost13property_tree6detail8rapidxml12xml_documentIwE10parse_nodeILi64EEEPNS2_8xml_nodeIwEERPw
__ZN5boost13property_tree6detail8rapidxml12xml_documentIwE11parse_cdataILi0EEEPNS2_8xml_nodeIwEERPw
__ZN5boost13property_tree6detail8rapidxml12xml_documentIwE11parse_cdataILi3072EEEPNS2_8xml_nodeIwEERPw
__ZN5boost13property_tree6detail8rapidxml12xml_documentIwE11parse_cdataILi3136EEEPNS2_8xml_nodeIwEERPw
__ZN5boost13property_tree6detail8rapidxml12xml_documentIwE11parse_cdataILi64EEEPNS2_8xml_nodeIwEERPw
__ZN5boost13property_tree6detail8rapidxml12xml_documentIwE13parse_commentILi0EEEPNS2_8xml_nodeIwEERPw
__ZN5boost13property_tree6detail8rapidxml12xml_documentIwE13parse_commentILi3072EEEPNS2_8xml_nodeIwEERPw
__ZN5boost13property_tree6detail8rapidxml12xml_documentIwE13parse_commentILi3136EEEPNS2_8xml_nodeIwEERPw
__ZN5boost13property_tree6detail8rapidxml12xml_documentIwE13parse_commentILi64EEEPNS2_8xml_nodeIwEERPw
__ZN5boost13property_tree6detail8rapidxml12xml_documentIwE13parse_doctypeILi0EEEPNS2_8xml_nodeIwEERPw
__ZN5boost13property_tree6detail8rapidxml12xml_documentIwE13parse_doctypeILi3072EEEPNS2_8xml_nodeIwEERPw
__ZN5boost13property_tree6detail8rapidxml12xml_documentIwE13parse_doctypeILi3136EEEPNS2_8xml_nodeIwEERPw
__ZN5boost13property_tree6detail8rapidxml12xml_documentIwE13parse_doctypeILi64EEEPNS2_8xml_nodeIwEERPw
__ZN5boost13property_tree6detail8rapidxml12xml_documentIwE13parse_elementILi0EEEPNS2_8xml_nodeIwEERPw
__ZN5boost13property_tree6detail8rapidxml12xml_documentIwE13parse_elementILi3072EEEPNS2_8xml_nodeIwEERPw
__ZN5boost13property_tree6detail8rapidxml12xml_documentIwE13parse_elementILi3136EEEPNS2_8xml_nodeIwEERPw
__ZN5boost13property_tree6detail8rapidxml12xml_documentIwE13parse_elementILi64EEEPNS2_8xml_nodeIwEERPw
__ZN5boost13property_tree6detail8rapidxml12xml_documentIwE14node_name_pred4testEw
__ZN5boost13property_tree6detail8rapidxml12xml_documentIwE15whitespace_pred4testEw
__ZN5boost13property_tree6detail8rapidxml12xml_documentIwE19attribute_name_pred4testEw
__ZN5boost13property_tree6detail8rapidxml12xml_documentIwE19parse_node_contentsILi0EEEvRPwPNS2_8xml_nodeIwEE
__ZN5boost13property_tree6detail8rapidxml12xml_documentIwE19parse_node_contentsILi3072EEEvRPwPNS2_8xml_nodeIwEE
__ZN5boost13property_tree6detail8rapidxml12xml_documentIwE19parse_node_contentsILi3136EEEvRPwPNS2_8xml_nodeIwEE
__ZN5boost13property_tree6detail8rapidxml12xml_documentIwE19parse_node_contentsILi64EEEvRPwPNS2_8xml_nodeIwEE
__ZN5boost13property_tree6detail8rapidxml12xml_documentIwE20attribute_value_predILw34EE4testEw
__ZN5boost13property_tree6detail8rapidxml12xml_documentIwE20attribute_value_predILw39EE4testEw
__ZN5boost13property_tree6detail8rapidxml12xml_documentIwE20text_pure_no_ws_pred4testEw
__ZN5boost13property_tree6detail8rapidxml12xml_documentIwE21parse_and_append_dataILi0EEEwPNS2_8xml_nodeIwEERPwS9_
__ZN5boost13property_tree6detail8rapidxml12xml_documentIwE21parse_and_append_dataILi3072EEEwPNS2_8xml_nodeIwEERPwS9_
__ZN5boost13property_tree6detail8rapidxml12xml_documentIwE21parse_and_append_dataILi3136EEEwPNS2_8xml_nodeIwEERPwS9_
__ZN5boost13property_tree6detail8rapidxml12xml_documentIwE21parse_and_append_dataILi64EEEwPNS2_8xml_nodeIwEERPwS9_
__ZN5boost13property_tree6detail8rapidxml12xml_documentIwE21parse_node_attributesILi0EEEvRPwPNS2_8xml_nodeIwEE
__ZN5boost13property_tree6detail8rapidxml12xml_documentIwE21parse_node_attributesILi3072EEEvRPwPNS2_8xml_nodeIwEE
__ZN5boost13property_tree6detail8rapidxml12xml_documentIwE21parse_node_attributesILi3136EEEvRPwPNS2_8xml_nodeIwEE
__ZN5boost13property_tree6detail8rapidxml12xml_documentIwE21parse_node_attributesILi64EEEvRPwPNS2_8xml_nodeIwEE
__ZN5boost13property_tree6detail8rapidxml12xml_documentIwE21parse_xml_declarationILi0EEEPNS2_8xml_nodeIwEERPw
__ZN5boost13property_tree6detail8rapidxml12xml_documentIwE21parse_xml_declarationILi3072EEEPNS2_8xml_nodeIwEERPw
__ZN5boost13property_tree6detail8rapidxml12xml_documentIwE21parse_xml_declarationILi3136EEEPNS2_8xml_nodeIwEERPw
__ZN5boost13property_tree6detail8rapidxml12xml_documentIwE21parse_xml_declarationILi64EEEPNS2_8xml_nodeIwEERPw
__ZN5boost13property_tree6detail8rapidxml12xml_documentIwE22insert_coded_characterILi0EEEvRPwm
__ZN5boost13property_tree6detail8rapidxml12xml_documentIwE22insert_coded_characterILi1024EEEvRPwm
__ZN5boost13property_tree6detail8rapidxml12xml_documentIwE22insert_coded_characterILi1088EEEvRPwm
__ZN5boost13property_tree6detail8rapidxml12xml_documentIwE22insert_coded_characterILi3072EEEvRPwm
__ZN5boost13property_tree6detail8rapidxml12xml_documentIwE22insert_coded_characterILi3136EEEvRPwm
__ZN5boost13property_tree6detail8rapidxml12xml_documentIwE22insert_coded_characterILi64EEEvRPwm
__ZN5boost13property_tree6detail8rapidxml12xml_documentIwE22text_pure_with_ws_pred4testEw
__ZN5boost13property_tree6detail8rapidxml12xml_documentIwE25attribute_value_pure_predILw34EE4testEw
__ZN5boost13property_tree6detail8rapidxml12xml_documentIwE25attribute_value_pure_predILw39EE4testEw
__ZN5boost13property_tree6detail8rapidxml12xml_documentIwE30skip_and_expand_character_refsINS4_20attribute_value_predILw
__ZN5boost13property_tree6detail8rapidxml12xml_documentIwE30skip_and_expand_character_refsINS4_20attribute_value_predILw
__ZN5boost13property_tree6detail8rapidxml12xml_documentIwE30skip_and_expand_character_refsINS4_20attribute_value_predILw
__ZN5boost13property_tree6detail8rapidxml12xml_documentIwE30skip_and_expand_character_refsINS4_20attribute_value_predILw
__ZN5boost13property_tree6detail8rapidxml12xml_documentIwE30skip_and_expand_character_refsINS4_20attribute_value_predILw
__ZN5boost13property_tree6detail8rapidxml12xml_documentIwE30skip_and_expand_character_refsINS4_20attribute_value_predILw
__ZN5boost13property_tree6detail8rapidxml12xml_documentIwE30skip_and_expand_character_refsINS4_20attribute_value_predILw
__ZN5boost13property_tree6detail8rapidxml12xml_documentIwE30skip_and_expand_character_refsINS4_20attribute_value_predILw
__ZN5boost13property_tree6detail8rapidxml12xml_documentIwE30skip_and_expand_character_refsINS4_9text_predENS4_20text_pur
__ZN5boost13property_tree6detail8rapidxml12xml_documentIwE30skip_and_expand_character_refsINS4_9text_predENS4_20text_pur
__ZN5boost13property_tree6detail8rapidxml12xml_documentIwE30skip_and_expand_character_refsINS4_9text_predENS4_22text_pur
__ZN5boost13property_tree6detail8rapidxml12xml_documentIwE30skip_and_expand_character_refsINS4_9text_predENS4_22text_pur
__ZN5boost13property_tree6detail8rapidxml12xml_documentIwE4skipINS4_14node_name_predELi0EEEvRPw
__ZN5boost13property_tree6detail8rapidxml12xml_documentIwE4skipINS4_14node_name_predELi3072EEEvRPw
__ZN5boost13property_tree6detail8rapidxml12xml_documentIwE4skipINS4_14node_name_predELi3136EEEvRPw
__ZN5boost13property_tree6detail8rapidxml12xml_documentIwE4skipINS4_14node_name_predELi64EEEvRPw
__ZN5boost13property_tree6detail8rapidxml12xml_documentIwE4skipINS4_15whitespace_predELi0EEEvRPw
__ZN5boost13property_tree6detail8rapidxml12xml_documentIwE4skipINS4_15whitespace_predELi3072EEEvRPw
__ZN5boost13property_tree6detail8rapidxml12xml_documentIwE4skipINS4_15whitespace_predELi3136EEEvRPw
__ZN5boost13property_tree6detail8rapidxml12xml_documentIwE4skipINS4_15whitespace_predELi64EEEvRPw
__ZN5boost13property_tree6detail8rapidxml12xml_documentIwE4skipINS4_19attribute_name_predELi0EEEvRPw
__ZN5boost13property_tree6detail8rapidxml12xml_documentIwE4skipINS4_19attribute_name_predELi3072EEEvRPw
__ZN5boost13property_tree6detail8rapidxml12xml_documentIwE4skipINS4_19attribute_name_predELi3136EEEvRPw
__ZN5boost13property_tree6detail8rapidxml12xml_documentIwE4skipINS4_19attribute_name_predELi64EEEvRPw
__ZN5boost13property_tree6detail8rapidxml12xml_documentIwE4skipINS4_20text_pure_no_ws_predELi0EEEvRPw
__ZN5boost13property_tree6detail8rapidxml12xml_documentIwE4skipINS4_20text_pure_no_ws_predELi64EEEvRPw
__ZN5boost13property_tree6detail8rapidxml12xml_documentIwE4skipINS4_22text_pure_with_ws_predELi3072EEEvRPw
__ZN5boost13property_tree6detail8rapidxml12xml_documentIwE4skipINS4_22text_pure_with_ws_predELi3136EEEvRPw
__ZN5boost13property_tree6detail8rapidxml12xml_documentIwE4skipINS4_25attribute_value_pure_predILw34EEELi0EEEvRPw
__ZN5boost13property_tree6detail8rapidxml12xml_documentIwE4skipINS4_25attribute_value_pure_predILw34EEELi1024EEEvRPw
__ZN5boost13property_tree6detail8rapidxml12xml_documentIwE4skipINS4_25attribute_value_pure_predILw34EEELi1088EEEvRPw
__ZN5boost13property_tree6detail8rapidxml12xml_documentIwE4skipINS4_25attribute_value_pure_predILw34EEELi64EEEvRPw
__ZN5boost13property_tree6detail8rapidxml12xml_documentIwE4skipINS4_25attribute_value_pure_predILw39EEELi0EEEvRPw
__ZN5boost13property_tree6detail8rapidxml12xml_documentIwE4skipINS4_25attribute_value_pure_predILw39EEELi1024EEEvRPw
__ZN5boost13property_tree6detail8rapidxml12xml_documentIwE4skipINS4_25attribute_value_pure_predILw39EEELi1088EEEvRPw
__ZN5boost13property_tree6detail8rapidxml12xml_documentIwE4skipINS4_25attribute_value_pure_predILw39EEELi64EEEvRPw
__ZN5boost13property_tree6detail8rapidxml12xml_documentIwE5parseILi0EEEvPw
__ZN5boost13property_tree6detail8rapidxml12xml_documentIwE5parseILi3072EEEvPw
__ZN5boost13property_tree6detail8rapidxml12xml_documentIwE5parseILi3136EEEvPw
__ZN5boost13property_tree6detail8rapidxml12xml_documentIwE5parseILi64EEEvPw
__ZN5boost13property_tree6detail8rapidxml12xml_documentIwE8parse_piILi0EEEPNS2_8xml_nodeIwEERPw
__ZN5boost13property_tree6detail8rapidxml12xml_documentIwE8parse_piILi3072EEEPNS2_8xml_nodeIwEERPw
__ZN5boost13property_tree6detail8rapidxml12xml_documentIwE8parse_piILi3136EEEPNS2_8xml_nodeIwEERPw
__ZN5boost13property_tree6detail8rapidxml12xml_documentIwE8parse_piILi64EEEPNS2_8xml_nodeIwEERPw
__ZN5boost13property_tree6detail8rapidxml12xml_documentIwE9parse_bomILi0EEEvRPw
__ZN5boost13property_tree6detail8rapidxml12xml_documentIwE9parse_bomILi3072EEEvRPw
__ZN5boost13property_tree6detail8rapidxml12xml_documentIwE9parse_bomILi3136EEEvRPw
__ZN5boost13property_tree6detail8rapidxml12xml_documentIwE9parse_bomILi64EEEvRPw
__ZN5boost13property_tree6detail8rapidxml12xml_documentIwE9text_pred4testEw
__ZN5boost13property_tree6detail8rapidxml8internal13lookup_tablesILi0EE11lookup_textE
__ZN5boost13property_tree6detail8rapidxml8internal13lookup_tablesILi0EE13lookup_digitsE
__ZN5boost13property_tree6detail8rapidxml8internal13lookup_tablesILi0EE13lookup_upcaseE
__ZN5boost13property_tree6detail8rapidxml8internal13lookup_tablesILi0EE16lookup_node_nameE
__ZN5boost13property_tree6detail8rapidxml8internal13lookup_tablesILi0EE17lookup_whitespaceE
__ZN5boost13property_tree6detail8rapidxml8internal13lookup_tablesILi0EE21lookup_attribute_nameE
__ZN5boost13property_tree6detail8rapidxml8internal13lookup_tablesILi0EE22lookup_text_pure_no_wsE
__ZN5boost13property_tree6detail8rapidxml8internal13lookup_tablesILi0EE23lookup_attribute_data_1E
__ZN5boost13property_tree6detail8rapidxml8internal13lookup_tablesILi0EE23lookup_attribute_data_2E
__ZN5boost13property_tree6detail8rapidxml8internal13lookup_tablesILi0EE24lookup_text_pure_with_wsE
__ZN5boost13property_tree6detail8rapidxml8internal13lookup_tablesILi0EE28lookup_attribute_data_1_pureE
__ZN5boost13property_tree6detail8rapidxml8internal13lookup_tablesILi0EE28lookup_attribute_data_2_pureE
__ZN5boost13property_tree6detail8rapidxml8internal7compareIcEEbPKT_mS7_mb
__ZN5boost13property_tree6detail8rapidxml8internal7compareIwEEbPKT_mS7_mb
__ZN5boost13property_tree6detail8rapidxml8internal7measureIcEEmPKT_
__ZN5boost13property_tree6detail8rapidxml8internal7measureIwEEmPKT_
__ZN5boost13property_tree6detail8rapidxml8internal9get_indexIcEEmT_
__ZN5boost13property_tree6detail8rapidxml8internal9get_indexIwEEmT_
__ZN5boost13property_tree6detail8rapidxml8xml_baseIcE4nameEPKc
__ZN5boost13property_tree6detail8rapidxml8xml_baseIcE4nameEPKcm
__ZN5boost13property_tree6detail8rapidxml8xml_baseIcE5valueEPKc
__ZN5boost13property_tree6detail8rapidxml8xml_baseIcE5valueEPKcm
__ZN5boost13property_tree6detail8rapidxml8xml_baseIcE7nullstrEv
__ZN5boost13property_tree6detail8rapidxml8xml_baseIwE4nameEPKw
__ZN5boost13property_tree6detail8rapidxml8xml_baseIwE4nameEPKwm
__ZN5boost13property_tree6detail8rapidxml8xml_baseIwE5valueEPKw
__ZN5boost13property_tree6detail8rapidxml8xml_baseIwE5valueEPKwm
__ZN5boost13property_tree6detail8rapidxml8xml_baseIwE7nullstrEv
__ZN5boost13property_tree6detail8rapidxml8xml_nodeIcE11append_nodeEPS4_
__ZN5boost13property_tree6detail8rapidxml8xml_nodeIcE16append_attributeEPNS2_13xml_attributeIcEE
__ZN5boost13property_tree6detail8rapidxml8xml_nodeIcE16remove_all_nodesEv
__ZN5boost13property_tree6detail8rapidxml8xml_nodeIcE21remove_all_attributesEv
__ZN5boost13property_tree6detail8rapidxml8xml_nodeIwE11append_nodeEPS4_
__ZN5boost13property_tree6detail8rapidxml8xml_nodeIwE16append_attributeEPNS2_13xml_attributeIwEE
__ZN5boost13property_tree6detail8rapidxml8xml_nodeIwE16remove_all_nodesEv
__ZN5boost13property_tree6detail8rapidxml8xml_nodeIwE21remove_all_attributesEv
__ZN5boost14checked_deleteINS_6detail11thread_dataINS_3_bi6bind_tIvNS_4_mfi2mfIM24RCarE2TargetDeviceMC_CPUFvNSt3__112bas
__ZN5boost15throw_exceptionINS_13property_tree10xml_parser16xml_parser_errorEEEvRKT_RKNS_15source_locationE
__ZN5boost16exception_detail8set_infoINS_10wrapexceptINS_13property_tree10xml_parser16xml_parser_errorEEEEERKT_S9_RKNS_1
__ZN5boost16exception_detail8set_infoINS_10wrapexceptINS_13property_tree10xml_parser16xml_parser_errorEEEEERKT_S9_RKNS_1
__ZN5boost16exception_detail8set_infoINS_10wrapexceptINS_13property_tree10xml_parser16xml_parser_errorEEEEERKT_S9_RKNS_1
__ZN5boost16exception_detail8set_infoINS_10wrapexceptINS_13property_tree10xml_parser16xml_parser_errorEEEEERKT_S9_RKNS_1
__ZN5boost3_bi4listIJNS0_5valueIP24RCarE2TargetDeviceMC_CPUEENS2_INSt3__112basic_stringIcNS6_11char_traitsIcEENS6_9alloc
__ZN5boost3_bi4listIJNS0_5valueIP24RCarE2TargetDeviceMC_CPUEENS2_INSt3__112basic_stringIcNS6_11char_traitsIcEENS6_9alloc
__ZN5boost3_bi5valueIP24RCarE2TargetDeviceMC_CPUE3getEv
__ZN5boost3_bi6bind_tIvNS_4_mfi2mfIM24RCarE2TargetDeviceMC_CPUFvNSt3__112basic_stringIcNS5_11char_traitsIcEENS5_9allocat
__ZN5boost3_bi9unwrapperINS_4_mfi2mfIM24RCarE2TargetDeviceMC_CPUFvNSt3__112basic_stringIcNS5_11char_traitsIcEENS5_9alloc
__ZN5boost4bindIvNS_4_mfi2mfIM24RCarE2TargetDeviceMC_CPUFvNSt3__112basic_stringIcNS4_11char_traitsIcEENS4_9allocatorIcEE
__ZN5boost4bindIvv24RCarE2TargetDeviceMC_CPUNSt3__112basic_stringIcNS2_11char_traitsIcEENS2_9allocatorIcEEEENS2_6vectorI
rgetDeviceMC_CPUFvNSt3__112basic_stringIcNS9_11char_traitsIcEENS9_9allocatorIcEEEENS9_6vectorI15tag_DISPLAYDATANSD_ISH_E
arE2TargetDeviceMC_CPUFvNSt3__112basic_stringIcNS9_11char_traitsIcEENS9_9allocatorIcEEEENS9_6vectorI15tag_DISPLAYDATANSD
__ZN5boost6detail8heap_newINS0_11thread_dataINS_3_bi6bind_tIvNS_4_mfi2mfIM24RCarE2TargetDeviceMC_CPUFvNSt3__112basic_str
__ZN5boost6mem_fnIv24RCarE2TargetDeviceMC_CPUJNSt3__112basic_stringIcNS2_11char_traitsIcEENS2_9allocatorIcEEEENS2_6vecto
__ZN5boost6thread16make_thread_infoINS_3_bi6bind_tIvNS_4_mfi2mfIM24RCarE2TargetDeviceMC_CPUFvNSt3__112basic_stringIcNS7_
__ZN5boost7forwardINS_3_bi6bind_tIvNS_4_mfi2mfIM24RCarE2TargetDeviceMC_CPUFvNSt3__112basic_stringIcNS6_11char_traitsIcEE
__ZN6Device13DeviceDetails11getDeviceIDEPKc
__ZN7RHTraceC1EP17RH850TargetDeviceNSt3__112basic_stringIcNS2_11char_traitsIcEENS2_9allocatorIcEEEE
__ZN7RHTraceC2EP17RH850TargetDeviceNSt3__112basic_stringIcNS2_11char_traitsIcEENS2_9allocatorIcEEEE
__ZN8JLinkSWVC1EP13ITargetDeviceP11JLinkARMDLLtmbRKm
__ZN8JLinkSWVC2EP13ITargetDeviceP11JLinkARMDLLtmbRKm
__ZN8TraceGDBC2EP13ITargetDevice
__ZN9ADMTargetC2EP13ITargetDeviceR14IServerContextR23ConfigurationParameters
__ZN9CoreSightC2EyP13ITargetDevicePKc
__ZN9RCarE2ETMC1EP13ITargetDevice
__ZN9RCarE2ETMC2EP13ITargetDevice
__ZNK14TZTargetDevice17getTzDeviceFamilyEv
__ZNK15State_Processor21is_registers_from_xmlEv
__ZNK17DeviceInformation10getMCUFileEv
__ZNK19RA6B1TZTargetDevice17getTzDeviceFamilyEv
__ZNK24TargetDeviceListEntryARM11getTzConfigEv
__ZNK5boost13property_tree6detail8rapidxml11parse_error5whereIcEEPT_v
__ZNK5boost13property_tree6detail8rapidxml11parse_error5whereIwEEPT_v
__ZNK5boost13property_tree6detail8rapidxml13xml_attributeIcE14next_attributeEPKcmb
__ZNK5boost13property_tree6detail8rapidxml13xml_attributeIwE14next_attributeEPKwmb
__ZNK5boost13property_tree6detail8rapidxml8xml_baseIcE10value_sizeEv
__ZNK5boost13property_tree6detail8rapidxml8xml_baseIcE4nameEv
__ZNK5boost13property_tree6detail8rapidxml8xml_baseIcE5valueEv
__ZNK5boost13property_tree6detail8rapidxml8xml_baseIcE9name_sizeEv
__ZNK5boost13property_tree6detail8rapidxml8xml_baseIwE10value_sizeEv
__ZNK5boost13property_tree6detail8rapidxml8xml_baseIwE4nameEv
__ZNK5boost13property_tree6detail8rapidxml8xml_baseIwE5valueEv
__ZNK5boost13property_tree6detail8rapidxml8xml_baseIwE9name_sizeEv
__ZNK5boost13property_tree6detail8rapidxml8xml_nodeIcE10first_nodeEPKcmb
__ZNK5boost13property_tree6detail8rapidxml8xml_nodeIcE12next_siblingEPKcmb
__ZNK5boost13property_tree6detail8rapidxml8xml_nodeIcE15first_attributeEPKcmb
__ZNK5boost13property_tree6detail8rapidxml8xml_nodeIcE4typeEv
__ZNK5boost13property_tree6detail8rapidxml8xml_nodeIwE10first_nodeEPKwmb
__ZNK5boost13property_tree6detail8rapidxml8xml_nodeIwE12next_siblingEPKwmb
__ZNK5boost13property_tree6detail8rapidxml8xml_nodeIwE15first_attributeEPKwmb
__ZNK5boost13property_tree6detail8rapidxml8xml_nodeIwE4typeEv
6bind_tIvNS_4_mfi2mfIM24RCarE2TargetDeviceMC_CPUFvNSt3__112basic_stringIcNSB_11char_traitsIcEENSB_9allocatorIcEEEENSB_6v
__ZNK5boost3_bi6rrlistIJEEixIP24RCarE2TargetDeviceMC_CPUEERT_RNS0_5valueIS6_EE
__ZNK5boost4_mfi2mfIM24RCarE2TargetDeviceMC_CPUFvNSt3__112basic_stringIcNS3_11char_traitsIcEENS3_9allocatorIcEEEENS3_6ve
__ZNK6Thread24Create_thread_xml_recordERNSt3__118basic_stringstreamIcNS0_11char_traitsIcEENS0_9allocatorIcEEEEPK7Process
__ZNK7Process25Create_threads_xml_recordERNSt3__118basic_stringstreamIcNS0_11char_traitsIcEENS0_9allocatorIcEEEEbPK16IOp
__ZNKSt3__111__copy_loopINS_17_ClassicAlgPolicyEEclB8ne180100IPN11DeviceEntry7OFSAreaES6_S6_EENS_4pairIT_T1_EES8_T0_S9_
__ZNKSt3__111__copy_loopINS_17_ClassicAlgPolicyEEclB8ne180100IPN24TargetDeviceListEntryT327OFSAreaES6_S6_EENS_4pairIT_T1
__ZNKSt3__111__move_loopINS_17_ClassicAlgPolicyEEclB8ne180100INS_16reverse_iteratorIPN17E2ARMTargetDevice11CacheMemoryEE
__ZNKSt3__111__move_loopINS_17_ClassicAlgPolicyEEclB8ne180100INS_16reverse_iteratorIPN19E2RISCVTargetDevice11CacheMemory
__ZNSt3__110__list_impI32TargetDeviceListCoreDetailsEntryNS_9allocatorIS1_EEE13__create_nodeB8ne180100IJRKS1_EEEPNS_11__
__ZNSt3__110__list_impI32TargetDeviceListCoreDetailsEntryNS_9allocatorIS1_EEE13__create_nodeB8ne180100IJRS1_EEEPNS_11__l
__ZNSt3__110__list_impI32TargetDeviceListCoreDetailsEntryNS_9allocatorIS1_EEE13__create_nodeB8ne180100IJS1_EEEPNS_11__li
__ZNSt3__110__list_impI32TargetDeviceListCoreDetailsEntryNS_9allocatorIS1_EEE13__delete_nodeB8ne180100IJEEEvPNS_11__list
__ZNSt3__110__list_impI37TargetDeviceListCoreArmExtensionEntryNS_9allocatorIS1_EEE13__create_nodeB8ne180100IJRKS1_EEEPNS
__ZNSt3__110__list_impI37TargetDeviceListCoreArmExtensionEntryNS_9allocatorIS1_EEE13__create_nodeB8ne180100IJRS1_EEEPNS_
__ZNSt3__110__list_impI37TargetDeviceListCoreArmExtensionEntryNS_9allocatorIS1_EEE13__create_nodeB8ne180100IJS1_EEEPNS_1
__ZNSt3__110__list_impI37TargetDeviceListCoreArmExtensionEntryNS_9allocatorIS1_EEE13__delete_nodeB8ne180100IJEEEvPNS_11_
__ZNSt3__110__list_impIP12TargetDeviceNS_9allocatorIS2_EEE13__create_nodeB8ne180100IJRKS2_EEEPNS_11__list_nodeIS2_PvEEPN
__ZNSt3__110__list_impIP12TargetDeviceNS_9allocatorIS2_EEE13__create_nodeB8ne180100IJS2_EEEPNS_11__list_nodeIS2_PvEEPNS_
__ZNSt3__110__list_impIP12TargetDeviceNS_9allocatorIS2_EEE13__delete_nodeB8ne180100IJEEEvPNS_11__list_nodeIS2_PvEE
__ZNSt3__110__list_impIP19T32TargetDeviceCoreNS_9allocatorIS2_EEE13__create_nodeB8ne180100IJRKS2_EEEPNS_11__list_nodeIS2
__ZNSt3__110__list_impIP19T32TargetDeviceCoreNS_9allocatorIS2_EEE13__delete_nodeB8ne180100IJEEEvPNS_11__list_nodeIS2_PvE
__ZNSt3__110__list_impIP21E2ARMTargetDeviceCoreNS_9allocatorIS2_EEE13__create_nodeB8ne180100IJRKS2_EEEPNS_11__list_nodeI
__ZNSt3__110__list_impIP21E2ARMTargetDeviceCoreNS_9allocatorIS2_EEE13__delete_nodeB8ne180100IJEEEvPNS_11__list_nodeIS2_P
__ZNSt3__111__introsortINS_17_ClassicAlgPolicyERPFbRKN17E2ARMTargetDevice11CacheMemoryES5_EPS3_Lb0EEEvT1_SA_T0_NS_15iter
__ZNSt3__111__introsortINS_17_ClassicAlgPolicyERPFbRKN19E2RISCVTargetDevice11CacheMemoryES5_EPS3_Lb0EEEvT1_SA_T0_NS_15it
__ZNSt3__116allocator_traitsINS_9allocatorIN11DeviceEntry7OFSAreaEEEE7destroyB8ne180100IS3_vEEvRS4_PT_
__ZNSt3__116allocator_traitsINS_9allocatorIN11DeviceEntry7OFSAreaEEEE8max_sizeB8ne180100IS4_vEEmRKS4_
__ZNSt3__116allocator_traitsINS_9allocatorIN11DeviceEntry7OFSAreaEEEE9constructB8ne180100IS3_JRKS3_EvEEvRS4_PT_DpOT0_
__ZNSt3__116allocator_traitsINS_9allocatorIN11DeviceEntry7OFSAreaEEEE9constructB8ne180100IS3_JRS3_EvEEvRS4_PT_DpOT0_
__ZNSt3__116allocator_traitsINS_9allocatorIN11DeviceEntry7OFSAreaEEEE9constructB8ne180100IS3_JS3_EvEEvRS4_PT_DpOT0_
__ZNSt3__116allocator_traitsINS_9allocatorIN17E2ARMTargetDevice11CacheMemoryEEEE7destroyB8ne180100IS3_vEEvRS4_PT_
__ZNSt3__116allocator_traitsINS_9allocatorIN17E2ARMTargetDevice11CacheMemoryEEEE8max_sizeB8ne180100IS4_vEEmRKS4_
__ZNSt3__116allocator_traitsINS_9allocatorIN17E2ARMTargetDevice11CacheMemoryEEEE9constructB8ne180100IS3_JRKS3_EvEEvRS4_P
__ZNSt3__116allocator_traitsINS_9allocatorIN17E2ARMTargetDevice13CacheRegisterEEEE7destroyB8ne180100IS3_vEEvRS4_PT_
__ZNSt3__116allocator_traitsINS_9allocatorIN17E2ARMTargetDevice13CacheRegisterEEEE8max_sizeB8ne180100IS4_vEEmRKS4_
__ZNSt3__116allocator_traitsINS_9allocatorIN17E2ARMTargetDevice13CacheRegisterEEEE9constructB8ne180100IS3_JRKS3_EvEEvRS4
__ZNSt3__116allocator_traitsINS_9allocatorIN17E2ARMTargetDevice13CacheRegisterEEEE9constructB8ne180100IS3_JS3_EvEEvRS4_P
__ZNSt3__116allocator_traitsINS_9allocatorIN18RCarE2TargetDevice13CacheRegisterEEEE7destroyB8ne180100IS3_vEEvRS4_PT_
__ZNSt3__116allocator_traitsINS_9allocatorIN18RCarE2TargetDevice13CacheRegisterEEEE8max_sizeB8ne180100IS4_vEEmRKS4_
__ZNSt3__116allocator_traitsINS_9allocatorIN18RCarE2TargetDevice13CacheRegisterEEEE9constructB8ne180100IS3_JRKS3_EvEEvRS
__ZNSt3__116allocator_traitsINS_9allocatorIN18RCarE2TargetDevice13CacheRegisterEEEE9constructB8ne180100IS3_JS3_EvEEvRS4_
__ZNSt3__116allocator_traitsINS_9allocatorIN19E2RISCVTargetDevice11CacheMemoryEEEE7destroyB8ne180100IS3_vEEvRS4_PT_
__ZNSt3__116allocator_traitsINS_9allocatorIN19E2RISCVTargetDevice11CacheMemoryEEEE8max_sizeB8ne180100IS4_vEEmRKS4_
__ZNSt3__116allocator_traitsINS_9allocatorIN19E2RISCVTargetDevice11CacheMemoryEEEE9constructB8ne180100IS3_JRKS3_EvEEvRS4
__ZNSt3__116allocator_traitsINS_9allocatorIN19E2RISCVTargetDevice13CacheRegisterEEEE7destroyB8ne180100IS3_vEEvRS4_PT_
__ZNSt3__116allocator_traitsINS_9allocatorIN19E2RISCVTargetDevice13CacheRegisterEEEE8max_sizeB8ne180100IS4_vEEmRKS4_
__ZNSt3__116allocator_traitsINS_9allocatorIN19E2RISCVTargetDevice13CacheRegisterEEEE9constructB8ne180100IS3_JRKS3_EvEEvR
__ZNSt3__116allocator_traitsINS_9allocatorIN19E2RISCVTargetDevice13CacheRegisterEEEE9constructB8ne180100IS3_JS3_EvEEvRS4
__ZNSt3__116allocator_traitsINS_9allocatorIN24TargetDeviceListEntryT327OFSAreaEEEE7destroyB8ne180100IS3_vEEvRS4_PT_
__ZNSt3__116allocator_traitsINS_9allocatorIN24TargetDeviceListEntryT327OFSAreaEEEE8max_sizeB8ne180100IS4_vEEmRKS4_
__ZNSt3__116allocator_traitsINS_9allocatorIN24TargetDeviceListEntryT327OFSAreaEEEE9constructB8ne180100IS3_JRKS3_EvEEvRS4
__ZNSt3__116allocator_traitsINS_9allocatorIN24TargetDeviceListEntryT327OFSAreaEEEE9constructB8ne180100IS3_JRS3_EvEEvRS4_
__ZNSt3__116allocator_traitsINS_9allocatorIN24TargetDeviceListEntryT327OFSAreaEEEE9constructB8ne180100IS3_JS3_EvEEvRS4_P
__ZNSt3__116allocator_traitsINS_9allocatorINS_11__list_nodeI32TargetDeviceListCoreDetailsEntryPvEEEEE7destroyB8ne180100I
__ZNSt3__116allocator_traitsINS_9allocatorINS_11__list_nodeI32TargetDeviceListCoreDetailsEntryPvEEEEE8max_sizeB8ne180100
__ZNSt3__116allocator_traitsINS_9allocatorINS_11__list_nodeI32TargetDeviceListCoreDetailsEntryPvEEEEE9constructB8ne18010
__ZNSt3__116allocator_traitsINS_9allocatorINS_11__list_nodeI32TargetDeviceListCoreDetailsEntryPvEEEEE9constructB8ne18010
__ZNSt3__116allocator_traitsINS_9allocatorINS_11__list_nodeI32TargetDeviceListCoreDetailsEntryPvEEEEE9constructB8ne18010
__ZNSt3__116allocator_traitsINS_9allocatorINS_11__list_nodeI37TargetDeviceListCoreArmExtensionEntryPvEEEEE7destroyB8ne18
__ZNSt3__116allocator_traitsINS_9allocatorINS_11__list_nodeI37TargetDeviceListCoreArmExtensionEntryPvEEEEE8max_sizeB8ne1
__ZNSt3__116allocator_traitsINS_9allocatorINS_11__list_nodeI37TargetDeviceListCoreArmExtensionEntryPvEEEEE9constructB8ne
__ZNSt3__116allocator_traitsINS_9allocatorINS_11__list_nodeI37TargetDeviceListCoreArmExtensionEntryPvEEEEE9constructB8ne
__ZNSt3__116allocator_traitsINS_9allocatorINS_11__list_nodeI37TargetDeviceListCoreArmExtensionEntryPvEEEEE9constructB8ne
__ZNSt3__116allocator_traitsINS_9allocatorINS_11__list_nodeIP12TargetDevicePvEEEEE7destroyB8ne180100IS4_vvEEvRS7_PT_
__ZNSt3__116allocator_traitsINS_9allocatorINS_11__list_nodeIP12TargetDevicePvEEEEE8max_sizeB8ne180100IS7_vEEmRKS7_
__ZNSt3__116allocator_traitsINS_9allocatorINS_11__list_nodeIP12TargetDevicePvEEEEE9constructB8ne180100IS4_JRKS4_EvEEvRS7
__ZNSt3__116allocator_traitsINS_9allocatorINS_11__list_nodeIP12TargetDevicePvEEEEE9constructB8ne180100IS4_JS4_EvEEvRS7_P
__ZNSt3__116allocator_traitsINS_9allocatorINS_11__list_nodeIP19T32TargetDeviceCorePvEEEEE7destroyB8ne180100IS4_vvEEvRS7_
__ZNSt3__116allocator_traitsINS_9allocatorINS_11__list_nodeIP19T32TargetDeviceCorePvEEEEE8max_sizeB8ne180100IS7_vEEmRKS7
__ZNSt3__116allocator_traitsINS_9allocatorINS_11__list_nodeIP19T32TargetDeviceCorePvEEEEE9constructB8ne180100IS4_JRKS4_E
__ZNSt3__116allocator_traitsINS_9allocatorINS_11__list_nodeIP21E2ARMTargetDeviceCorePvEEEEE7destroyB8ne180100IS4_vvEEvRS
__ZNSt3__116allocator_traitsINS_9allocatorINS_11__list_nodeIP21E2ARMTargetDeviceCorePvEEEEE8max_sizeB8ne180100IS7_vEEmRK
__ZNSt3__116allocator_traitsINS_9allocatorINS_11__list_nodeIP21E2ARMTargetDeviceCorePvEEEEE9constructB8ne180100IS4_JRKS4
_IcEEEE23TargetDeviceListEntryRXEEPvEEEEE7destroyB8ne180100INS_4pairIKS8_S9_EEvvEEvRSD_PT_
_IcEEEE23TargetDeviceListEntryRXEEPvEEEEE8max_sizeB8ne180100ISD_vEEmRKSD_
_IcEEEE23TargetDeviceListEntryRXEEPvEEEEE9constructB8ne180100INS_4pairIKS8_S9_EEJRKNS_21piecewise_construct_tENS_5tupleI
_IcEEEE24TargetDeviceListEntryARMEEPvEEEEE7destroyB8ne180100INS_4pairIKS8_S9_EEvvEEvRSD_PT_
_IcEEEE24TargetDeviceListEntryARMEEPvEEEEE8max_sizeB8ne180100ISD_vEEmRKSD_
_IcEEEE24TargetDeviceListEntryARMEEPvEEEEE9constructB8ne180100INS_4pairIKS8_S9_EEJRKNS_21piecewise_construct_tENS_5tuple
_IcEEEE24TargetDeviceListEntryT32EEPvEEEEE7destroyB8ne180100INS_4pairIKS8_S9_EEvvEEvRSD_PT_
_IcEEEE24TargetDeviceListEntryT32EEPvEEEEE8max_sizeB8ne180100ISD_vEEmRKSD_
_IcEEEE24TargetDeviceListEntryT32EEPvEEEEE9constructB8ne180100INS_4pairIKS8_S9_EEJRKNS_21piecewise_construct_tENS_5tuple
_IcEEEE25TargetDeviceListEntryRL78EEPvEEEEE7destroyB8ne180100INS_4pairIKS8_S9_EEvvEEvRSD_PT_
_IcEEEE25TargetDeviceListEntryRL78EEPvEEEEE8max_sizeB8ne180100ISD_vEEmRKSD_
_IcEEEE25TargetDeviceListEntryRL78EEPvEEEEE9constructB8ne180100INS_4pairIKS8_S9_EEJRKNS_21piecewise_construct_tENS_5tupl
_IcEEEE26TargetDeviceListEntryE2ARMEEPvEEEEE37select_on_container_copy_constructionB8ne180100ISD_vvEESD_RKSD_
_IcEEEE26TargetDeviceListEntryE2ARMEEPvEEEEE7destroyB8ne180100INS_4pairIKS8_S9_EEvvEEvRSD_PT_
_IcEEEE26TargetDeviceListEntryE2ARMEEPvEEEEE8max_sizeB8ne180100ISD_vEEmRKSD_
_IcEEEE26TargetDeviceListEntryE2ARMEEPvEEEEE9constructB8ne180100INS_4pairIKS8_S9_EEJRKNS_21piecewise_construct_tENS_5tup
_IcEEEE26TargetDeviceListEntryE2ARMEEPvEEEEE9constructB8ne180100INS_4pairIKS8_S9_EEJRKSI_EvEEvRSD_PT_DpOT0_
_IcEEEE26TargetDeviceListEntryRISCVEEPvEEEEE7destroyB8ne180100INS_4pairIKS8_S9_EEvvEEvRSD_PT_
_IcEEEE26TargetDeviceListEntryRISCVEEPvEEEEE8max_sizeB8ne180100ISD_vEEmRKSD_
_IcEEEE26TargetDeviceListEntryRISCVEEPvEEEEE9constructB8ne180100INS_4pairIKS8_S9_EEJRKNS_21piecewise_construct_tENS_5tup
_IcEEEE27TargetDeviceListEntryRCarE2EEPvEEEEE7destroyB8ne180100INS_4pairIKS8_S9_EEvvEEvRSD_PT_
_IcEEEE27TargetDeviceListEntryRCarE2EEPvEEEEE8max_sizeB8ne180100ISD_vEEmRKSD_
_IcEEEE27TargetDeviceListEntryRCarE2EEPvEEEEE9constructB8ne180100INS_4pairIKS8_S9_EEJRKNS_21piecewise_construct_tENS_5tu
__ZNSt3__116allocator_traitsINS_9allocatorINS_11__tree_nodeINS_12__value_typeIjN22T32TargetDevice_Shader9opCodes_tEEEPvE
__ZNSt3__116allocator_traitsINS_9allocatorINS_11__tree_nodeINS_12__value_typeIjN22T32TargetDevice_Shader9opCodes_tEEEPvE
__ZNSt3__116allocator_traitsINS_9allocatorINS_11__tree_nodeINS_12__value_typeIjN22T32TargetDevice_Shader9opCodes_tEEEPvE
__ZNSt3__116allocator_traitsINS_9allocatorINS_11__tree_nodeINS_12__value_typeItP24IPassthroughTargetDeviceEEPvEEEEE7dest
__ZNSt3__116allocator_traitsINS_9allocatorINS_11__tree_nodeINS_12__value_typeItP24IPassthroughTargetDeviceEEPvEEEEE8max_
__ZNSt3__116allocator_traitsINS_9allocatorINS_11__tree_nodeINS_12__value_typeItP24IPassthroughTargetDeviceEEPvEEEEE9cons
__ZNSt3__13mapINS_12basic_stringIcNS_11char_traitsIcEENS_9allocatorIcEEEE26TargetDeviceListEntryE2ARMNS_4lessIS6_EENS4_I
__ZNSt3__13mapIjN22T32TargetDevice_Shader9opCodes_tENS_4lessIjEENS_9allocatorINS_4pairIKjS2_EEEEE7emplaceB8ne180100IJRjS
__ZNSt3__14listI32TargetDeviceListCoreDetailsEntryNS_9allocatorIS1_EEE22__insert_with_sentinelB8ne180100INS_15__list_ite
__ZNSt3__14listI32TargetDeviceListCoreDetailsEntryNS_9allocatorIS1_EEE22__insert_with_sentinelB8ne180100INS_21__list_con
__ZNSt3__14listI32TargetDeviceListCoreDetailsEntryNS_9allocatorIS1_EEE6insertINS_15__list_iteratorIS1_PvEEEES8_NS_21__li
__ZNSt3__14listI32TargetDeviceListCoreDetailsEntryNS_9allocatorIS1_EEE6insertINS_21__list_const_iteratorIS1_PvEEEENS_15_
__ZNSt3__14listI37TargetDeviceListCoreArmExtensionEntryNS_9allocatorIS1_EEE22__insert_with_sentinelB8ne180100INS_15__lis
__ZNSt3__14listI37TargetDeviceListCoreArmExtensionEntryNS_9allocatorIS1_EEE22__insert_with_sentinelB8ne180100INS_21__lis
__ZNSt3__14listI37TargetDeviceListCoreArmExtensionEntryNS_9allocatorIS1_EEE6insertINS_15__list_iteratorIS1_PvEEEES8_NS_2
__ZNSt3__14listI37TargetDeviceListCoreArmExtensionEntryNS_9allocatorIS1_EEE6insertINS_21__list_const_iteratorIS1_PvEEEEN
__ZNSt3__16__treeINS_12__value_typeINS_12basic_stringIcNS_11char_traitsIcEENS_9allocatorIcEEEE23TargetDeviceListEntryRXE
__ZNSt3__16__treeINS_12__value_typeINS_12basic_stringIcNS_11char_traitsIcEENS_9allocatorIcEEEE23TargetDeviceListEntryRXE
__ZNSt3__16__treeINS_12__value_typeINS_12basic_stringIcNS_11char_traitsIcEENS_9allocatorIcEEEE23TargetDeviceListEntryRXE
__ZNSt3__16__treeINS_12__value_typeINS_12basic_stringIcNS_11char_traitsIcEENS_9allocatorIcEEEE23TargetDeviceListEntryRXE
__ZNSt3__16__treeINS_12__value_typeINS_12basic_stringIcNS_11char_traitsIcEENS_9allocatorIcEEEE23TargetDeviceListEntryRXE
__ZNSt3__16__treeINS_12__value_typeINS_12basic_stringIcNS_11char_traitsIcEENS_9allocatorIcEEEE24TargetDeviceListEntryARM
__ZNSt3__16__treeINS_12__value_typeINS_12basic_stringIcNS_11char_traitsIcEENS_9allocatorIcEEEE24TargetDeviceListEntryARM
__ZNSt3__16__treeINS_12__value_typeINS_12basic_stringIcNS_11char_traitsIcEENS_9allocatorIcEEEE24TargetDeviceListEntryARM
__ZNSt3__16__treeINS_12__value_typeINS_12basic_stringIcNS_11char_traitsIcEENS_9allocatorIcEEEE24TargetDeviceListEntryARM
__ZNSt3__16__treeINS_12__value_typeINS_12basic_stringIcNS_11char_traitsIcEENS_9allocatorIcEEEE24TargetDeviceListEntryARM
__ZNSt3__16__treeINS_12__value_typeINS_12basic_stringIcNS_11char_traitsIcEENS_9allocatorIcEEEE24TargetDeviceListEntryT32
__ZNSt3__16__treeINS_12__value_typeINS_12basic_stringIcNS_11char_traitsIcEENS_9allocatorIcEEEE24TargetDeviceListEntryT32
__ZNSt3__16__treeINS_12__value_typeINS_12basic_stringIcNS_11char_traitsIcEENS_9allocatorIcEEEE24TargetDeviceListEntryT32
__ZNSt3__16__treeINS_12__value_typeINS_12basic_stringIcNS_11char_traitsIcEENS_9allocatorIcEEEE24TargetDeviceListEntryT32
__ZNSt3__16__treeINS_12__value_typeINS_12basic_stringIcNS_11char_traitsIcEENS_9allocatorIcEEEE24TargetDeviceListEntryT32
__ZNSt3__16__treeINS_12__value_typeINS_12basic_stringIcNS_11char_traitsIcEENS_9allocatorIcEEEE25TargetDeviceListEntryRL7
__ZNSt3__16__treeINS_12__value_typeINS_12basic_stringIcNS_11char_traitsIcEENS_9allocatorIcEEEE25TargetDeviceListEntryRL7
__ZNSt3__16__treeINS_12__value_typeINS_12basic_stringIcNS_11char_traitsIcEENS_9allocatorIcEEEE25TargetDeviceListEntryRL7
__ZNSt3__16__treeINS_12__value_typeINS_12basic_stringIcNS_11char_traitsIcEENS_9allocatorIcEEEE25TargetDeviceListEntryRL7
__ZNSt3__16__treeINS_12__value_typeINS_12basic_stringIcNS_11char_traitsIcEENS_9allocatorIcEEEE25TargetDeviceListEntryRL7
__ZNSt3__16__treeINS_12__value_typeINS_12basic_stringIcNS_11char_traitsIcEENS_9allocatorIcEEEE26TargetDeviceListEntryE2A
__ZNSt3__16__treeINS_12__value_typeINS_12basic_stringIcNS_11char_traitsIcEENS_9allocatorIcEEEE26TargetDeviceListEntryE2A
__ZNSt3__16__treeINS_12__value_typeINS_12basic_stringIcNS_11char_traitsIcEENS_9allocatorIcEEEE26TargetDeviceListEntryE2A
__ZNSt3__16__treeINS_12__value_typeINS_12basic_stringIcNS_11char_traitsIcEENS_9allocatorIcEEEE26TargetDeviceListEntryE2A
__ZNSt3__16__treeINS_12__value_typeINS_12basic_stringIcNS_11char_traitsIcEENS_9allocatorIcEEEE26TargetDeviceListEntryE2A
__ZNSt3__16__treeINS_12__value_typeINS_12basic_stringIcNS_11char_traitsIcEENS_9allocatorIcEEEE26TargetDeviceListEntryE2A
__ZNSt3__16__treeINS_12__value_typeINS_12basic_stringIcNS_11char_traitsIcEENS_9allocatorIcEEEE26TargetDeviceListEntryE2A
__ZNSt3__16__treeINS_12__value_typeINS_12basic_stringIcNS_11char_traitsIcEENS_9allocatorIcEEEE26TargetDeviceListEntryE2A
__ZNSt3__16__treeINS_12__value_typeINS_12basic_stringIcNS_11char_traitsIcEENS_9allocatorIcEEEE26TargetDeviceListEntryRIS
__ZNSt3__16__treeINS_12__value_typeINS_12basic_stringIcNS_11char_traitsIcEENS_9allocatorIcEEEE26TargetDeviceListEntryRIS
__ZNSt3__16__treeINS_12__value_typeINS_12basic_stringIcNS_11char_traitsIcEENS_9allocatorIcEEEE26TargetDeviceListEntryRIS
__ZNSt3__16__treeINS_12__value_typeINS_12basic_stringIcNS_11char_traitsIcEENS_9allocatorIcEEEE26TargetDeviceListEntryRIS
__ZNSt3__16__treeINS_12__value_typeINS_12basic_stringIcNS_11char_traitsIcEENS_9allocatorIcEEEE26TargetDeviceListEntryRIS
__ZNSt3__16__treeINS_12__value_typeINS_12basic_stringIcNS_11char_traitsIcEENS_9allocatorIcEEEE27TargetDeviceListEntryRCa
__ZNSt3__16__treeINS_12__value_typeINS_12basic_stringIcNS_11char_traitsIcEENS_9allocatorIcEEEE27TargetDeviceListEntryRCa
__ZNSt3__16__treeINS_12__value_typeINS_12basic_stringIcNS_11char_traitsIcEENS_9allocatorIcEEEE27TargetDeviceListEntryRCa
__ZNSt3__16__treeINS_12__value_typeINS_12basic_stringIcNS_11char_traitsIcEENS_9allocatorIcEEEE27TargetDeviceListEntryRCa
__ZNSt3__16__treeINS_12__value_typeINS_12basic_stringIcNS_11char_traitsIcEENS_9allocatorIcEEEE27TargetDeviceListEntryRCa
__ZNSt3__16__treeINS_12__value_typeIjN22T32TargetDevice_Shader9opCodes_tEEENS_19__map_value_compareIjS4_NS_4lessIjEELb1E
__ZNSt3__16__treeINS_12__value_typeIjN22T32TargetDevice_Shader9opCodes_tEEENS_19__map_value_compareIjS4_NS_4lessIjEELb1E
__ZNSt3__16__treeINS_12__value_typeIjN22T32TargetDevice_Shader9opCodes_tEEENS_19__map_value_compareIjS4_NS_4lessIjEELb1E
__ZNSt3__16__treeINS_12__value_typeIjN22T32TargetDevice_Shader9opCodes_tEEENS_19__map_value_compareIjS4_NS_4lessIjEELb1E
__ZNSt3__16__treeINS_12__value_typeIjN22T32TargetDevice_Shader9opCodes_tEEENS_19__map_value_compareIjS4_NS_4lessIjEELb1E
__ZNSt3__16__treeINS_12__value_typeIjN22T32TargetDevice_Shader9opCodes_tEEENS_19__map_value_compareIjS4_NS_4lessIjEELb1E
__ZNSt3__16__treeINS_12__value_typeItP24IPassthroughTargetDeviceEENS_19__map_value_compareItS4_NS_4lessItEELb1EEENS_9all
__ZNSt3__16__treeINS_12__value_typeItP24IPassthroughTargetDeviceEENS_19__map_value_compareItS4_NS_4lessItEELb1EEENS_9all
__ZNSt3__16__treeINS_12__value_typeItP24IPassthroughTargetDeviceEENS_19__map_value_compareItS4_NS_4lessItEELb1EEENS_9all
__ZNSt3__16__treeINS_12__value_typeItP24IPassthroughTargetDeviceEENS_19__map_value_compareItS4_NS_4lessItEELb1EEENS_9all
__ZNSt3__16__treeINS_12__value_typeItP24IPassthroughTargetDeviceEENS_19__map_value_compareItS4_NS_4lessItEELb1EEENS_9all
__ZNSt3__16vectorIN11DeviceEntry7OFSAreaENS_9allocatorIS2_EEE18__assign_with_sizeB8ne180100IPS2_S7_EEvT_T0_l
__ZNSt3__16vectorIN11DeviceEntry7OFSAreaENS_9allocatorIS2_EEE18__construct_at_endIPS2_S7_EEvT_T0_m
__ZNSt3__16vectorIN11DeviceEntry7OFSAreaENS_9allocatorIS2_EEE21__push_back_slow_pathIRKS2_EEPS2_OT_
__ZNSt3__16vectorIN11DeviceEntry7OFSAreaENS_9allocatorIS2_EEE22__construct_one_at_endB8ne180100IJRKS2_EEEvDpOT_
__ZNSt3__16vectorIN11DeviceEntry7OFSAreaENS_9allocatorIS2_EEE6assignIPS2_Li0EEEvT_S8_
__ZNSt3__16vectorIN17E2ARMTargetDevice11CacheMemoryENS_9allocatorIS2_EEE21__push_back_slow_pathIRKS2_EEPS2_OT_
__ZNSt3__16vectorIN17E2ARMTargetDevice11CacheMemoryENS_9allocatorIS2_EEE22__construct_one_at_endB8ne180100IJRKS2_EEEvDpO
__ZNSt3__16vectorIN17E2ARMTargetDevice13CacheRegisterENS_9allocatorIS2_EEE21__push_back_slow_pathIRKS2_EEPS2_OT_
__ZNSt3__16vectorIN17E2ARMTargetDevice13CacheRegisterENS_9allocatorIS2_EEE22__construct_one_at_endB8ne180100IJRKS2_EEEvD
__ZNSt3__16vectorIN18RCarE2TargetDevice13CacheRegisterENS_9allocatorIS2_EEE21__push_back_slow_pathIRKS2_EEPS2_OT_
__ZNSt3__16vectorIN18RCarE2TargetDevice13CacheRegisterENS_9allocatorIS2_EEE22__construct_one_at_endB8ne180100IJRKS2_EEEv
__ZNSt3__16vectorIN19E2RISCVTargetDevice11CacheMemoryENS_9allocatorIS2_EEE21__push_back_slow_pathIRKS2_EEPS2_OT_
__ZNSt3__16vectorIN19E2RISCVTargetDevice11CacheMemoryENS_9allocatorIS2_EEE22__construct_one_at_endB8ne180100IJRKS2_EEEvD
__ZNSt3__16vectorIN19E2RISCVTargetDevice13CacheRegisterENS_9allocatorIS2_EEE21__push_back_slow_pathIRKS2_EEPS2_OT_
__ZNSt3__16vectorIN19E2RISCVTargetDevice13CacheRegisterENS_9allocatorIS2_EEE22__construct_one_at_endB8ne180100IJRKS2_EEE
__ZNSt3__16vectorIN24TargetDeviceListEntryT327OFSAreaENS_9allocatorIS2_EEE18__assign_with_sizeB8ne180100IPS2_S7_EEvT_T0_
__ZNSt3__16vectorIN24TargetDeviceListEntryT327OFSAreaENS_9allocatorIS2_EEE18__construct_at_endIPS2_S7_EEvT_T0_m
__ZNSt3__16vectorIN24TargetDeviceListEntryT327OFSAreaENS_9allocatorIS2_EEE21__push_back_slow_pathIRKS2_EEPS2_OT_
__ZNSt3__16vectorIN24TargetDeviceListEntryT327OFSAreaENS_9allocatorIS2_EEE22__construct_one_at_endB8ne180100IJRKS2_EEEvD
__ZNSt3__16vectorIN24TargetDeviceListEntryT327OFSAreaENS_9allocatorIS2_EEE6assignIPS2_Li0EEEvT_S8_
__ZNSt3__19allocatorIN11DeviceEntry7OFSAreaEE9constructB8ne180100IS2_JRKS2_EEEvPT_DpOT0_
__ZNSt3__19allocatorIN11DeviceEntry7OFSAreaEE9constructB8ne180100IS2_JRS2_EEEvPT_DpOT0_
__ZNSt3__19allocatorIN11DeviceEntry7OFSAreaEE9constructB8ne180100IS2_JS2_EEEvPT_DpOT0_
__ZNSt3__19allocatorIN17E2ARMTargetDevice11CacheMemoryEE9constructB8ne180100IS2_JRKS2_EEEvPT_DpOT0_
__ZNSt3__19allocatorIN17E2ARMTargetDevice13CacheRegisterEE9constructB8ne180100IS2_JRKS2_EEEvPT_DpOT0_
__ZNSt3__19allocatorIN17E2ARMTargetDevice13CacheRegisterEE9constructB8ne180100IS2_JS2_EEEvPT_DpOT0_
__ZNSt3__19allocatorIN18RCarE2TargetDevice13CacheRegisterEE9constructB8ne180100IS2_JRKS2_EEEvPT_DpOT0_
__ZNSt3__19allocatorIN18RCarE2TargetDevice13CacheRegisterEE9constructB8ne180100IS2_JS2_EEEvPT_DpOT0_
__ZNSt3__19allocatorIN19E2RISCVTargetDevice11CacheMemoryEE9constructB8ne180100IS2_JRKS2_EEEvPT_DpOT0_
__ZNSt3__19allocatorIN19E2RISCVTargetDevice13CacheRegisterEE9constructB8ne180100IS2_JRKS2_EEEvPT_DpOT0_
__ZNSt3__19allocatorIN19E2RISCVTargetDevice13CacheRegisterEE9constructB8ne180100IS2_JS2_EEEvPT_DpOT0_
__ZNSt3__19allocatorIN24TargetDeviceListEntryT327OFSAreaEE9constructB8ne180100IS2_JRKS2_EEEvPT_DpOT0_
__ZNSt3__19allocatorIN24TargetDeviceListEntryT327OFSAreaEE9constructB8ne180100IS2_JRS2_EEEvPT_DpOT0_
__ZNSt3__19allocatorIN24TargetDeviceListEntryT327OFSAreaEE9constructB8ne180100IS2_JS2_EEEvPT_DpOT0_
__ZNSt3__19allocatorINS_11__list_nodeI32TargetDeviceListCoreDetailsEntryPvEEE9constructB8ne180100IS2_JRKS2_EEEvPT_DpOT0_
__ZNSt3__19allocatorINS_11__list_nodeI32TargetDeviceListCoreDetailsEntryPvEEE9constructB8ne180100IS2_JRS2_EEEvPT_DpOT0_
__ZNSt3__19allocatorINS_11__list_nodeI32TargetDeviceListCoreDetailsEntryPvEEE9constructB8ne180100IS2_JS2_EEEvPT_DpOT0_
__ZNSt3__19allocatorINS_11__list_nodeI37TargetDeviceListCoreArmExtensionEntryPvEEE9constructB8ne180100IS2_JRKS2_EEEvPT_D
__ZNSt3__19allocatorINS_11__list_nodeI37TargetDeviceListCoreArmExtensionEntryPvEEE9constructB8ne180100IS2_JRS2_EEEvPT_Dp
__ZNSt3__19allocatorINS_11__list_nodeI37TargetDeviceListCoreArmExtensionEntryPvEEE9constructB8ne180100IS2_JS2_EEEvPT_DpO
__ZNSt3__19allocatorINS_11__list_nodeIP12TargetDevicePvEEE9constructB8ne180100IS3_JRKS3_EEEvPT_DpOT0_
__ZNSt3__19allocatorINS_11__list_nodeIP12TargetDevicePvEEE9constructB8ne180100IS3_JS3_EEEvPT_DpOT0_
__ZNSt3__19allocatorINS_11__list_nodeIP19T32TargetDeviceCorePvEEE9constructB8ne180100IS3_JRKS3_EEEvPT_DpOT0_
__ZNSt3__19allocatorINS_11__list_nodeIP21E2ARMTargetDeviceCorePvEEE9constructB8ne180100IS3_JRKS3_EEEvPT_DpOT0_
__ZNSt3__19allocatorINS_11__tree_nodeINS_12__value_typeINS_12basic_stringIcNS_11char_traitsIcEENS0_IcEEEE23TargetDeviceL
__ZNSt3__19allocatorINS_11__tree_nodeINS_12__value_typeINS_12basic_stringIcNS_11char_traitsIcEENS0_IcEEEE24TargetDeviceL
__ZNSt3__19allocatorINS_11__tree_nodeINS_12__value_typeINS_12basic_stringIcNS_11char_traitsIcEENS0_IcEEEE24TargetDeviceL
__ZNSt3__19allocatorINS_11__tree_nodeINS_12__value_typeINS_12basic_stringIcNS_11char_traitsIcEENS0_IcEEEE25TargetDeviceL
__ZNSt3__19allocatorINS_11__tree_nodeINS_12__value_typeINS_12basic_stringIcNS_11char_traitsIcEENS0_IcEEEE26TargetDeviceL
__ZNSt3__19allocatorINS_11__tree_nodeINS_12__value_typeINS_12basic_stringIcNS_11char_traitsIcEENS0_IcEEEE26TargetDeviceL
__ZNSt3__19allocatorINS_11__tree_nodeINS_12__value_typeINS_12basic_stringIcNS_11char_traitsIcEENS0_IcEEEE26TargetDeviceL
__ZNSt3__19allocatorINS_11__tree_nodeINS_12__value_typeINS_12basic_stringIcNS_11char_traitsIcEENS0_IcEEEE27TargetDeviceL
__ZNSt3__19allocatorINS_11__tree_nodeINS_12__value_typeIjN22T32TargetDevice_Shader9opCodes_tEEEPvEEE9constructB8ne180100
__ZNSt3__19allocatorINS_11__tree_nodeINS_12__value_typeItP24IPassthroughTargetDeviceEEPvEEE9constructB8ne180100INS_4pair
__ZTC26E1RL78TargetDeviceMC_SDMA10_24E1RL78TargetDeviceMC_CPU
__ZTC26E2RL78TargetDeviceMC_SDMA10_24E1RL78TargetDeviceMC_CPU
__ZTC26E2RL78TargetDeviceMC_SDMA10_26E1RL78TargetDeviceMC_SDMA1
__ZTC26E2RL78TargetDeviceMC_SDMA140_18E2RL78TargetDevice
__ZTI12TargetDevice
__ZTI14PZTargetDevice
__ZTI14RxTargetDevice
__ZTI14TZTargetDevice
__ZTI14TargetDevice64
__ZTI15ARMTargetDevice
__ZTI15DspTargetDevice
__ZTI15T32TargetDevice
__ZTI16E1RxTargetDevice
__ZTI16E2RxTargetDevice
__ZTI16EZRxTargetDevice
__ZTI16ExecTargetDevice
__ZTI16RL78TargetDevice
__ZTI17E2ARMTargetDevice
__ZTI17RA8TZTargetDevice
__ZTI17RH850TargetDevice
__ZTI17RxDspTargetDevice
__ZTI18ARMDspTargetDevice
__ZTI18E1RL78TargetDevice
__ZTI18E2RL78TargetDevice
__ZTI18EnewTZTargetDevice
__ZTI18RCarE2TargetDevice
__ZTI18RxTargetDeviceCore
__ZTI18StarTZTargetDevice
__ZTI18T32TargetDeviceCPU
__ZTI19ARMTargetDeviceCore
__ZTI19E2RISCVTargetDevice
__ZTI19OtherTZTargetDevice
__ZTI19RA6B1TZTargetDevice
__ZTI19RA8x2TZTargetDevice
__ZTI19RL78DspTargetDevice
__ZTI19RX74MPZTargetDevice
__ZTI19T32TargetDeviceCore
__ZTI19TargetDeviceNonExec
__ZTI20RL78TargetDeviceCore
__ZTI20RxTargetDeviceCoreV2
__ZTI20RxTargetDeviceCoreV3
__ZTI20RxTargetDeviceMC_CPU
__ZTI20SeggerRxTargetDevice
__ZTI21ARMTargetDeviceMC_CPU
__ZTI21E2ARMTargetDeviceCore
__ZTI21RH850TargetDeviceCore
__ZTI22ARMR8TargetDeviceNoVFP
__ZTI22E1RxTargetDeviceMC_6Z4
__ZTI22E1RxTargetDeviceMC_BPM
__ZTI22E1RxTargetDeviceMC_CPU
__ZTI22JLinkRISCVTargetDevice
__ZTI22RA8x2SiPTZTargetDevice
__ZTI22RCarE2TargetDeviceCore
__ZTI22RH850TargetDeviceMCF1H
__ZTI22RL78DspTargetDeviceFAA
__ZTI22RL78TargetDeviceCoreS1
__ZTI22RL78TargetDeviceCoreS2
__ZTI22RL78TargetDeviceCoreS3
__ZTI22RxTargetDeviceMC_Type1
__ZTI22T32TargetDevice_Shader
__ZTI23ARMTargetDeviceMC_BRAVO
__ZTI23E2ARMTargetDeviceMC_CPU
__ZTI23PassthroughTargetDevice
__ZTI23RH850TargetDeviceCoreG3
__ZTI23RH850TargetDeviceCoreG4
__ZTI23RH850TargetDeviceMC_CPU
__ZTI23RISCVTargetDeviceCommon
__ZTI23TargetDeviceListEntryRX
__ZTI23TargetDeviceListMCEntry
__ZTI23TargetDeviceListManager
__ZTI24ARMR4TargetDeviceWithVFP
__ZTI24ARMTargetDeviceCoreSight
__ZTI24E1RL78TargetDeviceMC_CPU
__ZTI24RCarE2TargetDeviceMC_CPU
__ZTI24RxDspTargetDeviceMTD_INP
__ZTI24T32TargetDevice_CORTEXR7
__ZTI24TargetDeviceListEntryARM
__ZTI24TargetDeviceShaderThread
__ZTI24TrustZoneDeviceListEntry
__ZTI25ARMTargetDeviceCoreM0Plus
__ZTI25RxDspTargetDeviceMTD_OUTP
__ZTI25RxDspTargetDeviceMTD_SENS
__ZTI25T32TargetDevice_CORTEXA53
__ZTI25T32TargetDevice_CORTEXA55
__ZTI25T32TargetDevice_CORTEXA57
__ZTI25T32TargetDevice_CORTEXA76
__ZTI25T32TargetDevice_CORTEXR52
__ZTI25TargetDeviceListManagerRX
__ZTI25TargetDeviceShaderThread0
__ZTI25TargetDeviceShaderThread1
__ZTI26ARMPassthroughTargetDevice
__ZTI26E1RL78TargetDeviceMC_SDMA1
__ZTI26E2RL78TargetDeviceMC_SDMA1
__ZTI26ProtectZoneDeviceListEntry
__ZTI26SimPassthroughTargetDevice
__ZTI26TargetDeviceListEntryE2ARM
__ZTI26TargetDeviceListEntryRISCV
__ZTI26TargetDeviceListManagerARM
__ZTI26TargetDeviceListManagerT32
__ZTI27ARMDspTargetDeviceGREEN_DSP
__ZTI27TargetDeviceListEntryRCarE2
__ZTI27TargetDeviceListManagerRL78
__ZTI28RL78DspTargetDeviceGREEN_DSP
__ZTI28TargetDeviceListManagerE2ARM
__ZTI28TargetDeviceListManagerRISCV
__ZTI29ShaderPassthroughTargetDevice
__ZTI29T32TargetDevice_CORTEXASeries
__ZTI29TargetDeviceListManagerRCarE2
__ZTI30ARMTargetDeviceWithSemiHosting
__ZTI33RCarPassthroughTargetDeviceHolder
__ZTS12TargetDevice
__ZTS14PZTargetDevice
__ZTS14RxTargetDevice
__ZTS14TZTargetDevice
__ZTS14TargetDevice64
__ZTS15ARMTargetDevice
__ZTS15DspTargetDevice
__ZTS15T32TargetDevice
__ZTS16E1RxTargetDevice
__ZTS16E2RxTargetDevice
__ZTS16EZRxTargetDevice
__ZTS16ExecTargetDevice
__ZTS16RL78TargetDevice
__ZTS17E2ARMTargetDevice
__ZTS17RA8TZTargetDevice
__ZTS17RH850TargetDevice
__ZTS17RxDspTargetDevice
__ZTS18ARMDspTargetDevice
__ZTS18E1RL78TargetDevice
__ZTS18E2RL78TargetDevice
__ZTS18EnewTZTargetDevice
__ZTS18RCarE2TargetDevice
__ZTS18RxTargetDeviceCore
__ZTS18StarTZTargetDevice
__ZTS18T32TargetDeviceCPU
__ZTS19ARMTargetDeviceCore
__ZTS19E2RISCVTargetDevice
__ZTS19OtherTZTargetDevice
__ZTS19RA6B1TZTargetDevice
__ZTS19RA8x2TZTargetDevice
__ZTS19RL78DspTargetDevice
__ZTS19RX74MPZTargetDevice
__ZTS19T32TargetDeviceCore
__ZTS19TargetDeviceNonExec
__ZTS20RL78TargetDeviceCore
__ZTS20RxTargetDeviceCoreV2
__ZTS20RxTargetDeviceCoreV3
__ZTS20RxTargetDeviceMC_CPU
__ZTS20SeggerRxTargetDevice
__ZTS21ARMTargetDeviceMC_CPU
__ZTS21E2ARMTargetDeviceCore
__ZTS21RH850TargetDeviceCore
__ZTS22ARMR8TargetDeviceNoVFP
__ZTS22E1RxTargetDeviceMC_6Z4
__ZTS22E1RxTargetDeviceMC_BPM
__ZTS22E1RxTargetDeviceMC_CPU
__ZTS22JLinkRISCVTargetDevice
__ZTS22RA8x2SiPTZTargetDevice
__ZTS22RCarE2TargetDeviceCore
__ZTS22RH850TargetDeviceMCF1H
__ZTS22RL78DspTargetDeviceFAA
__ZTS22RL78TargetDeviceCoreS1
__ZTS22RL78TargetDeviceCoreS2
__ZTS22RL78TargetDeviceCoreS3
__ZTS22RxTargetDeviceMC_Type1
__ZTS22T32TargetDevice_Shader
__ZTS23ARMTargetDeviceMC_BRAVO
__ZTS23E2ARMTargetDeviceMC_CPU
__ZTS23PassthroughTargetDevice
__ZTS23RH850TargetDeviceCoreG3
__ZTS23RH850TargetDeviceCoreG4
__ZTS23RH850TargetDeviceMC_CPU
__ZTS23RISCVTargetDeviceCommon
__ZTS23TargetDeviceListEntryRX
__ZTS23TargetDeviceListMCEntry
__ZTS23TargetDeviceListManager
__ZTS24ARMR4TargetDeviceWithVFP
__ZTS24ARMTargetDeviceCoreSight
__ZTS24E1RL78TargetDeviceMC_CPU
__ZTS24RCarE2TargetDeviceMC_CPU
__ZTS24RxDspTargetDeviceMTD_INP
__ZTS24T32TargetDevice_CORTEXR7
__ZTS24TargetDeviceListEntryARM
__ZTS24TargetDeviceShaderThread
__ZTS24TrustZoneDeviceListEntry
__ZTS25ARMTargetDeviceCoreM0Plus
__ZTS25RxDspTargetDeviceMTD_OUTP
__ZTS25RxDspTargetDeviceMTD_SENS
__ZTS25T32TargetDevice_CORTEXA53
__ZTS25T32TargetDevice_CORTEXA55
__ZTS25T32TargetDevice_CORTEXA57
__ZTS25T32TargetDevice_CORTEXA76
__ZTS25T32TargetDevice_CORTEXR52
__ZTS25TargetDeviceListManagerRX
__ZTS25TargetDeviceShaderThread0
__ZTS25TargetDeviceShaderThread1
__ZTS26ARMPassthroughTargetDevice
__ZTS26E1RL78TargetDeviceMC_SDMA1
__ZTS26E2RL78TargetDeviceMC_SDMA1
__ZTS26ProtectZoneDeviceListEntry
__ZTS26SimPassthroughTargetDevice
__ZTS26TargetDeviceListEntryE2ARM
__ZTS26TargetDeviceListEntryRISCV
__ZTS26TargetDeviceListManagerARM
__ZTS26TargetDeviceListManagerT32
__ZTS27ARMDspTargetDeviceGREEN_DSP
__ZTS27TargetDeviceListEntryRCarE2
__ZTS27TargetDeviceListManagerRL78
__ZTS28RL78DspTargetDeviceGREEN_DSP
__ZTS28TargetDeviceListManagerE2ARM
__ZTS28TargetDeviceListManagerRISCV
__ZTS29ShaderPassthroughTargetDevice
__ZTS29T32TargetDevice_CORTEXASeries
__ZTS29TargetDeviceListManagerRCarE2
__ZTS30ARMTargetDeviceWithSemiHosting
__ZTS33RCarPassthroughTargetDeviceHolder
__ZTT18E2RL78TargetDevice
__ZTT24E1RL78TargetDeviceMC_CPU
__ZTT26E1RL78TargetDeviceMC_SDMA1
__ZTT26E2RL78TargetDeviceMC_SDMA1
__ZTV12TargetDevice
__ZTV14PZTargetDevice
__ZTV14RxTargetDevice
__ZTV14TZTargetDevice
__ZTV14TargetDevice64
__ZTV15ARMTargetDevice
__ZTV15DspTargetDevice
__ZTV15T32TargetDevice
__ZTV16E1RxTargetDevice
__ZTV16E2RxTargetDevice
__ZTV16EZRxTargetDevice
__ZTV16ExecTargetDevice
__ZTV16RL78TargetDevice
__ZTV17E2ARMTargetDevice
__ZTV17RA8TZTargetDevice
__ZTV17RH850TargetDevice
__ZTV17RxDspTargetDevice
__ZTV18ARMDspTargetDevice
__ZTV18E1RL78TargetDevice
__ZTV18E2RL78TargetDevice
__ZTV18EnewTZTargetDevice
__ZTV18RCarE2TargetDevice
__ZTV18RxTargetDeviceCore
__ZTV18StarTZTargetDevice
__ZTV18T32TargetDeviceCPU
__ZTV19ARMTargetDeviceCore
__ZTV19E2RISCVTargetDevice
__ZTV19OtherTZTargetDevice
__ZTV19RA6B1TZTargetDevice
__ZTV19RA8x2TZTargetDevice
__ZTV19RL78DspTargetDevice
__ZTV19RX74MPZTargetDevice
__ZTV19T32TargetDeviceCore
__ZTV19TargetDeviceNonExec
__ZTV20RL78TargetDeviceCore
__ZTV20RxTargetDeviceCoreV2
__ZTV20RxTargetDeviceCoreV3
__ZTV20RxTargetDeviceMC_CPU
__ZTV20SeggerRxTargetDevice
__ZTV21ARMTargetDeviceMC_CPU
__ZTV21E2ARMTargetDeviceCore
__ZTV21RH850TargetDeviceCore
__ZTV22ARMR8TargetDeviceNoVFP
__ZTV22E1RxTargetDeviceMC_6Z4
__ZTV22E1RxTargetDeviceMC_BPM
__ZTV22E1RxTargetDeviceMC_CPU
__ZTV22JLinkRISCVTargetDevice
__ZTV22RA8x2SiPTZTargetDevice
__ZTV22RCarE2TargetDeviceCore
__ZTV22RH850TargetDeviceMCF1H
__ZTV22RL78DspTargetDeviceFAA
__ZTV22RL78TargetDeviceCoreS1
__ZTV22RL78TargetDeviceCoreS2
__ZTV22RL78TargetDeviceCoreS3
__ZTV22RxTargetDeviceMC_Type1
__ZTV22T32TargetDevice_Shader
__ZTV23ARMTargetDeviceMC_BRAVO
__ZTV23E2ARMTargetDeviceMC_CPU
__ZTV23PassthroughTargetDevice
__ZTV23RH850TargetDeviceCoreG3
__ZTV23RH850TargetDeviceCoreG4
__ZTV23RH850TargetDeviceMC_CPU
__ZTV23RISCVTargetDeviceCommon
__ZTV23TargetDeviceListEntryRX
__ZTV23TargetDeviceListMCEntry
__ZTV23TargetDeviceListManager
__ZTV24ARMR4TargetDeviceWithVFP
__ZTV24ARMTargetDeviceCoreSight
__ZTV24E1RL78TargetDeviceMC_CPU
__ZTV24RCarE2TargetDeviceMC_CPU
__ZTV24RxDspTargetDeviceMTD_INP
__ZTV24T32TargetDevice_CORTEXR7
__ZTV24TargetDeviceListEntryARM
__ZTV24TargetDeviceShaderThread
__ZTV24TrustZoneDeviceListEntry
__ZTV25ARMTargetDeviceCoreM0Plus
__ZTV25RxDspTargetDeviceMTD_OUTP
__ZTV25RxDspTargetDeviceMTD_SENS
__ZTV25T32TargetDevice_CORTEXA53
__ZTV25T32TargetDevice_CORTEXA55
__ZTV25T32TargetDevice_CORTEXA57
__ZTV25T32TargetDevice_CORTEXA76
__ZTV25T32TargetDevice_CORTEXR52
__ZTV25TargetDeviceListManagerRX
__ZTV25TargetDeviceShaderThread0
__ZTV25TargetDeviceShaderThread1
__ZTV26ARMPassthroughTargetDevice
__ZTV26E1RL78TargetDeviceMC_SDMA1
__ZTV26E2RL78TargetDeviceMC_SDMA1
__ZTV26ProtectZoneDeviceListEntry
__ZTV26SimPassthroughTargetDevice
__ZTV26TargetDeviceListEntryE2ARM
__ZTV26TargetDeviceListEntryRISCV
__ZTV26TargetDeviceListManagerARM
__ZTV26TargetDeviceListManagerT32
__ZTV27ARMDspTargetDeviceGREEN_DSP
__ZTV27TargetDeviceListEntryRCarE2
__ZTV27TargetDeviceListManagerRL78
__ZTV28RL78DspTargetDeviceGREEN_DSP
__ZTV28TargetDeviceListManagerE2ARM
__ZTV28TargetDeviceListManagerRISCV
__ZTV29ShaderPassthroughTargetDevice
__ZTV29T32TargetDevice_CORTEXASeries
__ZTV29TargetDeviceListManagerRCarE2
__ZTV30ARMTargetDeviceWithSemiHosting
__ZTV33RCarPassthroughTargetDeviceHolder
__ZThn1208_N33RCarPassthroughTargetDeviceHolder13setDTASettingEP17SetDTASettingInfo
__ZThn1208_N33RCarPassthroughTargetDeviceHolder13setDTASettingEPKcS1_Rj
__ZThn1208_N33RCarPassthroughTargetDeviceHolder13setETMSettingEPKcS1_S1_Rj
__ZThn1208_N33RCarPassthroughTargetDeviceHolder15queryDTASettingEPKc
__ZThn1208_N33RCarPassthroughTargetDeviceHolder15queryETMSettingEPKcS1_
__ZThn1208_N33RCarPassthroughTargetDeviceHolder17queryDTAEventDescEv
__ZThn1208_N33RCarPassthroughTargetDeviceHolder18doBusMonitorActionEPKcRjRNSt3__112basic_stringIcNS3_11char_traitsIcEENS
__ZThn1208_N33RCarPassthroughTargetDeviceHolder20setBusMonitorSettingEPKcRNSt3__112basic_stringIcNS2_11char_traitsIcEENS
__ZThn152_N24TargetDeviceListEntryARM10hasComBootEv
__ZThn152_N24TargetDeviceListEntryARM10isCM85CoreEv
__ZThn152_N24TargetDeviceListEntryARM11hasJtagBootEv
__ZThn152_N24TargetDeviceListEntryARM12hasTrustZoneEv
__ZThn152_N24TargetDeviceListEntryARM22getVectorAddressByNameEbRKNSt3__112basic_stringIcNS0_11char_traitsIcEENS0_9alloca
__ZThn152_N24TargetDeviceListEntryARM24addVectorAddressRegisterEbRKyRKjRKNSt3__112basic_stringIcNS4_11char_traitsIcEENS4
__ZThn152_N24TargetDeviceListEntryARMD0Ev
__ZThn152_N24TargetDeviceListEntryARMD1Ev
__ZThn152_N26TargetDeviceListEntryE2ARM10isCM85CoreEv
__ZThn152_N26TargetDeviceListEntryE2ARM11hasJtagBootEv
__ZThn152_N26TargetDeviceListEntryE2ARM12hasTrustZoneEv
__ZThn152_N26TargetDeviceListEntryE2ARM22getVectorAddressByNameEbRKNSt3__112basic_stringIcNS0_11char_traitsIcEENS0_9allo
__ZThn152_N26TargetDeviceListEntryE2ARM24addVectorAddressRegisterEbRKyRKjRKNSt3__112basic_stringIcNS4_11char_traitsIcEEN
__ZThn152_N26TargetDeviceListEntryE2ARMD0Ev
__ZThn152_N26TargetDeviceListEntryE2ARMD1Ev
__ZThn1552_N17RH850TargetDevice13setDTASettingEPKcS1_Rj
__ZThn1552_N21RH850TargetDeviceCore13setDTASettingEPKcS1_Rj
__ZThn1552_N23RH850TargetDeviceMC_CPU13setDTASettingEPKcS1_Rj
__ZThn1560_N24RCarE2TargetDeviceMC_CPU13setETMSettingEPKcS1_S1_Rj
__ZThn160_N23TargetDeviceListEntryRX19getMonitorRegistersEv
__ZThn160_N24TargetDeviceListEntryARMD0Ev
__ZThn160_N24TargetDeviceListEntryARMD1Ev
__ZThn160_N26TargetDeviceListEntryE2ARM19getMonitorRegistersEv
__ZThn160_N26TargetDeviceListEntryE2ARMD0Ev
__ZThn160_N26TargetDeviceListEntryE2ARMD1Ev
__ZThn1616_N18T32TargetDeviceCPU13setDTASettingEPKcS1_Rj
__ZThn1616_N18T32TargetDeviceCPU13setETMSettingEPKcS1_S1_Rj
__ZThn1616_N18T32TargetDeviceCPU15queryDTASettingEPKc
__ZThn1616_N18T32TargetDeviceCPU15queryETMSettingEPKcS1_
__ZThn1616_N18T32TargetDeviceCPU17queryDTAEventDescEv
__ZThn1616_N18T32TargetDeviceCPU18doBusMonitorActionEPKcRjRNSt3__112basic_stringIcNS3_11char_traitsIcEENS3_9allocatorIcE
__ZThn1616_N18T32TargetDeviceCPU20setBusMonitorSettingEPKcRNSt3__112basic_stringIcNS2_11char_traitsIcEENS2_9allocatorIcE
__ZThn16_N14TargetDevice6428reportMonitoredMemoryReads64EyyPh
__ZThn16_N14TargetDevice6429reportMonitoredMemoryWrites64EyyPh
__ZThn16_N14TargetDevice647getPC64ERy
__ZThn248_N12TargetDevice17simulatedIOEnableEv
__ZThn248_N12TargetDevice18getSimulatedIOPipeEv
__ZThn248_N12TargetDevice18setSimulatedIOPipeE11eSIMIO_PIPE
__ZThn248_N12TargetDevice18simulatedIODisableEv
__ZThn248_N12TargetDevice22isSimulatedIOSupportedEv
__ZThn248_N12TargetDevice22simulatedIOClearBufferEv
__ZThn248_N12TargetDevice23simulatedIOSetInputDataEjPh
__ZThn248_N12TargetDevice24simulatedIOGetOutputDataEjPhRj
__ZThn248_N14RxTargetDevice22simulatedIOClearBufferEv
__ZThn248_N14RxTargetDevice23simulatedIOSetInputDataEjPh
__ZThn248_N16ExecTargetDevice22isSimulatedIOSupportedEv
__ZThn248_N18RxTargetDeviceCore22simulatedIOClearBufferEv
__ZThn248_N18RxTargetDeviceCore23simulatedIOSetInputDataEjPh
__ZThn248_N19TargetDeviceNonExec17simulatedIOEnableEv
__ZThn248_N19TargetDeviceNonExec18simulatedIODisableEv
__ZThn248_N19TargetDeviceNonExec22isSimulatedIOSupportedEv
__ZThn248_N19TargetDeviceNonExec22simulatedIOClearBufferEv
__ZThn248_N19TargetDeviceNonExec23simulatedIOSetInputDataEjPh
__ZThn248_N19TargetDeviceNonExec24simulatedIOGetOutputDataEjPhRj
__ZThn248_N22E1RxTargetDeviceMC_CPU22simulatedIOClearBufferEv
__ZThn248_N22E1RxTargetDeviceMC_CPU23simulatedIOSetInputDataEjPh
__ZThn248_N30ARMTargetDeviceWithSemiHosting17simulatedIOEnableEv
__ZThn248_N30ARMTargetDeviceWithSemiHosting18simulatedIODisableEv
__ZThn248_N30ARMTargetDeviceWithSemiHosting23simulatedIOSetInputDataEjPh
__ZThn248_N30ARMTargetDeviceWithSemiHosting24simulatedIOGetOutputDataEjPhRj
__ZThn40_N26E2RL78TargetDeviceMC_SDMA111isSupportedEPKcS1_
__ZThn40_N26E2RL78TargetDeviceMC_SDMA115startConnectionEv
__ZThn40_N26E2RL78TargetDeviceMC_SDMA1D0Ev
__ZThn40_N26E2RL78TargetDeviceMC_SDMA1D1Ev
__ZThn8_N12TargetDevice15getParentThreadEv
__ZThn8_N12TargetDevice16initialiseThreadEv
__ZThn8_N12TargetDevice20registerThreadObjectEv
__ZThn8_N12TargetDevice21registerThreadWithGDBER12MulticoreGDB
__ZThn8_N12TargetDevice25isThreadRegisteredWithGDBEv
__ZThn8_N12TargetDevice26setThreadRegisteredWithGDBEv
__ZThn8_N12TargetDevice9setParentEP13ITargetThread
__ZThn8_N24TrustZoneDeviceListEntryD0Ev
__ZThn8_N24TrustZoneDeviceListEntryD1Ev
__ZThn8_N25TargetDeviceShaderThread113getThreadNameEv
__ZThn8_N25TargetDeviceShaderThread116initialiseThreadEv
__ZThn8_N25TargetDeviceShaderThread120registerThreadObjectEv
__ZThn8_N25TargetDeviceShaderThread121registerThreadWithGDBER12MulticoreGDB
__ZThn8_N26ProtectZoneDeviceListEntryD0Ev
__ZThn8_N26ProtectZoneDeviceListEntryD1Ev
__ZTv0_n1208_N18E2RL78TargetDevice39isCurrentConsumptionMonitoringSupportedEv
__ZTv0_n120_N18E2RL78TargetDevice12deInitialiseEv
__ZTv0_n1216_N18E2RL78TargetDevice31monitorCurrentConsumptionEnableEb
__ZTv0_n1224_N18E2RL78TargetDevice21getCurrentConsumptionEjRyRNSt3__14listI9UIntFloatNS1_9allocatorIS3_EEEE
__ZTv0_n1232_N18E2RL78TargetDevice32getCurrentConsumptionModuleCountEv
__ZTv0_n1240_N18E2RL78TargetDevice31getCurrentConsumptionModuleNameEjRNSt3__112basic_stringIcNS0_11char_traitsIcEENS0_9a
__ZTv0_n1248_N18E2RL78TargetDevice31getCurrentConsumptionStatisticsERfS0_
__ZTv0_n1256_N18E2RL78TargetDevice31getCurrentConsumptionFrameCountEv
__ZTv0_n1264_N18E2RL78TargetDevice27clearCurrentConsumptionDataEv
__ZTv0_n1272_N18E2RL78TargetDevice41getCurrentConsumptionTimestampRangeByTypeE18TimestampRangeTypeRyS1_
__ZTv0_n1280_N18E2RL78TargetDevice27getCurrentConsumptionResultEyyiRmRyPvm
__ZTv0_n1288_N18E2RL78TargetDevice21setCurrentMonitorModeE18CurrentMonitorMode
__ZTv0_n1296_N18E2RL78TargetDevice21getCurrentMonitorModeER18CurrentMonitorMode
__ZTv0_n1304_N18E2RL78TargetDevice29setCurrentMonitorSamplingModeE26CurrentMonitorSamplingModej
__ZTv0_n1312_N18E2RL78TargetDevice29getCurrentMonitorSamplingModeER26CurrentMonitorSamplingModeRj
__ZTv0_n1320_N18E2RL78TargetDevice23getMaxCountMonitorPointEv
__ZTv0_n1328_N18E2RL78TargetDevice15setMonitorPointEiy
__ZTv0_n1336_N18E2RL78TargetDevice21getMonitorPointResultEyyiRmRyPvm
__ZTv0_n1344_N18E2RL78TargetDevice17clearMonitorPointEi
__ZTv0_n1352_N18E2RL78TargetDevice32prepareCurrentMonitorMeasurementEb
__ZTv0_n1360_N18E2RL78TargetDevice31finishCurrentMonitorMeasurementEv
__ZTv0_n1368_N18E2RL78TargetDevice19setTriggerConditionE20CurrentThresholdTypeyy21CurrentDetectionWidthyy17CurrentAction
__ZTv0_n136_N26E1RL78TargetDeviceMC_SDMA121configurationCompleteEv
__ZTv0_n1376_N18E2RL78TargetDevice30setCurrentAcquisitionConditionE22CurrentAcquisitionTerm17CurrentSignalType22External
__ZTv0_n1384_N18E2RL78TargetDevice26setExternalTriggerForBreakEi22TriggerInputDetectTypeitR20TriggerSettingStatus
__ZTv0_n160_N24E1RL78TargetDeviceMC_CPU22startDownloadOnConnectENSt3__14listINS0_12basic_stringIcNS0_11char_traitsIcEENS
__ZTv0_n1680_N18E2RL78TargetDevice19changeSupplyVoltageEhRNSt3__112basic_stringIwNS0_11char_traitsIwEENS0_9allocatorIwEE
__ZTv0_n1800_N18E2RL78TargetDeviceD0Ev
__ZTv0_n1800_N18E2RL78TargetDeviceD1Ev
__ZTv0_n1800_N24E1RL78TargetDeviceMC_CPUD0Ev
__ZTv0_n1800_N24E1RL78TargetDeviceMC_CPUD1Ev
__ZTv0_n1800_N26E1RL78TargetDeviceMC_SDMA1D0Ev
__ZTv0_n1800_N26E1RL78TargetDeviceMC_SDMA1D1Ev
__ZTv0_n1800_N26E2RL78TargetDeviceMC_SDMA1D0Ev
__ZTv0_n1800_N26E2RL78TargetDeviceMC_SDMA1D1Ev
__ZTv0_n192_N26E1RL78TargetDeviceMC_SDMA15resetEPKc
__ZTv0_n1952_N18E2RL78TargetDevice19assignRegisterValueEjRNSt3__16vectorIjNS0_9allocatorIjEEEE
__ZTv0_n2000_N18E2RL78TargetDevice11isSupportedEPKcS1_
__ZTv0_n2000_N26E1RL78TargetDeviceMC_SDMA111isSupportedEPKcS1_
__ZTv0_n2000_N26E2RL78TargetDeviceMC_SDMA111isSupportedEPKcS1_
__ZTv0_n208_N18E2RL78TargetDevice27forceResetUpdateFromEclipseEv
__ZTv0_n2520_N24E1RL78TargetDeviceMC_CPU15isTargetStoppedEPKcRb
__ZTv0_n2608_N24E1RL78TargetDeviceMC_CPU8goTargetEv
__ZTv0_n2616_N24E1RL78TargetDeviceMC_CPU10stepTargetEj
__ZTv0_n2624_N24E1RL78TargetDeviceMC_CPU10stopTargetEv
__ZTv0_n2776_N24E1RL78TargetDeviceMC_CPU26setSelectedCoreInTargetDLLEPKc
__ZTv0_n3008_N24E1RL78TargetDeviceMC_CPU11isMultiCoreEv
__ZTv0_n3224_N18E2RL78TargetDevice27setPreRunPostBreakFunctionsEbjbj
__ZTv0_n3280_N18E2RL78TargetDevice18stopDownloadTargetEv
__ZTv0_n3296_N24E1RL78TargetDeviceMC_CPU5resetEv
__ZTv0_n3296_N26E1RL78TargetDeviceMC_SDMA15resetEv
__ZTv0_n3344_N24E1RL78TargetDeviceMC_CPU9getStatusEPKcRj
__ZTv0_n3368_N24E1RL78TargetDeviceMC_CPU9getStatusERj
__ZTv0_n3432_N26E1RL78TargetDeviceMC_SDMA110createCoreEPKcS1_RP12TargetDevice
__ZTv0_n3440_N18E2RL78TargetDevice15startConnectionEv
__ZTv0_n3440_N24E1RL78TargetDeviceMC_CPU15startConnectionEv
__ZTv0_n3440_N26E2RL78TargetDeviceMC_SDMA115startConnectionEv
__ZTv0_n3448_N24E1RL78TargetDeviceMC_CPU33initialiseDebuggerSynchronisationEv
__ZTv0_n3552_N24E1RL78TargetDeviceMC_CPU5preGoEv
__ZTv0_n3592_N18E2RL78TargetDevice20updatePreRunFunctionEj
__ZTv0_n3600_N18E2RL78TargetDevice23updatePostBreakFunctionEj
__ZTv0_n3648_N24E1RL78TargetDeviceMC_CPU15isTargetStoppedERb
__ZTv0_n3896_N18E2RL78TargetDevice18createExecCommandsEv
__ZTv0_n3928_N18E2RL78TargetDevice17createExecConnectEv
__ZTv0_n3960_N24E1RL78TargetDeviceMC_CPU15forceRelayBreakEPKc
__ZTv0_n808_N18E2RL78TargetDevice37isSupportedForSessionisCurrentMonitorEv
__ZTv0_n944_N24E1RL78TargetDeviceMC_CPU26getTargetMemoryRegionsListEPKcRNSt3__14listIN12GDBMemoryMap14GDBMemoryRangeENS2
__ZZN5boost13property_tree10xml_parser10xmlcommentINSt3__112basic_stringIcNS3_11char_traitsIcEENS3_9allocatorIcEEEEEERKT
__ZZN5boost13property_tree10xml_parser10xmlcommentINSt3__112basic_stringIwNS3_11char_traitsIwEENS3_9allocatorIwEEEEEERKT
__ZZN5boost13property_tree10xml_parser7xmlattrINSt3__112basic_stringIcNS3_11char_traitsIcEENS3_9allocatorIcEEEEEERKT_vE1
__ZZN5boost13property_tree10xml_parser7xmlattrINSt3__112basic_stringIwNS3_11char_traitsIwEENS3_9allocatorIwEEEEEERKT_vE1
__ZZN5boost13property_tree10xml_parser7xmltextINSt3__112basic_stringIcNS3_11char_traitsIcEENS3_9allocatorIcEEEEEERKT_vE1
__ZZN5boost13property_tree10xml_parser7xmltextINSt3__112basic_stringIwNS3_11char_traitsIwEENS3_9allocatorIwEEEEEERKT_vE1
__ZZN5boost13property_tree6detail8rapidxml8xml_baseIcE7nullstrEvE4zero
__ZZN5boost13property_tree6detail8rapidxml8xml_baseIwE7nullstrEvE4zero
_g_TargetDevices
_supported_features_non_stop_reg_xml_gdb_11plus
__ZN12TargetDevice17getITargetVersionEv
__ZN12TargetDevice21configurationCompleteEv
__ZN12TargetDevice21getOperatingFrequencyEPi
__ZN12TargetDevice14getSimulatedIOEv
__ZN12TargetDevice14getSimulatedIOEPKc
__ZN12TargetDevice27hasGetSimulatedIOByCoreNameEv
__ZN12TargetDevice15getSimulatedIOsEv
__ZN12TargetDevice22isAdvancedDebugSupportEv
__ZN12TargetDevice19isPassthroughTargetEv
__ZN12TargetDevice26needToTerminateDueToTargetEv
__ZN12TargetDevice22ctrlCHandlerNeedToWaitEv
__ZN13ITargetDevice29getRegistersWindbackExceptionERNSt3__112basic_stringIcNS0_11char_traitsIcEENS0_9allocatorIcEEEE
__ZN12TargetDevice25getMaximumInstructionSizeEv
__ZN12TargetDevice23isConfigurationCompleteEv
__ZN12TargetDevice14isRTOSdisabledEv
__ZN12TargetDevice23isRTOSSupportedByTargetEv
__ZN12TargetDevice23isRTOSSupportedByTargetENSt3__112basic_stringIcNS0_11char_traitsIcEENS0_9allocatorIcEEEE
__ZN12TargetDevice17getThreadExt0SizeEv
__ZN12TargetDevice17getThreadExt1SizeEv
__ZN12TargetDevice20setFirstStopNotifiedEv
__ZN12TargetDevice19isFirstStopNotifiedEv
__ZN15DspTargetDevice9isCpuCoreEv
__ZN12TargetDevice22isHWBrkHasHighPriorityEv
__ZN12TargetDevice20getEmulatorDirectoryEv
__ZN12TargetDevice27isRewriteInternalProgramROMEv
__ZN12TargetDevice10isCmdResetEv
__ZN12TargetDevice15setCmdResetFlagEv
__ZN12TargetDevice17clearCmdResetFlagEv
__ZN12TargetDevice18targetHaltedStatusEv
__ZN15DspTargetDevice18deleteSWBreakpointEjj
__GLOBAL__sub_I_DspTargetDevice.cpp
__ZN13ITargetDeviceC2Ev
__ZN15ITargetDevice64C2Ev
__ZN13ITargetDeviceD1Ev
__ZN13ITargetDeviceD0Ev
__ZN13ITargetDeviceD2Ev
__ZN23TargetDeviceListMCEntryD1Ev
__ZN23TargetDeviceListMCEntryD2Ev
__ZN30TargetDeviceListMCDetailsEntryD1Ev
__ZNSt3__14listI32TargetDeviceListCoreDetailsEntryNS_9allocatorIS1_EEED1Ev
__ZN30TargetDeviceListMCDetailsEntryD2Ev
__ZNSt3__14listI32TargetDeviceListCoreDetailsEntryNS_9allocatorIS1_EEED2Ev
__ZNSt3__110__list_impI32TargetDeviceListCoreDetailsEntryNS_9allocatorIS1_EEED2Ev
__ZNSt3__110__list_impI32TargetDeviceListCoreDetailsEntryNS_9allocatorIS1_EEE5clearEv
__ZNKSt3__110__list_impI32TargetDeviceListCoreDetailsEntryNS_9allocatorIS1_EEE5emptyB8ne180100Ev
__ZNKSt3__110__list_impI32TargetDeviceListCoreDetailsEntryNS_9allocatorIS1_EEE13__end_as_linkB8ne180100Ev
__ZNSt3__110__list_impI32TargetDeviceListCoreDetailsEntryNS_9allocatorIS1_EEE14__unlink_nodesEPNS_16__list_node_baseIS1_
__ZNSt3__110__list_impI32TargetDeviceListCoreDetailsEntryNS_9allocatorIS1_EEE4__szB8ne180100Ev
__ZNSt3__116__list_node_baseI32TargetDeviceListCoreDetailsEntryPvE9__as_nodeB8ne180100Ev
__ZNKSt3__110__list_impI32TargetDeviceListCoreDetailsEntryNS_9allocatorIS1_EEE4__szB8ne180100Ev
__ZNKSt3__117__compressed_pairImNS_9allocatorINS_11__list_nodeI32TargetDeviceListCoreDetailsEntryPvEEEEE5firstB8ne180100
__ZNSt3__126__list_node_pointer_traitsI32TargetDeviceListCoreDetailsEntryPvE26__unsafe_link_pointer_castB8ne180100EPNS_1
__ZNSt3__116__list_node_baseI32TargetDeviceListCoreDetailsEntryPvE6__selfB8ne180100Ev
__ZNSt3__114pointer_traitsIPNS_16__list_node_baseI32TargetDeviceListCoreDetailsEntryPvEEE10pointer_toB8ne180100ERS4_
__ZNSt3__117__compressed_pairImNS_9allocatorINS_11__list_nodeI32TargetDeviceListCoreDetailsEntryPvEEEEE5firstB8ne180100E
__ZNSt3__110__list_impI32TargetDeviceListCoreDetailsEntryNS_9allocatorIS1_EEE12__node_allocB8ne180100Ev
__ZNSt3__111__list_nodeI32TargetDeviceListCoreDetailsEntryPvE11__get_valueB8ne180100Ev
__ZNSt3__112__destroy_atB8ne180100INS_11__list_nodeI32TargetDeviceListCoreDetailsEntryPvEELi0EEEvPT_
__ZNSt3__116allocator_traitsINS_9allocatorINS_11__list_nodeI32TargetDeviceListCoreDetailsEntryPvEEEEE10deallocateB8ne180
__ZNSt3__117__compressed_pairImNS_9allocatorINS_11__list_nodeI32TargetDeviceListCoreDetailsEntryPvEEEEE6secondB8ne180100
__ZNSt3__122__compressed_pair_elemINS_9allocatorINS_11__list_nodeI32TargetDeviceListCoreDetailsEntryPvEEEELi1ELb1EE5__ge
__ZNSt3__112__destroy_atB8ne180100I32TargetDeviceListCoreDetailsEntryLi0EEEvPT_
__ZN32TargetDeviceListCoreDetailsEntryD1Ev
__ZN32TargetDeviceListCoreDetailsEntryD2Ev
__ZNSt3__111__list_nodeI32TargetDeviceListCoreDetailsEntryPvED1B8ne180100Ev
__ZNSt3__111__list_nodeI32TargetDeviceListCoreDetailsEntryPvED2B8ne180100Ev
__ZNSt3__19allocatorINS_11__list_nodeI32TargetDeviceListCoreDetailsEntryPvEEE10deallocateB8ne180100EPS4_m
__GLOBAL__sub_I_TargetDevice.cpp
__GLOBAL__sub_I_TargetDevice64.cpp
__GLOBAL__sub_I_TargetDeviceListEntry.cpp
__ZNSt3__14listI32TargetDeviceListCoreDetailsEntryNS_9allocatorIS1_EEEC1B8ne180100Ev
__ZN30TargetDeviceListMCDetailsEntryC1Ev
__ZNSt3__14listI32TargetDeviceListCoreDetailsEntryNS_9allocatorIS1_EEE3endB8ne180100Ev
__ZNSt3__121__list_const_iteratorI32TargetDeviceListCoreDetailsEntryPvEC1B8ne180100ERKNS_15__list_iteratorIS1_S2_EE
__ZNKSt3__14listI32TargetDeviceListCoreDetailsEntryNS_9allocatorIS1_EEE5beginB8ne180100Ev
__ZNKSt3__14listI32TargetDeviceListCoreDetailsEntryNS_9allocatorIS1_EEE3endB8ne180100Ev
__ZNSt3__14listI32TargetDeviceListCoreDetailsEntryNS_9allocatorIS1_EEE5beginB8ne180100Ev
__ZNSt3__1neB8ne180100ERKNS_15__list_iteratorI32TargetDeviceListCoreDetailsEntryPvEES5_
__ZNKSt3__115__list_iteratorI32TargetDeviceListCoreDetailsEntryPvEdeB8ne180100Ev
__ZN32TargetDeviceListCoreDetailsEntryC1ERKS_
__ZNSt3__115__list_iteratorI32TargetDeviceListCoreDetailsEntryPvEppB8ne180100Ei
__ZNKSt3__14listI32TargetDeviceListCoreDetailsEntryNS_9allocatorIS1_EEE4sizeB8ne180100Ev
__ZN30TargetDeviceListMCDetailsEntryC2Ev
__ZN32TargetDeviceListCoreDetailsEntryC2ERKS_
__ZNSt3__14listI32TargetDeviceListCoreDetailsEntryNS_9allocatorIS1_EEEC2B8ne180100Ev
__ZNSt3__110__list_impI32TargetDeviceListCoreDetailsEntryNS_9allocatorIS1_EEEC2Ev
__ZNSt3__116__list_node_baseI32TargetDeviceListCoreDetailsEntryPvEC1B8ne180100Ev
__ZNSt3__117__compressed_pairImNS_9allocatorINS_11__list_nodeI32TargetDeviceListCoreDetailsEntryPvEEEEEC1B8ne180100IiNS_
__ZNSt3__116__list_node_baseI32TargetDeviceListCoreDetailsEntryPvEC2B8ne180100Ev
__ZNSt3__117__compressed_pairImNS_9allocatorINS_11__list_nodeI32TargetDeviceListCoreDetailsEntryPvEEEEEC2B8ne180100IiNS_
__ZNSt3__122__compressed_pair_elemINS_9allocatorINS_11__list_nodeI32TargetDeviceListCoreDetailsEntryPvEEEELi1ELb1EEC2B8n
__ZNSt3__19allocatorINS_11__list_nodeI32TargetDeviceListCoreDetailsEntryPvEEEC2B8ne180100Ev
__ZNSt3__116__non_trivial_ifILb1ENS_9allocatorINS_11__list_nodeI32TargetDeviceListCoreDetailsEntryPvEEEEEC2B8ne180100Ev
__ZNSt3__110__list_impI32TargetDeviceListCoreDetailsEntryNS_9allocatorIS1_EEE3endB8ne180100Ev
__ZNSt3__115__list_iteratorI32TargetDeviceListCoreDetailsEntryPvEC1B8ne180100EPNS_16__list_node_baseIS1_S2_EE
__ZNSt3__115__list_iteratorI32TargetDeviceListCoreDetailsEntryPvEC2B8ne180100EPNS_16__list_node_baseIS1_S2_EE
__ZNKSt3__110__list_impI32TargetDeviceListCoreDetailsEntryNS_9allocatorIS1_EEE5beginB8ne180100Ev
__ZNSt3__121__list_const_iteratorI32TargetDeviceListCoreDetailsEntryPvEC1B8ne180100EPNS_16__list_node_baseIS1_S2_EE
__ZNSt3__121__list_const_iteratorI32TargetDeviceListCoreDetailsEntryPvEC2B8ne180100EPNS_16__list_node_baseIS1_S2_EE
__ZNKSt3__110__list_impI32TargetDeviceListCoreDetailsEntryNS_9allocatorIS1_EEE3endB8ne180100Ev
__ZNSt3__1neB8ne180100ERKNS_21__list_const_iteratorI32TargetDeviceListCoreDetailsEntryPvEES5_
__ZNKSt3__121__list_const_iteratorI32TargetDeviceListCoreDetailsEntryPvEdeB8ne180100Ev
__ZNSt3__111__list_nodeI32TargetDeviceListCoreDetailsEntryPvE9__as_linkB8ne180100Ev
__ZNSt3__121__list_const_iteratorI32TargetDeviceListCoreDetailsEntryPvEppB8ne180100Ev
__ZNSt3__115__list_iteratorI32TargetDeviceListCoreDetailsEntryPvEppB8ne180100Ev
__ZNSt3__14listI32TargetDeviceListCoreDetailsEntryNS_9allocatorIS1_EEE12__link_nodesEPNS_16__list_node_baseIS1_PvEES8_S8
__ZNSt3__1eqB8ne180100ERKNS_21__list_const_iteratorI32TargetDeviceListCoreDetailsEntryPvEES5_
__ZNSt3__118__allocation_guardINS_9allocatorINS_11__list_nodeI32TargetDeviceListCoreDetailsEntryPvEEEEEC1B8ne180100IS6_E
__ZNSt3__114__construct_atB8ne180100INS_11__list_nodeI32TargetDeviceListCoreDetailsEntryPvEEJRPNS_16__list_node_baseIS2_
__ZNKSt3__118__allocation_guardINS_9allocatorINS_11__list_nodeI32TargetDeviceListCoreDetailsEntryPvEEEEE5__getB8ne180100
__ZNSt3__118__allocation_guardINS_9allocatorINS_11__list_nodeI32TargetDeviceListCoreDetailsEntryPvEEEEE13__release_ptrB8
__ZNSt3__118__allocation_guardINS_9allocatorINS_11__list_nodeI32TargetDeviceListCoreDetailsEntryPvEEEEED1B8ne180100Ev
__ZNSt3__118__allocation_guardINS_9allocatorINS_11__list_nodeI32TargetDeviceListCoreDetailsEntryPvEEEEEC2B8ne180100IS6_E
__ZNSt3__116allocator_traitsINS_9allocatorINS_11__list_nodeI32TargetDeviceListCoreDetailsEntryPvEEEEE8allocateB8ne180100
__ZNSt3__19allocatorINS_11__list_nodeI32TargetDeviceListCoreDetailsEntryPvEEE8allocateB8ne180100Em
__ZNKSt3__19allocatorINS_11__list_nodeI32TargetDeviceListCoreDetailsEntryPvEEE8max_sizeB8ne180100Ev
__ZNSt3__111__list_nodeI32TargetDeviceListCoreDetailsEntryPvEC1B8ne180100EPNS_16__list_node_baseIS1_S2_EES6_
__ZNSt3__111__list_nodeI32TargetDeviceListCoreDetailsEntryPvEC2B8ne180100EPNS_16__list_node_baseIS1_S2_EES6_
__ZNSt3__116__list_node_baseI32TargetDeviceListCoreDetailsEntryPvEC2B8ne180100EPS3_S4_
__ZNSt3__118__allocation_guardINS_9allocatorINS_11__list_nodeI32TargetDeviceListCoreDetailsEntryPvEEEEED2B8ne180100Ev
__ZNSt3__118__allocation_guardINS_9allocatorINS_11__list_nodeI32TargetDeviceListCoreDetailsEntryPvEEEEE9__destroyB8ne180
__ZNSt3__121__list_const_iteratorI32TargetDeviceListCoreDetailsEntryPvEC2B8ne180100ERKNS_15__list_iteratorIS1_S2_EE
__ZNSt3__110__list_impI32TargetDeviceListCoreDetailsEntryNS_9allocatorIS1_EEE5beginB8ne180100Ev
__ZNSt3__1eqB8ne180100ERKNS_15__list_iteratorI32TargetDeviceListCoreDetailsEntryPvEES5_
__GLOBAL__sub_I_TargetDeviceListMCEntry.cpp
__ZNSt3__14listI32TargetDeviceListCoreDetailsEntryNS_9allocatorIS1_EEE9push_backEOS1_
__ZN32TargetDeviceListCoreDetailsEntryC1EPKcS1_S1_S1_S1_S1_
__ZN30TargetDeviceListMCDetailsEntryC1EPKcS1_
__ZN21TargetDeviceListEntryD1Ev
__ZN32TargetDeviceListCoreDetailsEntryC2EPKcS1_S1_S1_S1_S1_
__ZN30TargetDeviceListMCDetailsEntryC2EPKcS1_
__ZN21TargetDeviceListEntryD2Ev
__ZNSt3__14listI32TargetDeviceListCoreDetailsEntryNS_9allocatorIS1_EEE20__link_nodes_at_backEPNS_16__list_node_baseIS1_P
__GLOBAL__sub_I_TargetDeviceListManager.cpp
__ZN19TargetDeviceNonExec17getITargetVersionEv
__ZN19TargetDeviceNonExec18setSimulatedIOPipeE11eSIMIO_PIPE
__ZN19TargetDeviceNonExec18getSimulatedIOPipeEv
__ZN19TargetDeviceNonExec20isSimulatedIOEnabledEv
__ZN19TargetDeviceNonExec15getInputConsoleEv
__ZThn248_N19TargetDeviceNonExec18setSimulatedIOPipeE11eSIMIO_PIPE
__ZThn248_N19TargetDeviceNonExec18getSimulatedIOPipeEv
__GLOBAL__sub_I_TargetDeviceNonExec.cpp
__ZN5boost13property_tree10xml_parser16xml_parser_errorC1ERKNSt3__112basic_stringIcNS3_11char_traitsIcEENS3_9allocatorIc
__ZN5boost13property_tree10xml_parser16xml_parser_errorD1Ev
__ZN5boost10wrapexceptINS_13property_tree10xml_parser16xml_parser_errorEEC1ERKS3_RKNS_15source_locationE
__ZN5boost10wrapexceptINS_13property_tree10xml_parser16xml_parser_errorEED1Ev
__ZN5boost10wrapexceptINS_13property_tree10xml_parser16xml_parser_errorEEC2ERKS3_RKNS_15source_locationE
__ZN5boost13property_tree10xml_parser16xml_parser_errorC2ERKS2_
__ZN5boost13property_tree10xml_parser16xml_parser_errorD2Ev
__ZNK5boost10wrapexceptINS_13property_tree10xml_parser16xml_parser_errorEE5cloneEv
__ZNK5boost10wrapexceptINS_13property_tree10xml_parser16xml_parser_errorEE7rethrowEv
__ZN5boost10wrapexceptINS_13property_tree10xml_parser16xml_parser_errorEED0Ev
__ZThn8_N5boost10wrapexceptINS_13property_tree10xml_parser16xml_parser_errorEED1Ev
__ZThn8_N5boost10wrapexceptINS_13property_tree10xml_parser16xml_parser_errorEED0Ev
__ZThn80_N5boost10wrapexceptINS_13property_tree10xml_parser16xml_parser_errorEED1Ev
__ZThn80_N5boost10wrapexceptINS_13property_tree10xml_parser16xml_parser_errorEED0Ev
__ZN5boost13property_tree10xml_parser16xml_parser_errorD0Ev
__ZN5boost10wrapexceptINS_13property_tree10xml_parser16xml_parser_errorEEC1ERKS4_
__ZN5boost10wrapexceptINS_13property_tree10xml_parser16xml_parser_errorEE7deleterD1Ev
__ZN5boost10wrapexceptINS_13property_tree10xml_parser16xml_parser_errorEEC2ERKS4_
__ZN5boost10wrapexceptINS_13property_tree10xml_parser16xml_parser_errorEE7deleterD2Ev
__ZN5boost10wrapexceptINS_13property_tree10xml_parser16xml_parser_errorEED2Ev
__ZN5boost13property_tree10xml_parser16xml_parser_errorC2ERKNSt3__112basic_stringIcNS3_11char_traitsIcEENS3_9allocatorIc
__ZN5boost13property_tree6detail8rapidxml12xml_documentIcEC1Ev
__ZN5boost13property_tree6detail8rapidxml12xml_documentIcED1Ev
__ZN5boost13property_tree6detail8rapidxml12xml_documentIcEC2Ev
__ZN5boost13property_tree6detail8rapidxml8xml_nodeIcEC2ENS2_9node_typeE
__ZN5boost13property_tree6detail8rapidxml11memory_poolIcEC2Ev
__ZN5boost13property_tree6detail8rapidxml8xml_baseIcEC2Ev
__ZN5boost13property_tree6detail8rapidxml11parse_errorC1EPKcPv
__ZN5boost13property_tree6detail8rapidxml11parse_errorD1Ev
__ZN5boost13property_tree6detail8rapidxml8xml_nodeIcEC1ENS2_9node_typeE
__ZN5boost13property_tree6detail8rapidxml13xml_attributeIcEC1Ev
__ZN5boost13property_tree6detail8rapidxml13xml_attributeIcEC2Ev
__ZN5boost13property_tree6detail8rapidxml11parse_errorC2EPKcPv
__ZN5boost13property_tree6detail8rapidxml11parse_errorD0Ev
__ZNK5boost13property_tree6detail8rapidxml11parse_error4whatEv
__ZN5boost13property_tree6detail8rapidxml11parse_errorD2Ev
__ZN5boost13property_tree6detail8rapidxml12xml_documentIcED2Ev
__ZN5boost13property_tree6detail8rapidxml11memory_poolIcED2Ev
__GLOBAL__sub_I_ARMTargetDeviceCoreSight.cpp
__GLOBAL__sub_I_TargetDeviceListCoreArmExtensionEntry.cpp
__GLOBAL__sub_I_DeviceInformation.cpp
__ZN13ServerContext16getDeviceRestartEv
__ZN13ServerContext16setDeviceRestartEt
__ZNSt3__14listIP12TargetDeviceNS_9allocatorIS2_EEEC1B8ne180100Ev
__ZNSt3__14listIP12TargetDeviceNS_9allocatorIS2_EEE9push_backEOS2_
__ZNSt3__14listIP12TargetDeviceNS_9allocatorIS2_EEE5beginB8ne180100Ev
__ZNSt3__1neB8ne180100ERKNS_15__list_iteratorIP12TargetDevicePvEES6_
__ZNSt3__14listIP12TargetDeviceNS_9allocatorIS2_EEE3endB8ne180100Ev
__ZNKSt3__115__list_iteratorIP12TargetDevicePvEdeB8ne180100Ev
__ZNSt3__14listIP12TargetDeviceNS_9allocatorIS2_EEE9push_backERKS2_
__ZNSt3__115__list_iteratorIP12TargetDevicePvEppB8ne180100Ev
__ZNSt3__14listIP12TargetDeviceNS_9allocatorIS2_EEED1Ev
__ZNSt3__115__list_iteratorIP12TargetDevicePvEC1B8ne180100Ev
__ZNSt3__14listIP12TargetDeviceNS_9allocatorIS2_EEE5clearB8ne180100Ev
__ZNSt3__14listIP12TargetDeviceNS_9allocatorIS2_EEED2Ev
__ZNSt3__110__list_impIP12TargetDeviceNS_9allocatorIS2_EEED2Ev
__ZNSt3__110__list_impIP12TargetDeviceNS_9allocatorIS2_EEE5clearEv
__ZNKSt3__110__list_impIP12TargetDeviceNS_9allocatorIS2_EEE5emptyB8ne180100Ev
__ZNKSt3__110__list_impIP12TargetDeviceNS_9allocatorIS2_EEE13__end_as_linkB8ne180100Ev
__ZNSt3__110__list_impIP12TargetDeviceNS_9allocatorIS2_EEE14__unlink_nodesEPNS_16__list_node_baseIS2_PvEES9_
__ZNSt3__110__list_impIP12TargetDeviceNS_9allocatorIS2_EEE4__szB8ne180100Ev
__ZNSt3__116__list_node_baseIP12TargetDevicePvE9__as_nodeB8ne180100Ev
__ZNKSt3__110__list_impIP12TargetDeviceNS_9allocatorIS2_EEE4__szB8ne180100Ev
__ZNKSt3__117__compressed_pairImNS_9allocatorINS_11__list_nodeIP12TargetDevicePvEEEEE5firstB8ne180100Ev
__ZNSt3__126__list_node_pointer_traitsIP12TargetDevicePvE26__unsafe_link_pointer_castB8ne180100EPNS_16__list_node_baseIS
__ZNSt3__116__list_node_baseIP12TargetDevicePvE6__selfB8ne180100Ev
__ZNSt3__114pointer_traitsIPNS_16__list_node_baseIP12TargetDevicePvEEE10pointer_toB8ne180100ERS5_
__ZNSt3__117__compressed_pairImNS_9allocatorINS_11__list_nodeIP12TargetDevicePvEEEEE5firstB8ne180100Ev
__ZNSt3__110__list_impIP12TargetDeviceNS_9allocatorIS2_EEE12__node_allocB8ne180100Ev
__ZNSt3__111__list_nodeIP12TargetDevicePvE11__get_valueB8ne180100Ev
__ZNSt3__112__destroy_atB8ne180100INS_11__list_nodeIP12TargetDevicePvEELi0EEEvPT_
__ZNSt3__116allocator_traitsINS_9allocatorINS_11__list_nodeIP12TargetDevicePvEEEEE10deallocateB8ne180100ERS7_PS6_m
__ZNSt3__117__compressed_pairImNS_9allocatorINS_11__list_nodeIP12TargetDevicePvEEEEE6secondB8ne180100Ev
__ZNSt3__122__compressed_pair_elemINS_9allocatorINS_11__list_nodeIP12TargetDevicePvEEEELi1ELb1EE5__getB8ne180100Ev
__ZNSt3__112__destroy_atB8ne180100IP12TargetDeviceLi0EEEvPT_
__ZNSt3__111__list_nodeIP12TargetDevicePvED1B8ne180100Ev
__ZNSt3__111__list_nodeIP12TargetDevicePvED2B8ne180100Ev
__ZNSt3__19allocatorINS_11__list_nodeIP12TargetDevicePvEEE10deallocateB8ne180100EPS5_m
__ZNSt3__14listIP12TargetDeviceNS_9allocatorIS2_EEEC2B8ne180100Ev
__ZNSt3__110__list_impIP12TargetDeviceNS_9allocatorIS2_EEEC2Ev
__ZNSt3__116__list_node_baseIP12TargetDevicePvEC1B8ne180100Ev
__ZNSt3__117__compressed_pairImNS_9allocatorINS_11__list_nodeIP12TargetDevicePvEEEEEC1B8ne180100IiNS_18__default_init_ta
__ZNSt3__116__list_node_baseIP12TargetDevicePvEC2B8ne180100Ev
__ZNSt3__117__compressed_pairImNS_9allocatorINS_11__list_nodeIP12TargetDevicePvEEEEEC2B8ne180100IiNS_18__default_init_ta
__ZNSt3__122__compressed_pair_elemINS_9allocatorINS_11__list_nodeIP12TargetDevicePvEEEELi1ELb1EEC2B8ne180100ENS_18__defa
__ZNSt3__19allocatorINS_11__list_nodeIP12TargetDevicePvEEEC2B8ne180100Ev
__ZNSt3__116__non_trivial_ifILb1ENS_9allocatorINS_11__list_nodeIP12TargetDevicePvEEEEEC2B8ne180100Ev
__ZNSt3__111__list_nodeIP12TargetDevicePvE9__as_linkB8ne180100Ev
__ZNSt3__14listIP12TargetDeviceNS_9allocatorIS2_EEE20__link_nodes_at_backEPNS_16__list_node_baseIS2_PvEES9_
__ZNSt3__118__allocation_guardINS_9allocatorINS_11__list_nodeIP12TargetDevicePvEEEEEC1B8ne180100IS7_EET_m
__ZNSt3__114__construct_atB8ne180100INS_11__list_nodeIP12TargetDevicePvEEJRPNS_16__list_node_baseIS3_S4_EES9_EPS5_EEPT_S
__ZNKSt3__118__allocation_guardINS_9allocatorINS_11__list_nodeIP12TargetDevicePvEEEEE5__getB8ne180100Ev
__ZNSt3__118__allocation_guardINS_9allocatorINS_11__list_nodeIP12TargetDevicePvEEEEE13__release_ptrB8ne180100Ev
__ZNSt3__118__allocation_guardINS_9allocatorINS_11__list_nodeIP12TargetDevicePvEEEEED1B8ne180100Ev
__ZNSt3__118__allocation_guardINS_9allocatorINS_11__list_nodeIP12TargetDevicePvEEEEEC2B8ne180100IS7_EET_m
__ZNSt3__116allocator_traitsINS_9allocatorINS_11__list_nodeIP12TargetDevicePvEEEEE8allocateB8ne180100ERS7_m
__ZNSt3__19allocatorINS_11__list_nodeIP12TargetDevicePvEEE8allocateB8ne180100Em
__ZNKSt3__19allocatorINS_11__list_nodeIP12TargetDevicePvEEE8max_sizeB8ne180100Ev
__ZNSt3__111__list_nodeIP12TargetDevicePvEC1B8ne180100EPNS_16__list_node_baseIS2_S3_EES7_
__ZNSt3__111__list_nodeIP12TargetDevicePvEC2B8ne180100EPNS_16__list_node_baseIS2_S3_EES7_
__ZNSt3__116__list_node_baseIP12TargetDevicePvEC2B8ne180100EPS4_S5_
__ZNSt3__118__allocation_guardINS_9allocatorINS_11__list_nodeIP12TargetDevicePvEEEEED2B8ne180100Ev
__ZNSt3__118__allocation_guardINS_9allocatorINS_11__list_nodeIP12TargetDevicePvEEEEE9__destroyB8ne180100Ev
__ZNSt3__110__list_impIP12TargetDeviceNS_9allocatorIS2_EEE5beginB8ne180100Ev
__ZNSt3__115__list_iteratorIP12TargetDevicePvEC1B8ne180100EPNS_16__list_node_baseIS2_S3_EE
__ZNSt3__115__list_iteratorIP12TargetDevicePvEC2B8ne180100EPNS_16__list_node_baseIS2_S3_EE
__ZNSt3__110__list_impIP12TargetDeviceNS_9allocatorIS2_EEE3endB8ne180100Ev
__ZNSt3__1eqB8ne180100ERKNS_15__list_iteratorIP12TargetDevicePvEES6_
__ZNSt3__115__list_iteratorIP12TargetDevicePvEC2B8ne180100Ev
__ZN26TargetDeviceListManagerARMD1Ev
__ZNKSt3__16vectorIN11DeviceEntry7OFSAreaENS_9allocatorIS2_EEE4sizeB8ne180100Ev
__ZNSt3__16vectorIN11DeviceEntry7OFSAreaENS_9allocatorIS2_EEEixB8ne180100Em
__ZN30ARMTargetDeviceWithSemiHosting22isAdvancedDebugSupportEv
__ZN30ARMTargetDeviceWithSemiHosting22isSimulatedIOSupportedEv
__ZThn248_N30ARMTargetDeviceWithSemiHosting22isSimulatedIOSupportedEv
__ZN26TargetDeviceListManagerARMD2Ev
__ZNSt3__13mapINS_12basic_stringIcNS_11char_traitsIcEENS_9allocatorIcEEEE24TargetDeviceListEntryARMNS_4lessIS6_EENS4_INS
__ZNSt3__13mapINS_12basic_stringIcNS_11char_traitsIcEENS_9allocatorIcEEEE24TargetDeviceListEntryARMNS_4lessIS6_EENS4_INS
__ZNSt3__16__treeINS_12__value_typeINS_12basic_stringIcNS_11char_traitsIcEENS_9allocatorIcEEEE24TargetDeviceListEntryARM
__ZNSt3__16__treeINS_12__value_typeINS_12basic_stringIcNS_11char_traitsIcEENS_9allocatorIcEEEE24TargetDeviceListEntryARM
__ZNSt3__16__treeINS_12__value_typeINS_12basic_stringIcNS_11char_traitsIcEENS_9allocatorIcEEEE24TargetDeviceListEntryARM
__ZNKSt3__16__treeINS_12__value_typeINS_12basic_stringIcNS_11char_traitsIcEENS_9allocatorIcEEEE24TargetDeviceListEntryAR
__ZNSt3__16__treeINS_12__value_typeINS_12basic_stringIcNS_11char_traitsIcEENS_9allocatorIcEEEE24TargetDeviceListEntryARM
_IcEEEE24TargetDeviceListEntryARMEEPvEEEEE10deallocateB8ne180100ERSD_PSC_m
lue_typeINS_12basic_stringIcNS_11char_traitsIcEENS7_IcEEEE24TargetDeviceListEntryARMEES3_EEEEE6secondB8ne180100Ev
cEENS1_IcEEEE24TargetDeviceListEntryARMEEPvEEEELi1ELb1EE5__getB8ne180100Ev
__ZNSt3__112__destroy_atB8ne180100INS_4pairIKNS_12basic_stringIcNS_11char_traitsIcEENS_9allocatorIcEEEE24TargetDeviceLis
__ZNSt3__14pairIKNS_12basic_stringIcNS_11char_traitsIcEENS_9allocatorIcEEEE24TargetDeviceListEntryARMED1Ev
__ZNSt3__14pairIKNS_12basic_stringIcNS_11char_traitsIcEENS_9allocatorIcEEEE24TargetDeviceListEntryARMED2Ev
__ZNSt3__112__value_typeINS_12basic_stringIcNS_11char_traitsIcEENS_9allocatorIcEEEE24TargetDeviceListEntryARME11__get_va
__ZNSt3__19allocatorINS_11__tree_nodeINS_12__value_typeINS_12basic_stringIcNS_11char_traitsIcEENS0_IcEEEE24TargetDeviceL
__ZNKSt3__16__treeINS_12__value_typeINS_12basic_stringIcNS_11char_traitsIcEENS_9allocatorIcEEEE24TargetDeviceListEntryAR
alue_typeINS_12basic_stringIcNS_11char_traitsIcEENS7_IcEEEE24TargetDeviceListEntryARMEES3_EEEEE5firstB8ne180100Ev
__GLOBAL__sub_I_ARMTargetDevice.cpp
__GLOBAL__sub_I_ARMTargetDeviceWithSemiHosting.cpp
__ZN3SWV13setIsRADeviceEb
__ZNSt3__16vectorIN11DeviceEntry7OFSAreaENS_9allocatorIS2_EEEC1B8ne180100Ev
__ZNSt3__16vectorIN11DeviceEntry7OFSAreaENS_9allocatorIS2_EEED1B8ne180100Ev
__ZNSt3__16vectorIN11DeviceEntry7OFSAreaENS_9allocatorIS2_EEEaSB8ne180100ERKS5_
__ZN11DeviceEntry7OFSAreaC1Ev
__ZNSt3__16vectorIN11DeviceEntry7OFSAreaENS_9allocatorIS2_EEE9push_backB8ne180100ERKS2_
__ZN11DeviceEntry7OFSAreaD1Ev
__ZN24TargetDeviceListEntryARM19getMonitorRegistersEv
__ZThn160_N24TargetDeviceListEntryARM19getMonitorRegistersEv
__ZN11DeviceEntry7OFSAreaC2Ev
__ZN11DeviceEntry7OFSAreaD2Ev
__ZNSt3__16vectorIN11DeviceEntry7OFSAreaENS_9allocatorIS2_EEEC2B8ne180100Ev
__ZNSt3__117__compressed_pairIPN11DeviceEntry7OFSAreaENS_9allocatorIS2_EEEC1B8ne180100IDnNS_18__default_init_tagEEEOT_OT
__ZNSt3__117__compressed_pairIPN11DeviceEntry7OFSAreaENS_9allocatorIS2_EEEC2B8ne180100IDnNS_18__default_init_tagEEEOT_OT
__ZNSt3__122__compressed_pair_elemIPN11DeviceEntry7OFSAreaELi0ELb0EEC2B8ne180100IDnvEEOT_
__ZNSt3__122__compressed_pair_elemINS_9allocatorIN11DeviceEntry7OFSAreaEEELi1ELb1EEC2B8ne180100ENS_18__default_init_tagE
__ZNSt3__19allocatorIN11DeviceEntry7OFSAreaEEC2B8ne180100Ev
__ZNSt3__116__non_trivial_ifILb1ENS_9allocatorIN11DeviceEntry7OFSAreaEEEEC2B8ne180100Ev
__ZNSt3__16vectorIN11DeviceEntry7OFSAreaENS_9allocatorIS2_EEED2B8ne180100Ev
__ZNSt3__16vectorIN11DeviceEntry7OFSAreaENS_9allocatorIS2_EEE16__destroy_vectorC1B8ne180100ERS5_
__ZNSt3__16vectorIN11DeviceEntry7OFSAreaENS_9allocatorIS2_EEE16__destroy_vectorclB8ne180100Ev
__ZNSt3__16vectorIN11DeviceEntry7OFSAreaENS_9allocatorIS2_EEE16__destroy_vectorC2B8ne180100ERS5_
__ZNSt3__16vectorIN11DeviceEntry7OFSAreaENS_9allocatorIS2_EEE7__clearB8ne180100Ev
__ZNKSt3__16vectorIN11DeviceEntry7OFSAreaENS_9allocatorIS2_EEE17__annotate_deleteB8ne180100Ev
__ZNSt3__116allocator_traitsINS_9allocatorIN11DeviceEntry7OFSAreaEEEE10deallocateB8ne180100ERS4_PS3_m
__ZNSt3__16vectorIN11DeviceEntry7OFSAreaENS_9allocatorIS2_EEE7__allocB8ne180100Ev
__ZNKSt3__16vectorIN11DeviceEntry7OFSAreaENS_9allocatorIS2_EEE8capacityB8ne180100Ev
__ZNSt3__16vectorIN11DeviceEntry7OFSAreaENS_9allocatorIS2_EEE22__base_destruct_at_endB8ne180100EPS2_
__ZNSt3__112__to_addressB8ne180100IN11DeviceEntry7OFSAreaEEEPT_S4_
__ZNSt3__19allocatorIN11DeviceEntry7OFSAreaEE7destroyB8ne180100EPS2_
__ZNSt3__19allocatorIN11DeviceEntry7OFSAreaEE10deallocateB8ne180100EPS2_m
__ZNSt3__117__compressed_pairIPN11DeviceEntry7OFSAreaENS_9allocatorIS2_EEE6secondB8ne180100Ev
__ZNSt3__122__compressed_pair_elemINS_9allocatorIN11DeviceEntry7OFSAreaEEELi1ELb1EE5__getB8ne180100Ev
__ZNKSt3__16vectorIN11DeviceEntry7OFSAreaENS_9allocatorIS2_EEE9__end_capB8ne180100Ev
__ZNKSt3__117__compressed_pairIPN11DeviceEntry7OFSAreaENS_9allocatorIS2_EEE5firstB8ne180100Ev
__ZNKSt3__122__compressed_pair_elemIPN11DeviceEntry7OFSAreaELi0ELb0EE5__getB8ne180100Ev
__ZNSt3__16vectorIN11DeviceEntry7OFSAreaENS_9allocatorIS2_EEE19__copy_assign_allocB8ne180100ERKS5_
__ZNSt3__16vectorIN11DeviceEntry7OFSAreaENS_9allocatorIS2_EEE19__copy_assign_allocB8ne180100ERKS5_NS_17integral_constant
__ZNSt3__18distanceB8ne180100IPN11DeviceEntry7OFSAreaEEENS_15iterator_traitsIT_E15difference_typeES5_S5_
__ZNSt3__14nextB8ne180100IPN11DeviceEntry7OFSAreaELi0EEET_S4_NS_15iterator_traitsIS4_E15difference_typeE
__ZNSt3__14copyB8ne180100IPN11DeviceEntry7OFSAreaES3_EET0_T_S5_S4_
__ZNSt3__16__copyB8ne180100INS_17_ClassicAlgPolicyEPN11DeviceEntry7OFSAreaES4_S4_EENS_4pairIT0_T2_EES6_T1_S7_
__ZNSt3__16vectorIN11DeviceEntry7OFSAreaENS_9allocatorIS2_EEE17__destruct_at_endB8ne180100EPS2_
__ZNSt3__16vectorIN11DeviceEntry7OFSAreaENS_9allocatorIS2_EEE13__vdeallocateEv
__ZNSt3__16vectorIN11DeviceEntry7OFSAreaENS_9allocatorIS2_EEE11__vallocateB8ne180100Em
__ZNKSt3__16vectorIN11DeviceEntry7OFSAreaENS_9allocatorIS2_EEE11__recommendB8ne180100Em
__ZNSt3__17advanceB8ne180100IPN11DeviceEntry7OFSAreaEllvEEvRT_T0_
__ZNSt3__19__advanceB8ne180100IPN11DeviceEntry7OFSAreaEEEvRT_NS_15iterator_traitsIS4_E15difference_typeENS_26random_acce
__ZNSt3__16vectorIN11DeviceEntry7OFSAreaENS_9allocatorIS2_EEE21_ConstructTransactionC1B8ne180100ERS5_m
__ZNSt3__130__uninitialized_allocator_copyB8ne180100INS_9allocatorIN11DeviceEntry7OFSAreaEEEPS3_S5_S5_EET2_RT_T0_T1_S6_
__ZNSt3__16vectorIN11DeviceEntry7OFSAreaENS_9allocatorIS2_EEE21_ConstructTransactionD1B8ne180100Ev
__ZNSt3__16vectorIN11DeviceEntry7OFSAreaENS_9allocatorIS2_EEE21_ConstructTransactionC2B8ne180100ERS5_m
__ZNSt3__114__unwrap_rangeB8ne180100IPN11DeviceEntry7OFSAreaES3_EENS_4pairIT0_S5_EET_S7_
__ZNSt3__135__uninitialized_allocator_copy_implB8ne180100INS_9allocatorIN11DeviceEntry7OFSAreaEEEPS3_S5_S5_EET2_RT_T0_T1
__ZNSt3__113__unwrap_iterB8ne180100IPN11DeviceEntry7OFSAreaENS_18__unwrap_iter_implIS3_Lb1EEELi0EEEDTclsrT0_8__unwrapcls
__ZNSt3__113__rewrap_iterB8ne180100IPN11DeviceEntry7OFSAreaES3_NS_18__unwrap_iter_implIS3_Lb1EEEEET_S6_T0_
__ZNSt3__19make_pairB8ne180100IPN11DeviceEntry7OFSAreaES3_EENS_4pairINS_18__unwrap_ref_decayIT_E4typeENS5_IT0_E4typeEEEO
__ZNSt3__14pairIPN11DeviceEntry7OFSAreaES3_EC1B8ne180100IS3_S3_Li0EEEOT_OT0_
__ZNSt3__14pairIPN11DeviceEntry7OFSAreaES3_EC2B8ne180100IS3_S3_Li0EEEOT_OT0_
__ZNSt3__122__make_exception_guardB8ne180100INS_29_AllocatorDestroyRangeReverseINS_9allocatorIN11DeviceEntry7OFSAreaEEEP
__ZNSt3__129_AllocatorDestroyRangeReverseINS_9allocatorIN11DeviceEntry7OFSAreaEEEPS3_EC1B8ne180100ERS4_RS5_S8_
__ZNSt3__128__exception_guard_exceptionsINS_29_AllocatorDestroyRangeReverseINS_9allocatorIN11DeviceEntry7OFSAreaEEEPS4_E
__ZNSt3__128__exception_guard_exceptionsINS_29_AllocatorDestroyRangeReverseINS_9allocatorIN11DeviceEntry7OFSAreaEEEPS4_E
__ZNSt3__128__exception_guard_exceptionsINS_29_AllocatorDestroyRangeReverseINS_9allocatorIN11DeviceEntry7OFSAreaEEEPS4_E
__ZNSt3__128__exception_guard_exceptionsINS_29_AllocatorDestroyRangeReverseINS_9allocatorIN11DeviceEntry7OFSAreaEEEPS4_E
__ZNSt3__129_AllocatorDestroyRangeReverseINS_9allocatorIN11DeviceEntry7OFSAreaEEEPS3_EC2B8ne180100ERS4_RS5_S8_
__ZN11DeviceEntry7OFSAreaC1ERKS0_
__ZN11DeviceEntry7OFSAreaC2ERKS0_
__ZNSt3__128__exception_guard_exceptionsINS_29_AllocatorDestroyRangeReverseINS_9allocatorIN11DeviceEntry7OFSAreaEEEPS4_E
__ZNKSt3__129_AllocatorDestroyRangeReverseINS_9allocatorIN11DeviceEntry7OFSAreaEEEPS3_EclB8ne180100Ev
__ZNSt3__119__allocator_destroyB8ne180100INS_9allocatorIN11DeviceEntry7OFSAreaEEENS_16reverse_iteratorIPS3_EES7_EEvRT_T0
__ZNSt3__116reverse_iteratorIPN11DeviceEntry7OFSAreaEEC1B8ne180100ES3_
__ZNSt3__1neB8ne180100IPN11DeviceEntry7OFSAreaES3_EEbRKNS_16reverse_iteratorIT_EERKNS4_IT0_EE
__ZNSt3__112__to_addressB8ne180100INS_16reverse_iteratorIPN11DeviceEntry7OFSAreaEEEvEEu7__decayIDTclsr19__to_address_hel
__ZNSt3__116reverse_iteratorIPN11DeviceEntry7OFSAreaEEppB8ne180100Ev
__ZNKSt3__116reverse_iteratorIPN11DeviceEntry7OFSAreaEE4baseB8ne180100Ev
__ZNSt3__119__to_address_helperINS_16reverse_iteratorIPN11DeviceEntry7OFSAreaEEEvE6__callB8ne180100ERKS5_
__ZNKSt3__116reverse_iteratorIPN11DeviceEntry7OFSAreaEEptB8ne180100Ev
__ZNKSt3__116reverse_iteratorIPN11DeviceEntry7OFSAreaEEdeB8ne180100Ev
__ZNSt3__116reverse_iteratorIPN11DeviceEntry7OFSAreaEEC2B8ne180100ES3_
__ZNSt3__118__unwrap_iter_implIPN11DeviceEntry7OFSAreaELb1EE8__unwrapB8ne180100ES3_
__ZNSt3__118__unwrap_iter_implIPN11DeviceEntry7OFSAreaELb1EE8__rewrapB8ne180100ES3_S3_
__ZNSt3__16vectorIN11DeviceEntry7OFSAreaENS_9allocatorIS2_EEE21_ConstructTransactionD2B8ne180100Ev
lEEEPN11DeviceEntry7OFSAreaES9_S9_Li0EEENS_4pairIT0_T2_EESB_T1_SC_
__ZNSt3__114__rewrap_rangeB8ne180100IPN11DeviceEntry7OFSAreaES3_EET_S4_T0_
__ZNKSt3__16vectorIN11DeviceEntry7OFSAreaENS_9allocatorIS2_EEE17__annotate_shrinkB8ne180100Em
__ZNSt3__16vectorIN11DeviceEntry7OFSAreaENS_9allocatorIS2_EEE5clearB8ne180100Ev
__ZNSt3__16vectorIN11DeviceEntry7OFSAreaENS_9allocatorIS2_EEE9__end_capB8ne180100Ev
__ZNSt3__117__compressed_pairIPN11DeviceEntry7OFSAreaENS_9allocatorIS2_EEE5firstB8ne180100Ev
__ZNSt3__122__compressed_pair_elemIPN11DeviceEntry7OFSAreaELi0ELb0EE5__getB8ne180100Ev
__ZNKSt3__16vectorIN11DeviceEntry7OFSAreaENS_9allocatorIS2_EEE8max_sizeEv
__ZNKSt3__16vectorIN11DeviceEntry7OFSAreaENS_9allocatorIS2_EEE20__throw_length_errorB8ne180100Ev
__ZNSt3__119__allocate_at_leastB8ne180100INS_9allocatorIN11DeviceEntry7OFSAreaEEEEENS_19__allocation_resultINS_16allocat
__ZNKSt3__16vectorIN11DeviceEntry7OFSAreaENS_9allocatorIS2_EEE14__annotate_newB8ne180100Em
__ZNKSt3__16vectorIN11DeviceEntry7OFSAreaENS_9allocatorIS2_EEE7__allocB8ne180100Ev
__ZNKSt3__19allocatorIN11DeviceEntry7OFSAreaEE8max_sizeB8ne180100Ev
__ZNKSt3__117__compressed_pairIPN11DeviceEntry7OFSAreaENS_9allocatorIS2_EEE6secondB8ne180100Ev
__ZNKSt3__122__compressed_pair_elemINS_9allocatorIN11DeviceEntry7OFSAreaEEELi1ELb1EE5__getB8ne180100Ev
__ZNSt3__19allocatorIN11DeviceEntry7OFSAreaEE8allocateB8ne180100Em
__ZNSt3__110__distanceB8ne180100IPN11DeviceEntry7OFSAreaEEENS_15iterator_traitsIT_E15difference_typeES5_S5_NS_26random_a
__ZNSt3__114__split_bufferIN11DeviceEntry7OFSAreaERNS_9allocatorIS2_EEEC1EmmS5_
__ZNSt3__16vectorIN11DeviceEntry7OFSAreaENS_9allocatorIS2_EEE26__swap_out_circular_bufferERNS_14__split_bufferIS2_RS4_EE
__ZNSt3__114__split_bufferIN11DeviceEntry7OFSAreaERNS_9allocatorIS2_EEED1Ev
__ZNSt3__114__split_bufferIN11DeviceEntry7OFSAreaERNS_9allocatorIS2_EEEC2EmmS5_
__ZNSt3__117__compressed_pairIPN11DeviceEntry7OFSAreaERNS_9allocatorIS2_EEEC1B8ne180100IDnS6_EEOT_OT0_
__ZNSt3__114__split_bufferIN11DeviceEntry7OFSAreaERNS_9allocatorIS2_EEE7__allocB8ne180100Ev
__ZNSt3__114__split_bufferIN11DeviceEntry7OFSAreaERNS_9allocatorIS2_EEE9__end_capB8ne180100Ev
__ZNSt3__117__compressed_pairIPN11DeviceEntry7OFSAreaERNS_9allocatorIS2_EEEC2B8ne180100IDnS6_EEOT_OT0_
__ZNSt3__122__compressed_pair_elemIRNS_9allocatorIN11DeviceEntry7OFSAreaEEELi1ELb0EEC2B8ne180100IS5_vEEOT_
__ZNSt3__117__compressed_pairIPN11DeviceEntry7OFSAreaERNS_9allocatorIS2_EEE6secondB8ne180100Ev
__ZNSt3__122__compressed_pair_elemIRNS_9allocatorIN11DeviceEntry7OFSAreaEEELi1ELb0EE5__getB8ne180100Ev
__ZNSt3__117__compressed_pairIPN11DeviceEntry7OFSAreaERNS_9allocatorIS2_EEE5firstB8ne180100Ev
__ZNSt3__142__uninitialized_allocator_move_if_noexceptB8ne180100INS_9allocatorIN11DeviceEntry7OFSAreaEEENS_16reverse_ite
__ZNSt3__14swapB8ne180100IPN11DeviceEntry7OFSAreaEEENS_9enable_ifIXaasr21is_move_constructibleIT_EE5valuesr18is_move_ass
__ZNSt3__122__make_exception_guardB8ne180100INS_29_AllocatorDestroyRangeReverseINS_9allocatorIN11DeviceEntry7OFSAreaEEEN
__ZNSt3__129_AllocatorDestroyRangeReverseINS_9allocatorIN11DeviceEntry7OFSAreaEEENS_16reverse_iteratorIPS3_EEEC1B8ne1801
__ZNSt3__128__exception_guard_exceptionsINS_29_AllocatorDestroyRangeReverseINS_9allocatorIN11DeviceEntry7OFSAreaEEENS_16
__ZNSt3__128__exception_guard_exceptionsINS_29_AllocatorDestroyRangeReverseINS_9allocatorIN11DeviceEntry7OFSAreaEEENS_16
__ZNSt3__128__exception_guard_exceptionsINS_29_AllocatorDestroyRangeReverseINS_9allocatorIN11DeviceEntry7OFSAreaEEENS_16
__ZNSt3__128__exception_guard_exceptionsINS_29_AllocatorDestroyRangeReverseINS_9allocatorIN11DeviceEntry7OFSAreaEEENS_16
__ZNSt3__129_AllocatorDestroyRangeReverseINS_9allocatorIN11DeviceEntry7OFSAreaEEENS_16reverse_iteratorIPS3_EEEC2B8ne1801
__ZN11DeviceEntry7OFSAreaC1EOS0_
__ZN11DeviceEntry7OFSAreaC2EOS0_
__ZNSt3__128__exception_guard_exceptionsINS_29_AllocatorDestroyRangeReverseINS_9allocatorIN11DeviceEntry7OFSAreaEEENS_16
__ZNKSt3__129_AllocatorDestroyRangeReverseINS_9allocatorIN11DeviceEntry7OFSAreaEEENS_16reverse_iteratorIPS3_EEEclB8ne180
__ZNSt3__119__allocator_destroyB8ne180100INS_9allocatorIN11DeviceEntry7OFSAreaEEENS_16reverse_iteratorINS5_IPS3_EEEES8_E
__ZNSt3__116reverse_iteratorINS0_IPN11DeviceEntry7OFSAreaEEEEC1B8ne180100ES4_
__ZNSt3__1neB8ne180100INS_16reverse_iteratorIPN11DeviceEntry7OFSAreaEEES5_EEbRKNS1_IT_EERKNS1_IT0_EE
__ZNSt3__112__to_addressB8ne180100INS_16reverse_iteratorINS1_IPN11DeviceEntry7OFSAreaEEEEEvEEu7__decayIDTclsr19__to_addr
__ZNSt3__116reverse_iteratorINS0_IPN11DeviceEntry7OFSAreaEEEEppB8ne180100Ev
__ZNKSt3__116reverse_iteratorINS0_IPN11DeviceEntry7OFSAreaEEEE4baseB8ne180100Ev
__ZNSt3__119__to_address_helperINS_16reverse_iteratorINS1_IPN11DeviceEntry7OFSAreaEEEEEvE6__callB8ne180100ERKS6_
__ZNKSt3__116reverse_iteratorINS0_IPN11DeviceEntry7OFSAreaEEEEptB8ne180100Ev
__ZNKSt3__116reverse_iteratorINS0_IPN11DeviceEntry7OFSAreaEEEEdeB8ne180100Ev
__ZNSt3__116reverse_iteratorIPN11DeviceEntry7OFSAreaEEmmB8ne180100Ev
__ZNSt3__116reverse_iteratorINS0_IPN11DeviceEntry7OFSAreaEEEEC2B8ne180100ES4_
__ZNSt3__114__split_bufferIN11DeviceEntry7OFSAreaERNS_9allocatorIS2_EEED2Ev
__ZNSt3__114__split_bufferIN11DeviceEntry7OFSAreaERNS_9allocatorIS2_EEE5clearB8ne180100Ev
__ZNKSt3__114__split_bufferIN11DeviceEntry7OFSAreaERNS_9allocatorIS2_EEE8capacityB8ne180100Ev
__ZNSt3__114__split_bufferIN11DeviceEntry7OFSAreaERNS_9allocatorIS2_EEE17__destruct_at_endB8ne180100EPS2_
__ZNSt3__114__split_bufferIN11DeviceEntry7OFSAreaERNS_9allocatorIS2_EEE17__destruct_at_endB8ne180100EPS2_NS_17integral_c
__ZNKSt3__114__split_bufferIN11DeviceEntry7OFSAreaERNS_9allocatorIS2_EEE9__end_capB8ne180100Ev
__ZNKSt3__117__compressed_pairIPN11DeviceEntry7OFSAreaERNS_9allocatorIS2_EEE5firstB8ne180100Ev
__GLOBAL__sub_I_TargetDeviceListEntryARM.cpp
__ZNSt3__13mapINS_12basic_stringIcNS_11char_traitsIcEENS_9allocatorIcEEEE24TargetDeviceListEntryARMNS_4lessIS6_EENS4_INS
cEENS_9allocatorIcEEEE24TargetDeviceListEntryARMEEPNS_11__tree_nodeISA_PvEElEEEESI_
__ZNSt3__13mapINS_12basic_stringIcNS_11char_traitsIcEENS_9allocatorIcEEEE24TargetDeviceListEntryARMNS_4lessIS6_EENS4_INS
__ZNSt3__13mapINS_12basic_stringIcNS_11char_traitsIcEENS_9allocatorIcEEEE24TargetDeviceListEntryARMNS_4lessIS6_EENS4_INS
__ZNSt3__13mapINS_12basic_stringIcNS_11char_traitsIcEENS_9allocatorIcEEEE24TargetDeviceListEntryARMNS_4lessIS6_EENS4_INS
__ZN32TargetDeviceListCoreDetailsEntryC1EPKcS1_S1_S1_S1_
9allocatorIcEEEE24TargetDeviceListEntryARMEEPNS_11__tree_nodeISA_PvEElEEEC1B8ne180100Ev
__ZNKSt3__13mapINS_12basic_stringIcNS_11char_traitsIcEENS_9allocatorIcEEEE24TargetDeviceListEntryARMNS_4lessIS6_EENS4_IN
char_traitsIcEENS_9allocatorIcEEEE24TargetDeviceListEntryARMEEPNS_11__tree_nodeISA_PvEElEEEESI_
__ZNKSt3__13mapINS_12basic_stringIcNS_11char_traitsIcEENS_9allocatorIcEEEE24TargetDeviceListEntryARMNS_4lessIS6_EENS4_IN
_9allocatorIcEEEE24TargetDeviceListEntryARMEEPNS_11__tree_nodeISA_PvEElEEEptB8ne180100Ev
9allocatorIcEEEE24TargetDeviceListEntryARMEEPNS_11__tree_nodeISA_PvEElEEEppB8ne180100Ev
__ZN32TargetDeviceListCoreDetailsEntryC2EPKcS1_S1_S1_S1_
__ZNSt3__13mapINS_12basic_stringIcNS_11char_traitsIcEENS_9allocatorIcEEEE24TargetDeviceListEntryARMNS_4lessIS6_EENS4_INS
__ZNSt3__16__treeINS_12__value_typeINS_12basic_stringIcNS_11char_traitsIcEENS_9allocatorIcEEEE24TargetDeviceListEntryARM
__ZNSt3__16__treeINS_12__value_typeINS_12basic_stringIcNS_11char_traitsIcEENS_9allocatorIcEEEE24TargetDeviceListEntryARM
lue_typeINS_12basic_stringIcNS_11char_traitsIcEENS7_IcEEEE24TargetDeviceListEntryARMEES3_EEEEEC1B8ne180100ILb1EvEEv
_value_typeIS7_24TargetDeviceListEntryARMEENS_4lessIS7_EELb1EEEEC1B8ne180100IiRKSD_EEOT_OT0_
__ZNSt3__16__treeINS_12__value_typeINS_12basic_stringIcNS_11char_traitsIcEENS_9allocatorIcEEEE24TargetDeviceListEntryARM
__ZNSt3__16__treeINS_12__value_typeINS_12basic_stringIcNS_11char_traitsIcEENS_9allocatorIcEEEE24TargetDeviceListEntryARM
lue_typeINS_12basic_stringIcNS_11char_traitsIcEENS7_IcEEEE24TargetDeviceListEntryARMEES3_EEEEEC2B8ne180100ILb1EvEEv
cEENS1_IcEEEE24TargetDeviceListEntryARMEEPvEEEELi1ELb1EEC2B8ne180100ENS_16__value_init_tagE
__ZNSt3__19allocatorINS_11__tree_nodeINS_12__value_typeINS_12basic_stringIcNS_11char_traitsIcEENS0_IcEEEE24TargetDeviceL
ENS1_IcEEEE24TargetDeviceListEntryARMEEPvEEEEEC2B8ne180100Ev
_value_typeIS7_24TargetDeviceListEntryARMEENS_4lessIS7_EELb1EEEEC2B8ne180100IiRKSD_EEOT_OT0_
_12__value_typeIS7_24TargetDeviceListEntryARMEENS_4lessIS7_EELb1EEELi1ELb1EEC2B8ne180100IRKSD_vEEOT_
lue_typeINS_12basic_stringIcNS_11char_traitsIcEENS7_IcEEEE24TargetDeviceListEntryARMEES3_EEEEE5firstB8ne180100Ev
EEEE24TargetDeviceListEntryARMEEPNS_11__tree_nodeISA_PvEElEEEC1B8ne180100ESF_
EE24TargetDeviceListEntryARMEEPNS_11__tree_nodeIS9_PvEElEESG_
__ZNSt3__16__treeINS_12__value_typeINS_12basic_stringIcNS_11char_traitsIcEENS_9allocatorIcEEEE24TargetDeviceListEntryARM
__ZNSt3__16__treeINS_12__value_typeINS_12basic_stringIcNS_11char_traitsIcEENS_9allocatorIcEEEE24TargetDeviceListEntryARM
DeviceListEntryARMEENS_4lessIS6_EELb1EEclB8ne180100ERKS6_RKS9_
__ZNKSt3__115__tree_iteratorINS_12__value_typeINS_12basic_stringIcNS_11char_traitsIcEENS_9allocatorIcEEEE24TargetDeviceL
DeviceListEntryARMEENS_4lessIS6_EELb1EEclB8ne180100ERKS9_RKS6_
__ZNSt3__115__tree_iteratorINS_12__value_typeINS_12basic_stringIcNS_11char_traitsIcEENS_9allocatorIcEEEE24TargetDeviceLi
__ZNKSt3__112__value_typeINS_12basic_stringIcNS_11char_traitsIcEENS_9allocatorIcEEEE24TargetDeviceListEntryARME11__get_v
__ZNSt3__115__tree_iteratorINS_12__value_typeINS_12basic_stringIcNS_11char_traitsIcEENS_9allocatorIcEEEE24TargetDeviceLi
EE24TargetDeviceListEntryARMEEPNS_11__tree_nodeIS9_PvEElEESG_
_value_typeIS7_24TargetDeviceListEntryARMEENS_4lessIS7_EELb1EEEE6secondB8ne180100Ev
_12__value_typeIS7_24TargetDeviceListEntryARMEENS_4lessIS7_EELb1EEELi1ELb1EE5__getB8ne180100Ev
__ZNKSt3__115__tree_iteratorINS_12__value_typeINS_12basic_stringIcNS_11char_traitsIcEENS_9allocatorIcEEEE24TargetDeviceL
EEEE24TargetDeviceListEntryARMEEPNS_11__tree_nodeISA_PvEElEEEC2B8ne180100ESF_
__ZNKSt3__115__tree_iteratorINS_12__value_typeINS_12basic_stringIcNS_11char_traitsIcEENS_9allocatorIcEEEE24TargetDeviceL
__ZNSt3__16__treeINS_12__value_typeINS_12basic_stringIcNS_11char_traitsIcEENS_9allocatorIcEEEE24TargetDeviceListEntryARM
argetDeviceListEntryARMEEPvEENS_22__tree_node_destructorINS6_ISC_EEEEE3getB8ne180100Ev
rgetDeviceListEntryARMEEPvEENS_22__tree_node_destructorINS6_ISC_EEEEE7releaseB8ne180100Ev
rgetDeviceListEntryARMEEPvEENS_22__tree_node_destructorINS6_ISC_EEEEED1B8ne180100Ev
__ZNSt3__115__tree_iteratorINS_12__value_typeINS_12basic_stringIcNS_11char_traitsIcEENS_9allocatorIcEEEE24TargetDeviceLi
tDeviceListEntryARMEEPNS_11__tree_nodeISA_PvEElEEbEC1B8ne180100ISF_RbLi0EEEOT_OT0_
__ZNKSt3__16__treeINS_12__value_typeINS_12basic_stringIcNS_11char_traitsIcEENS_9allocatorIcEEEE24TargetDeviceListEntryAR
_IcEEEE24TargetDeviceListEntryARMEEPvEEEEE8allocateB8ne180100ERSD_m
cEENS1_IcEEEE24TargetDeviceListEntryARMEEPvEEEEEC1B8ne180100ERSD_b
rgetDeviceListEntryARMEEPvEENS_22__tree_node_destructorINS6_ISC_EEEEEC1B8ne180100ILb1EvEEPSC_NS_16__dependent_typeINS_27
argetDeviceListEntryARMEEPvEENS_22__tree_node_destructorINS6_ISC_EEEEEptB8ne180100Ev
rgetDeviceListEntryARMEEPvEENS_22__tree_node_destructorINS6_ISC_EEEEE11get_deleterB8ne180100Ev
__ZNSt3__19allocatorINS_11__tree_nodeINS_12__value_typeINS_12basic_stringIcNS_11char_traitsIcEENS0_IcEEEE24TargetDeviceL
__ZNKSt3__19allocatorINS_11__tree_nodeINS_12__value_typeINS_12basic_stringIcNS_11char_traitsIcEENS0_IcEEEE24TargetDevice
cEENS1_IcEEEE24TargetDeviceListEntryARMEEPvEEEEEC2B8ne180100ERSD_b
rgetDeviceListEntryARMEEPvEENS_22__tree_node_destructorINS6_ISC_EEEEEC2B8ne180100ILb1EvEEPSC_NS_16__dependent_typeINS_27
EEEE24TargetDeviceListEntryARMEEPvEENS_22__tree_node_destructorINS6_ISC_EEEEEC1B8ne180100IRSD_SG_EEOT_OT0_
EEEE24TargetDeviceListEntryARMEEPvEENS_22__tree_node_destructorINS6_ISC_EEEEEC2B8ne180100IRSD_SG_EEOT_OT0_
torIcEEEE24TargetDeviceListEntryARMEEPvEELi0ELb0EEC2B8ne180100IRSD_vEEOT_
ic_stringIcNS_11char_traitsIcEENS2_IcEEEE24TargetDeviceListEntryARMEEPvEEEEEELi1ELb0EEC2B8ne180100ISF_vEEOT_
__ZNSt3__14pairIKNS_12basic_stringIcNS_11char_traitsIcEENS_9allocatorIcEEEE24TargetDeviceListEntryARMEC1B8ne180100IJRS7_
__ZNSt3__14pairIKNS_12basic_stringIcNS_11char_traitsIcEENS_9allocatorIcEEEE24TargetDeviceListEntryARMEC1B8ne180100IJRS7_
__ZNSt3__14pairIKNS_12basic_stringIcNS_11char_traitsIcEENS_9allocatorIcEEEE24TargetDeviceListEntryARMEC2B8ne180100IJRS7_
cEEEE24TargetDeviceListEntryARMEEPvEENS_22__tree_node_destructorINS6_ISC_EEEEE5firstB8ne180100Ev
atorIcEEEE24TargetDeviceListEntryARMEEPvEELi0ELb0EE5__getB8ne180100Ev
EEEE24TargetDeviceListEntryARMEEPvEENS_22__tree_node_destructorINS6_ISC_EEEEE6secondB8ne180100Ev
ic_stringIcNS_11char_traitsIcEENS2_IcEEEE24TargetDeviceListEntryARMEEPvEEEEEELi1ELb0EE5__getB8ne180100Ev
__ZNSt3__16__treeINS_12__value_typeINS_12basic_stringIcNS_11char_traitsIcEENS_9allocatorIcEEEE24TargetDeviceListEntryARM
_value_typeIS7_24TargetDeviceListEntryARMEENS_4lessIS7_EELb1EEEE5firstB8ne180100Ev
EEEE24TargetDeviceListEntryARMEEPvEENS_22__tree_node_destructorINS6_ISC_EEEEE5firstB8ne180100Ev
torIcEEEE24TargetDeviceListEntryARMEEPvEELi0ELb0EE5__getB8ne180100Ev
rgetDeviceListEntryARMEEPvEENS_22__tree_node_destructorINS6_ISC_EEEEED2B8ne180100Ev
rgetDeviceListEntryARMEEPvEENS_22__tree_node_destructorINS6_ISC_EEEEE5resetB8ne180100EPSC_
cEENS1_IcEEEE24TargetDeviceListEntryARMEEPvEEEEEclB8ne180100EPSC_
__ZNSt3__115__tree_iteratorINS_12__value_typeINS_12basic_stringIcNS_11char_traitsIcEENS_9allocatorIcEEEE24TargetDeviceLi
tDeviceListEntryARMEEPNS_11__tree_nodeISA_PvEElEEbEC2B8ne180100ISF_RbLi0EEEOT_OT0_
__ZNSt3__114pointer_traitsIPNS_12__value_typeINS_12basic_stringIcNS_11char_traitsIcEENS_9allocatorIcEEEE24TargetDeviceLi
9allocatorIcEEEE24TargetDeviceListEntryARMEEPNS_11__tree_nodeISA_PvEElEEEC2B8ne180100Ev
__ZNKSt3__16__treeINS_12__value_typeINS_12basic_stringIcNS_11char_traitsIcEENS_9allocatorIcEEEE24TargetDeviceListEntryAR
9allocatorIcEEEE24TargetDeviceListEntryARMEEPNS_11__tree_nodeISA_PvEElEEEC1B8ne180100ESF_
__ZNKSt3__16__treeINS_12__value_typeINS_12basic_stringIcNS_11char_traitsIcEENS_9allocatorIcEEEE24TargetDeviceListEntryAR
9allocatorIcEEEE24TargetDeviceListEntryARMEEPNS_11__tree_nodeISA_PvEElEEEC2B8ne180100ESF_
__ZNKSt3__16__treeINS_12__value_typeINS_12basic_stringIcNS_11char_traitsIcEENS_9allocatorIcEEEE24TargetDeviceListEntryAR
orIcEEEE24TargetDeviceListEntryARMEEPNS_11__tree_nodeIS9_PvEElEESG_
orIcEEEE24TargetDeviceListEntryARMEEPNS_11__tree_nodeIS9_PvEElEESG_
__ZNSt3__114pointer_traitsIPKNS_4pairIKNS_12basic_stringIcNS_11char_traitsIcEENS_9allocatorIcEEEE24TargetDeviceListEntry
__ZNSt3__114pointer_traitsIPKNS_12__value_typeINS_12basic_stringIcNS_11char_traitsIcEENS_9allocatorIcEEEE24TargetDeviceL
__GLOBAL__sub_I_TargetDeviceListManagerARM.cpp
__ZN25ITrustZoneDeviceListEntryC2Ev
__ZN25ITrustZoneDeviceListEntryD2Ev
__ZN25ITrustZoneDeviceListEntryD1Ev
__ZN25ITrustZoneDeviceListEntryD0Ev
__GLOBAL__sub_I_TrustZoneDeviceListEntry.cpp
__ZN15ITZTargetDeviceC2Ev
__ZN15ITZTargetDeviceD2Ev
__ZN15ITZTargetDeviceD1Ev
__ZN15ITZTargetDeviceD0Ev
__GLOBAL__sub_I_TZTargetDevice.cpp
__GLOBAL__sub_I_StarTZTargetDevice.cpp
__GLOBAL__sub_I_RA8TZTargetDevice.cpp
__GLOBAL__sub_I_RA8x2TZTargetDevice.cpp
__GLOBAL__sub_I_RA8x2SiPTZTargetDevice.cpp
__GLOBAL__sub_I_EnewTZTargetDevice.cpp
__GLOBAL__sub_I_RA6B1TZTargetDevice.cpp
__GLOBAL__sub_I_OtherTZTargetDevice.cpp
__ZN18ARMDspTargetDevice25getHWBreakpointsAvailableEv
__ZN18ARMDspTargetDevice22isSimulatedIOSupportedEv
__ZThn248_N18ARMDspTargetDevice22isSimulatedIOSupportedEv
__GLOBAL__sub_I_ARMDspTargetDevice.cpp
__GLOBAL__sub_I_ARMDspTargetDeviceGREEN_DSP.cpp
__GLOBAL__sub_I_ARMR4TargetDeviceWithVFP.cpp
__GLOBAL__sub_I_ARMR8TargetDevice.cpp
__GLOBAL__sub_I_ARMTargetDeviceCore.cpp
__GLOBAL__sub_I_ARMTargetDeviceCoreM0Plus.cpp
__GLOBAL__sub_I_ARMTargetDeviceMC_BRAVO.cpp
__GLOBAL__sub_I_ARMTargetDeviceMC_CPU.cpp
__ZNSt3__16vectorIN17E2ARMTargetDevice11CacheMemoryENS_9allocatorIS2_EEEC1B8ne180100Ev
__ZNSt3__16vectorIN17E2ARMTargetDevice13CacheRegisterENS_9allocatorIS2_EEEC1B8ne180100Ev
__ZNSt3__16vectorIN17E2ARMTargetDevice13CacheRegisterENS_9allocatorIS2_EEED1B8ne180100Ev
__ZNSt3__16vectorIN17E2ARMTargetDevice11CacheMemoryENS_9allocatorIS2_EEED1B8ne180100Ev
__ZN28TargetDeviceListManagerE2ARMD1Ev
__ZNSt3__16vectorIN17E2ARMTargetDevice11CacheMemoryENS_9allocatorIS2_EEE9push_backB8ne180100ERKS2_
__ZNSt3__14sortB8ne180100INS_11__wrap_iterIPN17E2ARMTargetDevice11CacheMemoryEEEPFbRKS3_S7_EEEvT_SA_T0_
__ZNSt3__16vectorIN17E2ARMTargetDevice11CacheMemoryENS_9allocatorIS2_EEE5beginB8ne180100Ev
__ZNSt3__16vectorIN17E2ARMTargetDevice11CacheMemoryENS_9allocatorIS2_EEE3endB8ne180100Ev
__ZNSt3__1neB8ne180100IPN17E2ARMTargetDevice11CacheMemoryEEEbRKNS_11__wrap_iterIT_EES8_
__ZNKSt3__111__wrap_iterIPN17E2ARMTargetDevice11CacheMemoryEEdeB8ne180100Ev
__ZNSt3__111__wrap_iterIPN17E2ARMTargetDevice11CacheMemoryEEppB8ne180100Ei
__ZNSt3__16vectorIN17E2ARMTargetDevice11CacheMemoryENS_9allocatorIS2_EEE5clearB8ne180100Ev
__ZN17E2ARMTargetDevice13CacheRegisterC1Ev
__ZNSt3__16vectorIN17E2ARMTargetDevice13CacheRegisterENS_9allocatorIS2_EEE9push_backB8ne180100ERKS2_
__ZN17E2ARMTargetDevice13CacheRegisterD1Ev
__ZNSt3__16vectorIN17E2ARMTargetDevice13CacheRegisterENS_9allocatorIS2_EEE5beginB8ne180100Ev
__ZNSt3__1neB8ne180100IPN17E2ARMTargetDevice13CacheRegisterEEEbRKNS_11__wrap_iterIT_EES8_
__ZNSt3__16vectorIN17E2ARMTargetDevice13CacheRegisterENS_9allocatorIS2_EEE3endB8ne180100Ev
__ZNKSt3__111__wrap_iterIPN17E2ARMTargetDevice13CacheRegisterEEdeB8ne180100Ev
__ZN17E2ARMTargetDevice13CacheRegisterC1ERKS0_
__ZNSt3__16vectorIN17E2ARMTargetDevice13CacheRegisterENS_9allocatorIS2_EEE5clearB8ne180100Ev
__ZNSt3__111__wrap_iterIPN17E2ARMTargetDevice13CacheRegisterEEppB8ne180100Ei
__ZN17E2ARMTargetDevice31isSupportedForSessionisAnalysisEv
__ZN17E2ARMTargetDevice34isSupportedForSessionisEventpointsEv
__ZN28TargetDeviceListManagerE2ARMD2Ev
__ZNSt3__13mapINS_12basic_stringIcNS_11char_traitsIcEENS_9allocatorIcEEEE26TargetDeviceListEntryE2ARMNS_4lessIS6_EENS4_I
__ZNSt3__13mapINS_12basic_stringIcNS_11char_traitsIcEENS_9allocatorIcEEEE26TargetDeviceListEntryE2ARMNS_4lessIS6_EENS4_I
__ZNSt3__16__treeINS_12__value_typeINS_12basic_stringIcNS_11char_traitsIcEENS_9allocatorIcEEEE26TargetDeviceListEntryE2A
__ZNSt3__16__treeINS_12__value_typeINS_12basic_stringIcNS_11char_traitsIcEENS_9allocatorIcEEEE26TargetDeviceListEntryE2A
__ZNSt3__16__treeINS_12__value_typeINS_12basic_stringIcNS_11char_traitsIcEENS_9allocatorIcEEEE26TargetDeviceListEntryE2A
__ZNKSt3__16__treeINS_12__value_typeINS_12basic_stringIcNS_11char_traitsIcEENS_9allocatorIcEEEE26TargetDeviceListEntryE2
__ZNSt3__16__treeINS_12__value_typeINS_12basic_stringIcNS_11char_traitsIcEENS_9allocatorIcEEEE26TargetDeviceListEntryE2A
_IcEEEE26TargetDeviceListEntryE2ARMEEPvEEEEE10deallocateB8ne180100ERSD_PSC_m
lue_typeINS_12basic_stringIcNS_11char_traitsIcEENS7_IcEEEE26TargetDeviceListEntryE2ARMEES3_EEEEE6secondB8ne180100Ev
cEENS1_IcEEEE26TargetDeviceListEntryE2ARMEEPvEEEELi1ELb1EE5__getB8ne180100Ev
__ZNSt3__112__destroy_atB8ne180100INS_4pairIKNS_12basic_stringIcNS_11char_traitsIcEENS_9allocatorIcEEEE26TargetDeviceLis
__ZNSt3__14pairIKNS_12basic_stringIcNS_11char_traitsIcEENS_9allocatorIcEEEE26TargetDeviceListEntryE2ARMED1Ev
__ZNSt3__14pairIKNS_12basic_stringIcNS_11char_traitsIcEENS_9allocatorIcEEEE26TargetDeviceListEntryE2ARMED2Ev
__ZNSt3__112__value_typeINS_12basic_stringIcNS_11char_traitsIcEENS_9allocatorIcEEEE26TargetDeviceListEntryE2ARME11__get_
__ZNSt3__19allocatorINS_11__tree_nodeINS_12__value_typeINS_12basic_stringIcNS_11char_traitsIcEENS0_IcEEEE26TargetDeviceL
__ZNKSt3__16__treeINS_12__value_typeINS_12basic_stringIcNS_11char_traitsIcEENS_9allocatorIcEEEE26TargetDeviceListEntryE2
alue_typeINS_12basic_stringIcNS_11char_traitsIcEENS7_IcEEEE26TargetDeviceListEntryE2ARMEES3_EEEEE5firstB8ne180100Ev
__ZNSt3__1eqB8ne180100IPN17E2ARMTargetDevice11CacheMemoryEEEbRKNS_11__wrap_iterIT_EES8_
__ZNKSt3__111__wrap_iterIPN17E2ARMTargetDevice11CacheMemoryEE4baseB8ne180100Ev
__ZNSt3__111__wrap_iterIPN17E2ARMTargetDevice11CacheMemoryEEppB8ne180100Ev
__ZN17E2ARMTargetDevice13CacheRegisterC2Ev
__ZN17E2ARMTargetDevice13CacheRegisterD2Ev
__ZNSt3__1eqB8ne180100IPN17E2ARMTargetDevice13CacheRegisterEEEbRKNS_11__wrap_iterIT_EES8_
__ZNKSt3__111__wrap_iterIPN17E2ARMTargetDevice13CacheRegisterEE4baseB8ne180100Ev
__ZN17E2ARMTargetDevice13CacheRegisterC2ERKS0_
__ZNSt3__111__wrap_iterIPN17E2ARMTargetDevice13CacheRegisterEEppB8ne180100Ev
__ZNSt3__16vectorIN17E2ARMTargetDevice11CacheMemoryENS_9allocatorIS2_EEEC2B8ne180100Ev
__ZNSt3__117__compressed_pairIPN17E2ARMTargetDevice11CacheMemoryENS_9allocatorIS2_EEEC1B8ne180100IDnNS_18__default_init_
__ZNSt3__117__compressed_pairIPN17E2ARMTargetDevice11CacheMemoryENS_9allocatorIS2_EEEC2B8ne180100IDnNS_18__default_init_
__ZNSt3__122__compressed_pair_elemIPN17E2ARMTargetDevice11CacheMemoryELi0ELb0EEC2B8ne180100IDnvEEOT_
__ZNSt3__122__compressed_pair_elemINS_9allocatorIN17E2ARMTargetDevice11CacheMemoryEEELi1ELb1EEC2B8ne180100ENS_18__defaul
__ZNSt3__19allocatorIN17E2ARMTargetDevice11CacheMemoryEEC2B8ne180100Ev
__ZNSt3__116__non_trivial_ifILb1ENS_9allocatorIN17E2ARMTargetDevice11CacheMemoryEEEEC2B8ne180100Ev
__ZNSt3__16vectorIN17E2ARMTargetDevice13CacheRegisterENS_9allocatorIS2_EEEC2B8ne180100Ev
__ZNSt3__117__compressed_pairIPN17E2ARMTargetDevice13CacheRegisterENS_9allocatorIS2_EEEC1B8ne180100IDnNS_18__default_ini
__ZNSt3__117__compressed_pairIPN17E2ARMTargetDevice13CacheRegisterENS_9allocatorIS2_EEEC2B8ne180100IDnNS_18__default_ini
__ZNSt3__122__compressed_pair_elemIPN17E2ARMTargetDevice13CacheRegisterELi0ELb0EEC2B8ne180100IDnvEEOT_
__ZNSt3__122__compressed_pair_elemINS_9allocatorIN17E2ARMTargetDevice13CacheRegisterEEELi1ELb1EEC2B8ne180100ENS_18__defa
__ZNSt3__19allocatorIN17E2ARMTargetDevice13CacheRegisterEEC2B8ne180100Ev
__ZNSt3__116__non_trivial_ifILb1ENS_9allocatorIN17E2ARMTargetDevice13CacheRegisterEEEEC2B8ne180100Ev
__ZNSt3__16vectorIN17E2ARMTargetDevice11CacheMemoryENS_9allocatorIS2_EEED2B8ne180100Ev
__ZNSt3__16vectorIN17E2ARMTargetDevice11CacheMemoryENS_9allocatorIS2_EEE16__destroy_vectorC1B8ne180100ERS5_
__ZNSt3__16vectorIN17E2ARMTargetDevice11CacheMemoryENS_9allocatorIS2_EEE16__destroy_vectorclB8ne180100Ev
__ZNSt3__16vectorIN17E2ARMTargetDevice11CacheMemoryENS_9allocatorIS2_EEE16__destroy_vectorC2B8ne180100ERS5_
__ZNSt3__16vectorIN17E2ARMTargetDevice11CacheMemoryENS_9allocatorIS2_EEE7__clearB8ne180100Ev
__ZNKSt3__16vectorIN17E2ARMTargetDevice11CacheMemoryENS_9allocatorIS2_EEE17__annotate_deleteB8ne180100Ev
__ZNSt3__116allocator_traitsINS_9allocatorIN17E2ARMTargetDevice11CacheMemoryEEEE10deallocateB8ne180100ERS4_PS3_m
__ZNSt3__16vectorIN17E2ARMTargetDevice11CacheMemoryENS_9allocatorIS2_EEE7__allocB8ne180100Ev
__ZNKSt3__16vectorIN17E2ARMTargetDevice11CacheMemoryENS_9allocatorIS2_EEE8capacityB8ne180100Ev
__ZNSt3__16vectorIN17E2ARMTargetDevice11CacheMemoryENS_9allocatorIS2_EEE22__base_destruct_at_endB8ne180100EPS2_
__ZNSt3__112__to_addressB8ne180100IN17E2ARMTargetDevice11CacheMemoryEEEPT_S4_
__ZNSt3__19allocatorIN17E2ARMTargetDevice11CacheMemoryEE7destroyB8ne180100EPS2_
__ZNSt3__19allocatorIN17E2ARMTargetDevice11CacheMemoryEE10deallocateB8ne180100EPS2_m
__ZNSt3__117__compressed_pairIPN17E2ARMTargetDevice11CacheMemoryENS_9allocatorIS2_EEE6secondB8ne180100Ev
__ZNSt3__122__compressed_pair_elemINS_9allocatorIN17E2ARMTargetDevice11CacheMemoryEEELi1ELb1EE5__getB8ne180100Ev
__ZNKSt3__16vectorIN17E2ARMTargetDevice11CacheMemoryENS_9allocatorIS2_EEE9__end_capB8ne180100Ev
__ZNKSt3__117__compressed_pairIPN17E2ARMTargetDevice11CacheMemoryENS_9allocatorIS2_EEE5firstB8ne180100Ev
__ZNKSt3__122__compressed_pair_elemIPN17E2ARMTargetDevice11CacheMemoryELi0ELb0EE5__getB8ne180100Ev
__ZNSt3__16vectorIN17E2ARMTargetDevice13CacheRegisterENS_9allocatorIS2_EEED2B8ne180100Ev
__ZNSt3__16vectorIN17E2ARMTargetDevice13CacheRegisterENS_9allocatorIS2_EEE16__destroy_vectorC1B8ne180100ERS5_
__ZNSt3__16vectorIN17E2ARMTargetDevice13CacheRegisterENS_9allocatorIS2_EEE16__destroy_vectorclB8ne180100Ev
__ZNSt3__16vectorIN17E2ARMTargetDevice13CacheRegisterENS_9allocatorIS2_EEE16__destroy_vectorC2B8ne180100ERS5_
__ZNSt3__16vectorIN17E2ARMTargetDevice13CacheRegisterENS_9allocatorIS2_EEE7__clearB8ne180100Ev
__ZNKSt3__16vectorIN17E2ARMTargetDevice13CacheRegisterENS_9allocatorIS2_EEE17__annotate_deleteB8ne180100Ev
__ZNSt3__116allocator_traitsINS_9allocatorIN17E2ARMTargetDevice13CacheRegisterEEEE10deallocateB8ne180100ERS4_PS3_m
__ZNSt3__16vectorIN17E2ARMTargetDevice13CacheRegisterENS_9allocatorIS2_EEE7__allocB8ne180100Ev
__ZNKSt3__16vectorIN17E2ARMTargetDevice13CacheRegisterENS_9allocatorIS2_EEE8capacityB8ne180100Ev
__ZNSt3__16vectorIN17E2ARMTargetDevice13CacheRegisterENS_9allocatorIS2_EEE22__base_destruct_at_endB8ne180100EPS2_
__ZNSt3__112__to_addressB8ne180100IN17E2ARMTargetDevice13CacheRegisterEEEPT_S4_
__ZNSt3__19allocatorIN17E2ARMTargetDevice13CacheRegisterEE7destroyB8ne180100EPS2_
__ZNSt3__19allocatorIN17E2ARMTargetDevice13CacheRegisterEE10deallocateB8ne180100EPS2_m
__ZNSt3__117__compressed_pairIPN17E2ARMTargetDevice13CacheRegisterENS_9allocatorIS2_EEE6secondB8ne180100Ev
__ZNSt3__122__compressed_pair_elemINS_9allocatorIN17E2ARMTargetDevice13CacheRegisterEEELi1ELb1EE5__getB8ne180100Ev
__ZNKSt3__16vectorIN17E2ARMTargetDevice13CacheRegisterENS_9allocatorIS2_EEE9__end_capB8ne180100Ev
__ZNKSt3__117__compressed_pairIPN17E2ARMTargetDevice13CacheRegisterENS_9allocatorIS2_EEE5firstB8ne180100Ev
__ZNKSt3__122__compressed_pair_elemIPN17E2ARMTargetDevice13CacheRegisterELi0ELb0EE5__getB8ne180100Ev
__ZNSt3__16vectorIN17E2ARMTargetDevice11CacheMemoryENS_9allocatorIS2_EEE9__end_capB8ne180100Ev
__ZNSt3__117__compressed_pairIPN17E2ARMTargetDevice11CacheMemoryENS_9allocatorIS2_EEE5firstB8ne180100Ev
__ZNSt3__122__compressed_pair_elemIPN17E2ARMTargetDevice11CacheMemoryELi0ELb0EE5__getB8ne180100Ev
__ZNSt3__16vectorIN17E2ARMTargetDevice11CacheMemoryENS_9allocatorIS2_EEE21_ConstructTransactionC1B8ne180100ERS5_m
__ZNSt3__16vectorIN17E2ARMTargetDevice11CacheMemoryENS_9allocatorIS2_EEE21_ConstructTransactionD1B8ne180100Ev
__ZNSt3__16vectorIN17E2ARMTargetDevice11CacheMemoryENS_9allocatorIS2_EEE21_ConstructTransactionC2B8ne180100ERS5_m
__ZNSt3__16vectorIN17E2ARMTargetDevice11CacheMemoryENS_9allocatorIS2_EEE21_ConstructTransactionD2B8ne180100Ev
__ZNKSt3__16vectorIN17E2ARMTargetDevice11CacheMemoryENS_9allocatorIS2_EEE11__recommendB8ne180100Em
__ZNKSt3__16vectorIN17E2ARMTargetDevice11CacheMemoryENS_9allocatorIS2_EEE4sizeB8ne180100Ev
__ZNSt3__114__split_bufferIN17E2ARMTargetDevice11CacheMemoryERNS_9allocatorIS2_EEEC1EmmS5_
__ZNSt3__16vectorIN17E2ARMTargetDevice11CacheMemoryENS_9allocatorIS2_EEE26__swap_out_circular_bufferERNS_14__split_buffe
__ZNSt3__114__split_bufferIN17E2ARMTargetDevice11CacheMemoryERNS_9allocatorIS2_EEED1Ev
__ZNKSt3__16vectorIN17E2ARMTargetDevice11CacheMemoryENS_9allocatorIS2_EEE8max_sizeEv
__ZNKSt3__16vectorIN17E2ARMTargetDevice11CacheMemoryENS_9allocatorIS2_EEE20__throw_length_errorB8ne180100Ev
__ZNKSt3__16vectorIN17E2ARMTargetDevice11CacheMemoryENS_9allocatorIS2_EEE7__allocB8ne180100Ev
__ZNKSt3__19allocatorIN17E2ARMTargetDevice11CacheMemoryEE8max_sizeB8ne180100Ev
__ZNKSt3__117__compressed_pairIPN17E2ARMTargetDevice11CacheMemoryENS_9allocatorIS2_EEE6secondB8ne180100Ev
__ZNKSt3__122__compressed_pair_elemINS_9allocatorIN17E2ARMTargetDevice11CacheMemoryEEELi1ELb1EE5__getB8ne180100Ev
__ZNSt3__114__split_bufferIN17E2ARMTargetDevice11CacheMemoryERNS_9allocatorIS2_EEEC2EmmS5_
__ZNSt3__117__compressed_pairIPN17E2ARMTargetDevice11CacheMemoryERNS_9allocatorIS2_EEEC1B8ne180100IDnS6_EEOT_OT0_
__ZNSt3__119__allocate_at_leastB8ne180100INS_9allocatorIN17E2ARMTargetDevice11CacheMemoryEEEEENS_19__allocation_resultIN
__ZNSt3__114__split_bufferIN17E2ARMTargetDevice11CacheMemoryERNS_9allocatorIS2_EEE7__allocB8ne180100Ev
__ZNSt3__114__split_bufferIN17E2ARMTargetDevice11CacheMemoryERNS_9allocatorIS2_EEE9__end_capB8ne180100Ev
__ZNSt3__117__compressed_pairIPN17E2ARMTargetDevice11CacheMemoryERNS_9allocatorIS2_EEEC2B8ne180100IDnS6_EEOT_OT0_
__ZNSt3__122__compressed_pair_elemIRNS_9allocatorIN17E2ARMTargetDevice11CacheMemoryEEELi1ELb0EEC2B8ne180100IS5_vEEOT_
__ZNSt3__19allocatorIN17E2ARMTargetDevice11CacheMemoryEE8allocateB8ne180100Em
__ZNSt3__117__compressed_pairIPN17E2ARMTargetDevice11CacheMemoryERNS_9allocatorIS2_EEE6secondB8ne180100Ev
__ZNSt3__122__compressed_pair_elemIRNS_9allocatorIN17E2ARMTargetDevice11CacheMemoryEEELi1ELb0EE5__getB8ne180100Ev
__ZNSt3__117__compressed_pairIPN17E2ARMTargetDevice11CacheMemoryERNS_9allocatorIS2_EEE5firstB8ne180100Ev
__ZNSt3__142__uninitialized_allocator_move_if_noexceptB8ne180100INS_9allocatorIN17E2ARMTargetDevice11CacheMemoryEEENS_16
__ZNSt3__116reverse_iteratorIPN17E2ARMTargetDevice11CacheMemoryEEC1B8ne180100ES3_
__ZNKSt3__116reverse_iteratorIPN17E2ARMTargetDevice11CacheMemoryEE4baseB8ne180100Ev
__ZNSt3__14swapB8ne180100IPN17E2ARMTargetDevice11CacheMemoryEEENS_9enable_ifIXaasr21is_move_constructibleIT_EE5valuesr18
__ZNKSt3__16vectorIN17E2ARMTargetDevice11CacheMemoryENS_9allocatorIS2_EEE14__annotate_newB8ne180100Em
__ZNSt3__14moveB8ne180100INS_16reverse_iteratorIPN17E2ARMTargetDevice11CacheMemoryEEES5_EET0_T_S7_S6_
__ZNSt3__16__moveB8ne180100INS_17_ClassicAlgPolicyENS_16reverse_iteratorIPN17E2ARMTargetDevice11CacheMemoryEEES6_S6_EENS
rse_iteratorIPN17E2ARMTargetDevice11CacheMemoryEEES9_S9_EENS_4pairIT2_T4_EESB_T3_SC_
lEEENS_16reverse_iteratorIPN17E2ARMTargetDevice11CacheMemoryEEESB_SB_Li0EEENS_4pairIT0_T2_EESD_T1_SE_
__ZNSt3__114__unwrap_rangeB8ne180100INS_16reverse_iteratorIPN17E2ARMTargetDevice11CacheMemoryEEES5_EENS_4pairIT0_S7_EET_
__ZNSt3__113__unwrap_iterB8ne180100INS_16reverse_iteratorIPN17E2ARMTargetDevice11CacheMemoryEEENS_18__unwrap_iter_implIS
__ZNSt3__19make_pairB8ne180100INS_16reverse_iteratorIPN17E2ARMTargetDevice11CacheMemoryEEES5_EENS_4pairINS_18__unwrap_re
__ZNSt3__114__rewrap_rangeB8ne180100INS_16reverse_iteratorIPN17E2ARMTargetDevice11CacheMemoryEEES5_EET_S6_T0_
__ZNSt3__113__rewrap_iterB8ne180100INS_16reverse_iteratorIPN17E2ARMTargetDevice11CacheMemoryEEES5_NS_18__unwrap_iter_imp
__ZNSt3__1neB8ne180100IPN17E2ARMTargetDevice11CacheMemoryES3_EEbRKNS_16reverse_iteratorIT_EERKNS4_IT0_EE
__ZNSt3__18_IterOpsINS_17_ClassicAlgPolicyEE11__iter_moveB8ne180100IRNS_16reverse_iteratorIPN17E2ARMTargetDevice11CacheM
__ZNKSt3__116reverse_iteratorIPN17E2ARMTargetDevice11CacheMemoryEEdeB8ne180100Ev
__ZNSt3__116reverse_iteratorIPN17E2ARMTargetDevice11CacheMemoryEEppB8ne180100Ev
Device11CacheMemoryEEEEEvv
__ZNSt3__118__unwrap_iter_implINS_16reverse_iteratorIPN17E2ARMTargetDevice11CacheMemoryEEELb0EE8__unwrapB8ne180100ES5_
__ZNSt3__14pairINS_16reverse_iteratorIPN17E2ARMTargetDevice11CacheMemoryEEES5_EC1B8ne180100IS5_S5_Li0EEEOT_OT0_
__ZNSt3__14pairINS_16reverse_iteratorIPN17E2ARMTargetDevice11CacheMemoryEEES5_EC2B8ne180100IS5_S5_Li0EEEOT_OT0_
__ZNSt3__118__unwrap_iter_implINS_16reverse_iteratorIPN17E2ARMTargetDevice11CacheMemoryEEELb0EE8__rewrapB8ne180100ES5_S5
__ZNSt3__116reverse_iteratorIPN17E2ARMTargetDevice11CacheMemoryEEC2B8ne180100ES3_
__ZNSt3__114__split_bufferIN17E2ARMTargetDevice11CacheMemoryERNS_9allocatorIS2_EEED2Ev
__ZNSt3__114__split_bufferIN17E2ARMTargetDevice11CacheMemoryERNS_9allocatorIS2_EEE5clearB8ne180100Ev
__ZNKSt3__114__split_bufferIN17E2ARMTargetDevice11CacheMemoryERNS_9allocatorIS2_EEE8capacityB8ne180100Ev
__ZNSt3__114__split_bufferIN17E2ARMTargetDevice11CacheMemoryERNS_9allocatorIS2_EEE17__destruct_at_endB8ne180100EPS2_
__ZNSt3__114__split_bufferIN17E2ARMTargetDevice11CacheMemoryERNS_9allocatorIS2_EEE17__destruct_at_endB8ne180100EPS2_NS_1
__ZNKSt3__114__split_bufferIN17E2ARMTargetDevice11CacheMemoryERNS_9allocatorIS2_EEE9__end_capB8ne180100Ev
__ZNKSt3__117__compressed_pairIPN17E2ARMTargetDevice11CacheMemoryERNS_9allocatorIS2_EEE5firstB8ne180100Ev
__ZNSt3__16vectorIN17E2ARMTargetDevice11CacheMemoryENS_9allocatorIS2_EEE11__make_iterB8ne180100EPS2_
__ZNSt3__111__wrap_iterIPN17E2ARMTargetDevice11CacheMemoryEEC1B8ne180100ES3_
__ZNSt3__111__wrap_iterIPN17E2ARMTargetDevice11CacheMemoryEEC2B8ne180100ES3_
__ZNSt3__111__sort_implB8ne180100INS_17_ClassicAlgPolicyENS_11__wrap_iterIPN17E2ARMTargetDevice11CacheMemoryEEEPFbRKS4_S
__ZNSt3__123__debug_randomize_rangeB8ne180100INS_17_ClassicAlgPolicyENS_11__wrap_iterIPN17E2ARMTargetDevice11CacheMemory
__ZNSt3__115__sort_dispatchB8ne180100INS_17_ClassicAlgPolicyEPN17E2ARMTargetDevice11CacheMemoryEPFbRKS3_S6_EEEvT0_S9_RT1
__ZNSt3__113__unwrap_iterB8ne180100INS_11__wrap_iterIPN17E2ARMTargetDevice11CacheMemoryEEENS_18__unwrap_iter_implIS5_Lb1
__ZNSt3__135__check_strict_weak_ordering_sortedB8ne180100IPN17E2ARMTargetDevice11CacheMemoryEPFbRKS2_S5_EEEvT_S8_RT0_
__ZNSt3__18_IterOpsINS_17_ClassicAlgPolicyEE9iter_swapB8ne180100IRPN17E2ARMTargetDevice11CacheMemoryES7_EEvOT_OT0_
__ZNSt3__124__sort3_maybe_branchlessB8ne180100INS_17_ClassicAlgPolicyERPFbRKN17E2ARMTargetDevice11CacheMemoryES5_EPS3_Li
__ZNSt3__124__sort4_maybe_branchlessB8ne180100INS_17_ClassicAlgPolicyERPFbRKN17E2ARMTargetDevice11CacheMemoryES5_EPS3_Li
__ZNSt3__124__sort5_maybe_branchlessB8ne180100INS_17_ClassicAlgPolicyERPFbRKN17E2ARMTargetDevice11CacheMemoryES5_EPS3_Li
__ZNSt3__116__insertion_sortB8ne180100INS_17_ClassicAlgPolicyERPFbRKN17E2ARMTargetDevice11CacheMemoryES5_EPS3_EEvT1_SA_T
__ZNSt3__126__insertion_sort_unguardedB8ne180100INS_17_ClassicAlgPolicyERPFbRKN17E2ARMTargetDevice11CacheMemoryES5_EPS3_
__ZNSt3__114__partial_sortB8ne180100INS_17_ClassicAlgPolicyERPFbRKN17E2ARMTargetDevice11CacheMemoryES5_EPS3_S9_EET1_SA_S
__ZNSt3__17__sort3B8ne180100INS_17_ClassicAlgPolicyERPFbRKN17E2ARMTargetDevice11CacheMemoryES5_EPS3_EEjT1_SA_SA_T0_
__ZNSt3__18_IterOpsINS_17_ClassicAlgPolicyEE9iter_swapB8ne180100IRPN17E2ARMTargetDevice11CacheMemoryES6_EEvOT_OT0_
__ZNSt3__131__partition_with_equals_on_leftB8ne180100INS_17_ClassicAlgPolicyEPN17E2ARMTargetDevice11CacheMemoryERPFbRKS3
__ZNSt3__118__bitset_partitionB8ne180100INS_17_ClassicAlgPolicyEPN17E2ARMTargetDevice11CacheMemoryERPFbRKS3_S6_EEENS_4pa
__ZNSt3__132__partition_with_equals_on_rightB8ne180100INS_17_ClassicAlgPolicyEPN17E2ARMTargetDevice11CacheMemoryERPFbRKS
__ZNSt3__127__insertion_sort_incompleteB8ne180100INS_17_ClassicAlgPolicyERPFbRKN17E2ARMTargetDevice11CacheMemoryES5_EPS3
__ZNSt3__19iter_swapB8ne180100IPN17E2ARMTargetDevice11CacheMemoryES3_EEvT_T0_
__ZNSt3__14swapB8ne180100IN17E2ARMTargetDevice11CacheMemoryEEENS_9enable_ifIXaasr21is_move_constructibleIT_EE5valuesr18i
__ZNSt3__17__sort4B8ne180100INS_17_ClassicAlgPolicyERPFbRKN17E2ARMTargetDevice11CacheMemoryES5_EPS3_EEvT1_SA_SA_SA_T0_
__ZNSt3__17__sort5B8ne180100INS_17_ClassicAlgPolicyERPFbRKN17E2ARMTargetDevice11CacheMemoryES5_EPS3_EEvT1_SA_SA_SA_SA_T0
__ZNSt3__18_IterOpsINS_17_ClassicAlgPolicyEE11__iter_moveB8ne180100IRPN17E2ARMTargetDevice11CacheMemoryELi0EEEDTclsr3std
__ZNSt3__18_IterOpsINS_17_ClassicAlgPolicyEE25__validate_iter_referenceB8ne180100IRPN17E2ARMTargetDevice11CacheMemoryEEE
__ZNSt3__18_IterOpsINS_17_ClassicAlgPolicyEE4nextB8ne180100IPN17E2ARMTargetDevice11CacheMemoryEEET_S7_S7_
__ZNSt3__123__debug_randomize_rangeB8ne180100INS_17_ClassicAlgPolicyEPN17E2ARMTargetDevice11CacheMemoryES4_EEvT0_T1_
__ZNSt3__119__partial_sort_implB8ne180100INS_17_ClassicAlgPolicyERPFbRKN17E2ARMTargetDevice11CacheMemoryES5_EPS3_S9_EET1
__ZNSt3__111__make_heapB8ne180100INS_17_ClassicAlgPolicyERPFbRKN17E2ARMTargetDevice11CacheMemoryES5_EPS3_EEvT1_SA_OT0_
__ZNSt3__111__sift_downB8ne180100INS_17_ClassicAlgPolicyERPFbRKN17E2ARMTargetDevice11CacheMemoryES5_EPS3_EEvT1_OT0_NS_15
__ZNSt3__111__sort_heapB8ne180100INS_17_ClassicAlgPolicyERPFbRKN17E2ARMTargetDevice11CacheMemoryES5_EPS3_EEvT1_SA_OT0_
__ZNSt3__110__pop_heapB8ne180100INS_17_ClassicAlgPolicyEPFbRKN17E2ARMTargetDevice11CacheMemoryES5_EPS3_EEvT1_S9_RT0_NS_1
__ZNSt3__117__floyd_sift_downB8ne180100INS_17_ClassicAlgPolicyERPFbRKN17E2ARMTargetDevice11CacheMemoryES5_EPS3_EET1_SA_O
__ZNSt3__19__sift_upB8ne180100INS_17_ClassicAlgPolicyERPFbRKN17E2ARMTargetDevice11CacheMemoryES5_EPS3_EEvT1_SA_OT0_NS_15
__ZNSt3__122__populate_left_bitsetB8ne180100IRPFbRKN17E2ARMTargetDevice11CacheMemoryES4_EPS2_S2_EEvT0_T_RT1_Ry
__ZNSt3__123__populate_right_bitsetB8ne180100IRPFbRKN17E2ARMTargetDevice11CacheMemoryES4_EPS2_S2_EEvT0_T_RT1_Ry
__ZNSt3__117__swap_bitmap_posB8ne180100INS_17_ClassicAlgPolicyEPN17E2ARMTargetDevice11CacheMemoryEEEvT0_S5_RyS6_
__ZNSt3__133__bitset_partition_partial_blocksB8ne180100INS_17_ClassicAlgPolicyERPFbRKN17E2ARMTargetDevice11CacheMemoryES
__ZNSt3__124__swap_bitmap_pos_withinB8ne180100INS_17_ClassicAlgPolicyEPN17E2ARMTargetDevice11CacheMemoryEEEvRT0_S6_RyS7_
__ZNSt3__19make_pairB8ne180100IRPN17E2ARMTargetDevice11CacheMemoryERbEENS_4pairINS_18__unwrap_ref_decayIT_E4typeENS7_IT0
__ZNSt3__18_IterOpsINS_17_ClassicAlgPolicyEE9iter_swapB8ne180100IPN17E2ARMTargetDevice11CacheMemoryES6_EEvOT_OT0_
__ZNSt3__14pairIPN17E2ARMTargetDevice11CacheMemoryEbEC1B8ne180100IRS3_RbLi0EEEOT_OT0_
__ZNSt3__14pairIPN17E2ARMTargetDevice11CacheMemoryEbEC2B8ne180100IRS3_RbLi0EEEOT_OT0_
__ZNSt3__118__unwrap_iter_implINS_11__wrap_iterIPN17E2ARMTargetDevice11CacheMemoryEEELb1EE8__unwrapB8ne180100ES5_
__ZNSt3__112__to_addressB8ne180100INS_11__wrap_iterIPN17E2ARMTargetDevice11CacheMemoryEEEvEEu7__decayIDTclsr19__to_addre
__ZNSt3__119__to_address_helperINS_11__wrap_iterIPN17E2ARMTargetDevice11CacheMemoryEEEvE6__callB8ne180100ERKS5_
__ZNSt3__114pointer_traitsINS_11__wrap_iterIPN17E2ARMTargetDevice11CacheMemoryEEEE10to_addressB8ne180100ES5_
__ZNKSt3__16vectorIN17E2ARMTargetDevice11CacheMemoryENS_9allocatorIS2_EEE17__annotate_shrinkB8ne180100Em
__ZNSt3__16vectorIN17E2ARMTargetDevice13CacheRegisterENS_9allocatorIS2_EEE9__end_capB8ne180100Ev
__ZNSt3__117__compressed_pairIPN17E2ARMTargetDevice13CacheRegisterENS_9allocatorIS2_EEE5firstB8ne180100Ev
__ZNSt3__122__compressed_pair_elemIPN17E2ARMTargetDevice13CacheRegisterELi0ELb0EE5__getB8ne180100Ev
__ZNSt3__16vectorIN17E2ARMTargetDevice13CacheRegisterENS_9allocatorIS2_EEE21_ConstructTransactionC1B8ne180100ERS5_m
__ZNSt3__16vectorIN17E2ARMTargetDevice13CacheRegisterENS_9allocatorIS2_EEE21_ConstructTransactionD1B8ne180100Ev
__ZNSt3__16vectorIN17E2ARMTargetDevice13CacheRegisterENS_9allocatorIS2_EEE21_ConstructTransactionC2B8ne180100ERS5_m
__ZNSt3__16vectorIN17E2ARMTargetDevice13CacheRegisterENS_9allocatorIS2_EEE21_ConstructTransactionD2B8ne180100Ev
__ZNKSt3__16vectorIN17E2ARMTargetDevice13CacheRegisterENS_9allocatorIS2_EEE11__recommendB8ne180100Em
__ZNKSt3__16vectorIN17E2ARMTargetDevice13CacheRegisterENS_9allocatorIS2_EEE4sizeB8ne180100Ev
__ZNSt3__114__split_bufferIN17E2ARMTargetDevice13CacheRegisterERNS_9allocatorIS2_EEEC1EmmS5_
__ZNSt3__16vectorIN17E2ARMTargetDevice13CacheRegisterENS_9allocatorIS2_EEE26__swap_out_circular_bufferERNS_14__split_buf
__ZNSt3__114__split_bufferIN17E2ARMTargetDevice13CacheRegisterERNS_9allocatorIS2_EEED1Ev
__ZNKSt3__16vectorIN17E2ARMTargetDevice13CacheRegisterENS_9allocatorIS2_EEE8max_sizeEv
__ZNKSt3__16vectorIN17E2ARMTargetDevice13CacheRegisterENS_9allocatorIS2_EEE20__throw_length_errorB8ne180100Ev
__ZNKSt3__16vectorIN17E2ARMTargetDevice13CacheRegisterENS_9allocatorIS2_EEE7__allocB8ne180100Ev
__ZNKSt3__19allocatorIN17E2ARMTargetDevice13CacheRegisterEE8max_sizeB8ne180100Ev
__ZNKSt3__117__compressed_pairIPN17E2ARMTargetDevice13CacheRegisterENS_9allocatorIS2_EEE6secondB8ne180100Ev
__ZNKSt3__122__compressed_pair_elemINS_9allocatorIN17E2ARMTargetDevice13CacheRegisterEEELi1ELb1EE5__getB8ne180100Ev
__ZNSt3__114__split_bufferIN17E2ARMTargetDevice13CacheRegisterERNS_9allocatorIS2_EEEC2EmmS5_
__ZNSt3__117__compressed_pairIPN17E2ARMTargetDevice13CacheRegisterERNS_9allocatorIS2_EEEC1B8ne180100IDnS6_EEOT_OT0_
__ZNSt3__119__allocate_at_leastB8ne180100INS_9allocatorIN17E2ARMTargetDevice13CacheRegisterEEEEENS_19__allocation_result
__ZNSt3__114__split_bufferIN17E2ARMTargetDevice13CacheRegisterERNS_9allocatorIS2_EEE7__allocB8ne180100Ev
__ZNSt3__114__split_bufferIN17E2ARMTargetDevice13CacheRegisterERNS_9allocatorIS2_EEE9__end_capB8ne180100Ev
__ZNSt3__117__compressed_pairIPN17E2ARMTargetDevice13CacheRegisterERNS_9allocatorIS2_EEEC2B8ne180100IDnS6_EEOT_OT0_
__ZNSt3__122__compressed_pair_elemIRNS_9allocatorIN17E2ARMTargetDevice13CacheRegisterEEELi1ELb0EEC2B8ne180100IS5_vEEOT_
__ZNSt3__19allocatorIN17E2ARMTargetDevice13CacheRegisterEE8allocateB8ne180100Em
__ZNSt3__117__compressed_pairIPN17E2ARMTargetDevice13CacheRegisterERNS_9allocatorIS2_EEE6secondB8ne180100Ev
__ZNSt3__122__compressed_pair_elemIRNS_9allocatorIN17E2ARMTargetDevice13CacheRegisterEEELi1ELb0EE5__getB8ne180100Ev
__ZNSt3__117__compressed_pairIPN17E2ARMTargetDevice13CacheRegisterERNS_9allocatorIS2_EEE5firstB8ne180100Ev
__ZNSt3__142__uninitialized_allocator_move_if_noexceptB8ne180100INS_9allocatorIN17E2ARMTargetDevice13CacheRegisterEEENS_
__ZNSt3__116reverse_iteratorIPN17E2ARMTargetDevice13CacheRegisterEEC1B8ne180100ES3_
__ZNKSt3__116reverse_iteratorIPN17E2ARMTargetDevice13CacheRegisterEE4baseB8ne180100Ev
__ZNSt3__14swapB8ne180100IPN17E2ARMTargetDevice13CacheRegisterEEENS_9enable_ifIXaasr21is_move_constructibleIT_EE5valuesr
__ZNKSt3__16vectorIN17E2ARMTargetDevice13CacheRegisterENS_9allocatorIS2_EEE14__annotate_newB8ne180100Em
__ZNSt3__122__make_exception_guardB8ne180100INS_29_AllocatorDestroyRangeReverseINS_9allocatorIN17E2ARMTargetDevice13Cach
__ZNSt3__129_AllocatorDestroyRangeReverseINS_9allocatorIN17E2ARMTargetDevice13CacheRegisterEEENS_16reverse_iteratorIPS3_
__ZNSt3__1neB8ne180100IPN17E2ARMTargetDevice13CacheRegisterES3_EEbRKNS_16reverse_iteratorIT_EERKNS4_IT0_EE
__ZNSt3__112__to_addressB8ne180100INS_16reverse_iteratorIPN17E2ARMTargetDevice13CacheRegisterEEEvEEu7__decayIDTclsr19__t
__ZNKSt3__116reverse_iteratorIPN17E2ARMTargetDevice13CacheRegisterEEdeB8ne180100Ev
__ZNSt3__116reverse_iteratorIPN17E2ARMTargetDevice13CacheRegisterEEppB8ne180100Ev
__ZNSt3__128__exception_guard_exceptionsINS_29_AllocatorDestroyRangeReverseINS_9allocatorIN17E2ARMTargetDevice13CacheReg
__ZNSt3__128__exception_guard_exceptionsINS_29_AllocatorDestroyRangeReverseINS_9allocatorIN17E2ARMTargetDevice13CacheReg
__ZNSt3__128__exception_guard_exceptionsINS_29_AllocatorDestroyRangeReverseINS_9allocatorIN17E2ARMTargetDevice13CacheReg
__ZNSt3__128__exception_guard_exceptionsINS_29_AllocatorDestroyRangeReverseINS_9allocatorIN17E2ARMTargetDevice13CacheReg
__ZNSt3__129_AllocatorDestroyRangeReverseINS_9allocatorIN17E2ARMTargetDevice13CacheRegisterEEENS_16reverse_iteratorIPS3_
__ZN17E2ARMTargetDevice13CacheRegisterC1EOS0_
__ZN17E2ARMTargetDevice13CacheRegisterC2EOS0_
__ZNSt3__119__to_address_helperINS_16reverse_iteratorIPN17E2ARMTargetDevice13CacheRegisterEEEvE6__callB8ne180100ERKS5_
__ZNKSt3__116reverse_iteratorIPN17E2ARMTargetDevice13CacheRegisterEEptB8ne180100Ev
__ZNSt3__128__exception_guard_exceptionsINS_29_AllocatorDestroyRangeReverseINS_9allocatorIN17E2ARMTargetDevice13CacheReg
__ZNKSt3__129_AllocatorDestroyRangeReverseINS_9allocatorIN17E2ARMTargetDevice13CacheRegisterEEENS_16reverse_iteratorIPS3
__ZNSt3__119__allocator_destroyB8ne180100INS_9allocatorIN17E2ARMTargetDevice13CacheRegisterEEENS_16reverse_iteratorINS5_
__ZNSt3__116reverse_iteratorINS0_IPN17E2ARMTargetDevice13CacheRegisterEEEEC1B8ne180100ES4_
__ZNSt3__1neB8ne180100INS_16reverse_iteratorIPN17E2ARMTargetDevice13CacheRegisterEEES5_EEbRKNS1_IT_EERKNS1_IT0_EE
__ZNSt3__112__to_addressB8ne180100INS_16reverse_iteratorINS1_IPN17E2ARMTargetDevice13CacheRegisterEEEEEvEEu7__decayIDTcl
__ZNSt3__116reverse_iteratorINS0_IPN17E2ARMTargetDevice13CacheRegisterEEEEppB8ne180100Ev
__ZNKSt3__116reverse_iteratorINS0_IPN17E2ARMTargetDevice13CacheRegisterEEEE4baseB8ne180100Ev
__ZNSt3__119__to_address_helperINS_16reverse_iteratorINS1_IPN17E2ARMTargetDevice13CacheRegisterEEEEEvE6__callB8ne180100E
__ZNKSt3__116reverse_iteratorINS0_IPN17E2ARMTargetDevice13CacheRegisterEEEEptB8ne180100Ev
__ZNKSt3__116reverse_iteratorINS0_IPN17E2ARMTargetDevice13CacheRegisterEEEEdeB8ne180100Ev
__ZNSt3__116reverse_iteratorIPN17E2ARMTargetDevice13CacheRegisterEEmmB8ne180100Ev
__ZNSt3__116reverse_iteratorINS0_IPN17E2ARMTargetDevice13CacheRegisterEEEEC2B8ne180100ES4_
__ZNSt3__116reverse_iteratorIPN17E2ARMTargetDevice13CacheRegisterEEC2B8ne180100ES3_
__ZNSt3__114__split_bufferIN17E2ARMTargetDevice13CacheRegisterERNS_9allocatorIS2_EEED2Ev
__ZNSt3__114__split_bufferIN17E2ARMTargetDevice13CacheRegisterERNS_9allocatorIS2_EEE5clearB8ne180100Ev
__ZNKSt3__114__split_bufferIN17E2ARMTargetDevice13CacheRegisterERNS_9allocatorIS2_EEE8capacityB8ne180100Ev
__ZNSt3__114__split_bufferIN17E2ARMTargetDevice13CacheRegisterERNS_9allocatorIS2_EEE17__destruct_at_endB8ne180100EPS2_
__ZNSt3__114__split_bufferIN17E2ARMTargetDevice13CacheRegisterERNS_9allocatorIS2_EEE17__destruct_at_endB8ne180100EPS2_NS
__ZNKSt3__114__split_bufferIN17E2ARMTargetDevice13CacheRegisterERNS_9allocatorIS2_EEE9__end_capB8ne180100Ev
__ZNKSt3__117__compressed_pairIPN17E2ARMTargetDevice13CacheRegisterERNS_9allocatorIS2_EEE5firstB8ne180100Ev
__ZNSt3__16vectorIN17E2ARMTargetDevice13CacheRegisterENS_9allocatorIS2_EEE11__make_iterB8ne180100EPS2_
__ZNSt3__111__wrap_iterIPN17E2ARMTargetDevice13CacheRegisterEEC1B8ne180100ES3_
__ZNSt3__111__wrap_iterIPN17E2ARMTargetDevice13CacheRegisterEEC2B8ne180100ES3_
__ZNKSt3__16vectorIN17E2ARMTargetDevice13CacheRegisterENS_9allocatorIS2_EEE17__annotate_shrinkB8ne180100Em
__GLOBAL__sub_I_E2ARMTargetDevice.cpp
__ZNSt3__14listI37TargetDeviceListCoreArmExtensionEntryNS_9allocatorIS1_EEEC1B8ne180100Ev
__ZNSt3__14listI37TargetDeviceListCoreArmExtensionEntryNS_9allocatorIS1_EEED1Ev
__ZNSt3__14listI37TargetDeviceListCoreArmExtensionEntryNS_9allocatorIS1_EEE3endB8ne180100Ev
__ZNSt3__121__list_const_iteratorI37TargetDeviceListCoreArmExtensionEntryPvEC1B8ne180100ERKNS_15__list_iteratorIS1_S2_EE
__ZNKSt3__14listI37TargetDeviceListCoreArmExtensionEntryNS_9allocatorIS1_EEE5beginB8ne180100Ev
__ZNKSt3__14listI37TargetDeviceListCoreArmExtensionEntryNS_9allocatorIS1_EEE3endB8ne180100Ev
__ZNSt3__14listI37TargetDeviceListCoreArmExtensionEntryNS_9allocatorIS1_EEE5clearB8ne180100Ev
__ZNSt3__14listI37TargetDeviceListCoreArmExtensionEntryNS_9allocatorIS1_EEE5beginB8ne180100Ev
__ZNSt3__1neB8ne180100ERKNS_15__list_iteratorI37TargetDeviceListCoreArmExtensionEntryPvEES5_
__ZNKSt3__115__list_iteratorI37TargetDeviceListCoreArmExtensionEntryPvEdeB8ne180100Ev
__ZNSt3__115__list_iteratorI37TargetDeviceListCoreArmExtensionEntryPvEppB8ne180100Ev
__ZNSt3__14listI37TargetDeviceListCoreArmExtensionEntryNS_9allocatorIS1_EEED2Ev
__ZNSt3__110__list_impI37TargetDeviceListCoreArmExtensionEntryNS_9allocatorIS1_EEED2Ev
__ZNSt3__110__list_impI37TargetDeviceListCoreArmExtensionEntryNS_9allocatorIS1_EEE5clearEv
__ZNKSt3__110__list_impI37TargetDeviceListCoreArmExtensionEntryNS_9allocatorIS1_EEE5emptyB8ne180100Ev
__ZNKSt3__110__list_impI37TargetDeviceListCoreArmExtensionEntryNS_9allocatorIS1_EEE13__end_as_linkB8ne180100Ev
__ZNSt3__110__list_impI37TargetDeviceListCoreArmExtensionEntryNS_9allocatorIS1_EEE14__unlink_nodesEPNS_16__list_node_bas
__ZNSt3__110__list_impI37TargetDeviceListCoreArmExtensionEntryNS_9allocatorIS1_EEE4__szB8ne180100Ev
__ZNSt3__116__list_node_baseI37TargetDeviceListCoreArmExtensionEntryPvE9__as_nodeB8ne180100Ev
__ZNKSt3__110__list_impI37TargetDeviceListCoreArmExtensionEntryNS_9allocatorIS1_EEE4__szB8ne180100Ev
__ZNKSt3__117__compressed_pairImNS_9allocatorINS_11__list_nodeI37TargetDeviceListCoreArmExtensionEntryPvEEEEE5firstB8ne1
__ZNSt3__126__list_node_pointer_traitsI37TargetDeviceListCoreArmExtensionEntryPvE26__unsafe_link_pointer_castB8ne180100E
__ZNSt3__116__list_node_baseI37TargetDeviceListCoreArmExtensionEntryPvE6__selfB8ne180100Ev
__ZNSt3__114pointer_traitsIPNS_16__list_node_baseI37TargetDeviceListCoreArmExtensionEntryPvEEE10pointer_toB8ne180100ERS4
__ZNSt3__117__compressed_pairImNS_9allocatorINS_11__list_nodeI37TargetDeviceListCoreArmExtensionEntryPvEEEEE5firstB8ne18
__ZNSt3__110__list_impI37TargetDeviceListCoreArmExtensionEntryNS_9allocatorIS1_EEE12__node_allocB8ne180100Ev
__ZNSt3__111__list_nodeI37TargetDeviceListCoreArmExtensionEntryPvE11__get_valueB8ne180100Ev
__ZNSt3__112__destroy_atB8ne180100INS_11__list_nodeI37TargetDeviceListCoreArmExtensionEntryPvEELi0EEEvPT_
__ZNSt3__116allocator_traitsINS_9allocatorINS_11__list_nodeI37TargetDeviceListCoreArmExtensionEntryPvEEEEE10deallocateB8
__ZNSt3__117__compressed_pairImNS_9allocatorINS_11__list_nodeI37TargetDeviceListCoreArmExtensionEntryPvEEEEE6secondB8ne1
__ZNSt3__122__compressed_pair_elemINS_9allocatorINS_11__list_nodeI37TargetDeviceListCoreArmExtensionEntryPvEEEELi1ELb1EE
__ZNSt3__112__destroy_atB8ne180100I37TargetDeviceListCoreArmExtensionEntryLi0EEEvPT_
__ZNSt3__111__list_nodeI37TargetDeviceListCoreArmExtensionEntryPvED1B8ne180100Ev
__ZNSt3__111__list_nodeI37TargetDeviceListCoreArmExtensionEntryPvED2B8ne180100Ev
__ZNSt3__19allocatorINS_11__list_nodeI37TargetDeviceListCoreArmExtensionEntryPvEEE10deallocateB8ne180100EPS4_m
__ZNSt3__14listI37TargetDeviceListCoreArmExtensionEntryNS_9allocatorIS1_EEEC2B8ne180100Ev
__ZNSt3__110__list_impI37TargetDeviceListCoreArmExtensionEntryNS_9allocatorIS1_EEEC2Ev
__ZNSt3__116__list_node_baseI37TargetDeviceListCoreArmExtensionEntryPvEC1B8ne180100Ev
__ZNSt3__117__compressed_pairImNS_9allocatorINS_11__list_nodeI37TargetDeviceListCoreArmExtensionEntryPvEEEEEC1B8ne180100
__ZNSt3__116__list_node_baseI37TargetDeviceListCoreArmExtensionEntryPvEC2B8ne180100Ev
__ZNSt3__117__compressed_pairImNS_9allocatorINS_11__list_nodeI37TargetDeviceListCoreArmExtensionEntryPvEEEEEC2B8ne180100
__ZNSt3__122__compressed_pair_elemINS_9allocatorINS_11__list_nodeI37TargetDeviceListCoreArmExtensionEntryPvEEEELi1ELb1EE
__ZNSt3__19allocatorINS_11__list_nodeI37TargetDeviceListCoreArmExtensionEntryPvEEEC2B8ne180100Ev
__ZNSt3__116__non_trivial_ifILb1ENS_9allocatorINS_11__list_nodeI37TargetDeviceListCoreArmExtensionEntryPvEEEEEC2B8ne1801
__ZNSt3__110__list_impI37TargetDeviceListCoreArmExtensionEntryNS_9allocatorIS1_EEE3endB8ne180100Ev
__ZNSt3__115__list_iteratorI37TargetDeviceListCoreArmExtensionEntryPvEC1B8ne180100EPNS_16__list_node_baseIS1_S2_EE
__ZNSt3__115__list_iteratorI37TargetDeviceListCoreArmExtensionEntryPvEC2B8ne180100EPNS_16__list_node_baseIS1_S2_EE
__ZNKSt3__110__list_impI37TargetDeviceListCoreArmExtensionEntryNS_9allocatorIS1_EEE5beginB8ne180100Ev
__ZNSt3__121__list_const_iteratorI37TargetDeviceListCoreArmExtensionEntryPvEC1B8ne180100EPNS_16__list_node_baseIS1_S2_EE
__ZNSt3__121__list_const_iteratorI37TargetDeviceListCoreArmExtensionEntryPvEC2B8ne180100EPNS_16__list_node_baseIS1_S2_EE
__ZNKSt3__110__list_impI37TargetDeviceListCoreArmExtensionEntryNS_9allocatorIS1_EEE3endB8ne180100Ev
__ZNSt3__1neB8ne180100ERKNS_21__list_const_iteratorI37TargetDeviceListCoreArmExtensionEntryPvEES5_
__ZNKSt3__121__list_const_iteratorI37TargetDeviceListCoreArmExtensionEntryPvEdeB8ne180100Ev
__ZNSt3__111__list_nodeI37TargetDeviceListCoreArmExtensionEntryPvE9__as_linkB8ne180100Ev
__ZNSt3__121__list_const_iteratorI37TargetDeviceListCoreArmExtensionEntryPvEppB8ne180100Ev
__ZNSt3__14listI37TargetDeviceListCoreArmExtensionEntryNS_9allocatorIS1_EEE12__link_nodesEPNS_16__list_node_baseIS1_PvEE
__ZNSt3__1eqB8ne180100ERKNS_21__list_const_iteratorI37TargetDeviceListCoreArmExtensionEntryPvEES5_
__ZNSt3__118__allocation_guardINS_9allocatorINS_11__list_nodeI37TargetDeviceListCoreArmExtensionEntryPvEEEEEC1B8ne180100
__ZNSt3__114__construct_atB8ne180100INS_11__list_nodeI37TargetDeviceListCoreArmExtensionEntryPvEEJRPNS_16__list_node_bas
__ZNKSt3__118__allocation_guardINS_9allocatorINS_11__list_nodeI37TargetDeviceListCoreArmExtensionEntryPvEEEEE5__getB8ne1
__ZNSt3__118__allocation_guardINS_9allocatorINS_11__list_nodeI37TargetDeviceListCoreArmExtensionEntryPvEEEEE13__release_
__ZNSt3__118__allocation_guardINS_9allocatorINS_11__list_nodeI37TargetDeviceListCoreArmExtensionEntryPvEEEEED1B8ne180100
__ZNSt3__118__allocation_guardINS_9allocatorINS_11__list_nodeI37TargetDeviceListCoreArmExtensionEntryPvEEEEEC2B8ne180100
__ZNSt3__116allocator_traitsINS_9allocatorINS_11__list_nodeI37TargetDeviceListCoreArmExtensionEntryPvEEEEE8allocateB8ne1
__ZNSt3__19allocatorINS_11__list_nodeI37TargetDeviceListCoreArmExtensionEntryPvEEE8allocateB8ne180100Em
__ZNKSt3__19allocatorINS_11__list_nodeI37TargetDeviceListCoreArmExtensionEntryPvEEE8max_sizeB8ne180100Ev
__ZNSt3__111__list_nodeI37TargetDeviceListCoreArmExtensionEntryPvEC1B8ne180100EPNS_16__list_node_baseIS1_S2_EES6_
__ZNSt3__111__list_nodeI37TargetDeviceListCoreArmExtensionEntryPvEC2B8ne180100EPNS_16__list_node_baseIS1_S2_EES6_
__ZNSt3__116__list_node_baseI37TargetDeviceListCoreArmExtensionEntryPvEC2B8ne180100EPS3_S4_
__ZNSt3__118__allocation_guardINS_9allocatorINS_11__list_nodeI37TargetDeviceListCoreArmExtensionEntryPvEEEEED2B8ne180100
__ZNSt3__118__allocation_guardINS_9allocatorINS_11__list_nodeI37TargetDeviceListCoreArmExtensionEntryPvEEEEE9__destroyB8
__ZNSt3__121__list_const_iteratorI37TargetDeviceListCoreArmExtensionEntryPvEC2B8ne180100ERKNS_15__list_iteratorIS1_S2_EE
__ZNSt3__110__list_impI37TargetDeviceListCoreArmExtensionEntryNS_9allocatorIS1_EEE5beginB8ne180100Ev
__ZNSt3__1eqB8ne180100ERKNS_15__list_iteratorI37TargetDeviceListCoreArmExtensionEntryPvEES5_
__GLOBAL__sub_I_TargetDeviceListEntryE2ARM.cpp
__ZNSt3__13mapINS_12basic_stringIcNS_11char_traitsIcEENS_9allocatorIcEEEE26TargetDeviceListEntryE2ARMNS_4lessIS6_EENS4_I
cEENS_9allocatorIcEEEE26TargetDeviceListEntryE2ARMEEPNS_11__tree_nodeISA_PvEElEEEESI_
__ZNSt3__13mapINS_12basic_stringIcNS_11char_traitsIcEENS_9allocatorIcEEEE26TargetDeviceListEntryE2ARMNS_4lessIS6_EENS4_I
__ZNSt3__13mapINS_12basic_stringIcNS_11char_traitsIcEENS_9allocatorIcEEEE26TargetDeviceListEntryE2ARMNS_4lessIS6_EENS4_I
__ZNSt3__13mapINS_12basic_stringIcNS_11char_traitsIcEENS_9allocatorIcEEEE26TargetDeviceListEntryE2ARMNS_4lessIS6_EENS4_I
9allocatorIcEEEE26TargetDeviceListEntryE2ARMEEPNS_11__tree_nodeISA_PvEElEEEC1B8ne180100Ev
__ZNKSt3__13mapINS_12basic_stringIcNS_11char_traitsIcEENS_9allocatorIcEEEE26TargetDeviceListEntryE2ARMNS_4lessIS6_EENS4_
char_traitsIcEENS_9allocatorIcEEEE26TargetDeviceListEntryE2ARMEEPNS_11__tree_nodeISA_PvEElEEEESI_
__ZNKSt3__13mapINS_12basic_stringIcNS_11char_traitsIcEENS_9allocatorIcEEEE26TargetDeviceListEntryE2ARMNS_4lessIS6_EENS4_
_9allocatorIcEEEE26TargetDeviceListEntryE2ARMEEPNS_11__tree_nodeISA_PvEElEEEptB8ne180100Ev
9allocatorIcEEEE26TargetDeviceListEntryE2ARMEEPNS_11__tree_nodeISA_PvEElEEEppB8ne180100Ev
__ZNSt3__14listI37TargetDeviceListCoreArmExtensionEntryNS_9allocatorIS1_EEE9push_backEOS1_
__ZNSt3__13mapINS_12basic_stringIcNS_11char_traitsIcEENS_9allocatorIcEEEE26TargetDeviceListEntryE2ARMNS_4lessIS6_EENS4_I
__ZNSt3__16__treeINS_12__value_typeINS_12basic_stringIcNS_11char_traitsIcEENS_9allocatorIcEEEE26TargetDeviceListEntryE2A
__ZNSt3__16__treeINS_12__value_typeINS_12basic_stringIcNS_11char_traitsIcEENS_9allocatorIcEEEE26TargetDeviceListEntryE2A
lue_typeINS_12basic_stringIcNS_11char_traitsIcEENS7_IcEEEE26TargetDeviceListEntryE2ARMEES3_EEEEEC1B8ne180100ILb1EvEEv
_value_typeIS7_26TargetDeviceListEntryE2ARMEENS_4lessIS7_EELb1EEEEC1B8ne180100IiRKSD_EEOT_OT0_
__ZNSt3__16__treeINS_12__value_typeINS_12basic_stringIcNS_11char_traitsIcEENS_9allocatorIcEEEE26TargetDeviceListEntryE2A
__ZNSt3__16__treeINS_12__value_typeINS_12basic_stringIcNS_11char_traitsIcEENS_9allocatorIcEEEE26TargetDeviceListEntryE2A
lue_typeINS_12basic_stringIcNS_11char_traitsIcEENS7_IcEEEE26TargetDeviceListEntryE2ARMEES3_EEEEEC2B8ne180100ILb1EvEEv
cEENS1_IcEEEE26TargetDeviceListEntryE2ARMEEPvEEEELi1ELb1EEC2B8ne180100ENS_16__value_init_tagE
__ZNSt3__19allocatorINS_11__tree_nodeINS_12__value_typeINS_12basic_stringIcNS_11char_traitsIcEENS0_IcEEEE26TargetDeviceL
ENS1_IcEEEE26TargetDeviceListEntryE2ARMEEPvEEEEEC2B8ne180100Ev
_value_typeIS7_26TargetDeviceListEntryE2ARMEENS_4lessIS7_EELb1EEEEC2B8ne180100IiRKSD_EEOT_OT0_
_12__value_typeIS7_26TargetDeviceListEntryE2ARMEENS_4lessIS7_EELb1EEELi1ELb1EEC2B8ne180100IRKSD_vEEOT_
lue_typeINS_12basic_stringIcNS_11char_traitsIcEENS7_IcEEEE26TargetDeviceListEntryE2ARMEES3_EEEEE5firstB8ne180100Ev
EEEE26TargetDeviceListEntryE2ARMEEPNS_11__tree_nodeISA_PvEElEEEC1B8ne180100ESF_
EE26TargetDeviceListEntryE2ARMEEPNS_11__tree_nodeIS9_PvEElEESG_
__ZNSt3__16__treeINS_12__value_typeINS_12basic_stringIcNS_11char_traitsIcEENS_9allocatorIcEEEE26TargetDeviceListEntryE2A
__ZNSt3__16__treeINS_12__value_typeINS_12basic_stringIcNS_11char_traitsIcEENS_9allocatorIcEEEE26TargetDeviceListEntryE2A
DeviceListEntryE2ARMEENS_4lessIS6_EELb1EEclB8ne180100ERKS6_RKS9_
__ZNKSt3__115__tree_iteratorINS_12__value_typeINS_12basic_stringIcNS_11char_traitsIcEENS_9allocatorIcEEEE26TargetDeviceL
DeviceListEntryE2ARMEENS_4lessIS6_EELb1EEclB8ne180100ERKS9_RKS6_
__ZNSt3__115__tree_iteratorINS_12__value_typeINS_12basic_stringIcNS_11char_traitsIcEENS_9allocatorIcEEEE26TargetDeviceLi
__ZNKSt3__112__value_typeINS_12basic_stringIcNS_11char_traitsIcEENS_9allocatorIcEEEE26TargetDeviceListEntryE2ARME11__get
__ZNSt3__115__tree_iteratorINS_12__value_typeINS_12basic_stringIcNS_11char_traitsIcEENS_9allocatorIcEEEE26TargetDeviceLi
EE26TargetDeviceListEntryE2ARMEEPNS_11__tree_nodeIS9_PvEElEESG_
_value_typeIS7_26TargetDeviceListEntryE2ARMEENS_4lessIS7_EELb1EEEE6secondB8ne180100Ev
_12__value_typeIS7_26TargetDeviceListEntryE2ARMEENS_4lessIS7_EELb1EEELi1ELb1EE5__getB8ne180100Ev
__ZNKSt3__115__tree_iteratorINS_12__value_typeINS_12basic_stringIcNS_11char_traitsIcEENS_9allocatorIcEEEE26TargetDeviceL
EEEE26TargetDeviceListEntryE2ARMEEPNS_11__tree_nodeISA_PvEElEEEC2B8ne180100ESF_
__ZNKSt3__115__tree_iteratorINS_12__value_typeINS_12basic_stringIcNS_11char_traitsIcEENS_9allocatorIcEEEE26TargetDeviceL
__ZNSt3__16__treeINS_12__value_typeINS_12basic_stringIcNS_11char_traitsIcEENS_9allocatorIcEEEE26TargetDeviceListEntryE2A
argetDeviceListEntryE2ARMEEPvEENS_22__tree_node_destructorINS6_ISC_EEEEE3getB8ne180100Ev
rgetDeviceListEntryE2ARMEEPvEENS_22__tree_node_destructorINS6_ISC_EEEEE7releaseB8ne180100Ev
rgetDeviceListEntryE2ARMEEPvEENS_22__tree_node_destructorINS6_ISC_EEEEED1B8ne180100Ev
__ZNSt3__115__tree_iteratorINS_12__value_typeINS_12basic_stringIcNS_11char_traitsIcEENS_9allocatorIcEEEE26TargetDeviceLi
tDeviceListEntryE2ARMEEPNS_11__tree_nodeISA_PvEElEEbEC1B8ne180100ISF_RbLi0EEEOT_OT0_
__ZNKSt3__16__treeINS_12__value_typeINS_12basic_stringIcNS_11char_traitsIcEENS_9allocatorIcEEEE26TargetDeviceListEntryE2
_IcEEEE26TargetDeviceListEntryE2ARMEEPvEEEEE8allocateB8ne180100ERSD_m
cEENS1_IcEEEE26TargetDeviceListEntryE2ARMEEPvEEEEEC1B8ne180100ERSD_b
rgetDeviceListEntryE2ARMEEPvEENS_22__tree_node_destructorINS6_ISC_EEEEEC1B8ne180100ILb1EvEEPSC_NS_16__dependent_typeINS_
argetDeviceListEntryE2ARMEEPvEENS_22__tree_node_destructorINS6_ISC_EEEEEptB8ne180100Ev
rgetDeviceListEntryE2ARMEEPvEENS_22__tree_node_destructorINS6_ISC_EEEEE11get_deleterB8ne180100Ev
__ZNSt3__19allocatorINS_11__tree_nodeINS_12__value_typeINS_12basic_stringIcNS_11char_traitsIcEENS0_IcEEEE26TargetDeviceL
__ZNKSt3__19allocatorINS_11__tree_nodeINS_12__value_typeINS_12basic_stringIcNS_11char_traitsIcEENS0_IcEEEE26TargetDevice
cEENS1_IcEEEE26TargetDeviceListEntryE2ARMEEPvEEEEEC2B8ne180100ERSD_b
rgetDeviceListEntryE2ARMEEPvEENS_22__tree_node_destructorINS6_ISC_EEEEEC2B8ne180100ILb1EvEEPSC_NS_16__dependent_typeINS_
EEEE26TargetDeviceListEntryE2ARMEEPvEENS_22__tree_node_destructorINS6_ISC_EEEEEC1B8ne180100IRSD_SG_EEOT_OT0_
EEEE26TargetDeviceListEntryE2ARMEEPvEENS_22__tree_node_destructorINS6_ISC_EEEEEC2B8ne180100IRSD_SG_EEOT_OT0_
torIcEEEE26TargetDeviceListEntryE2ARMEEPvEELi0ELb0EEC2B8ne180100IRSD_vEEOT_
ic_stringIcNS_11char_traitsIcEENS2_IcEEEE26TargetDeviceListEntryE2ARMEEPvEEEEEELi1ELb0EEC2B8ne180100ISF_vEEOT_
__ZNSt3__14pairIKNS_12basic_stringIcNS_11char_traitsIcEENS_9allocatorIcEEEE26TargetDeviceListEntryE2ARMEC1B8ne180100IJRS
__ZNSt3__14pairIKNS_12basic_stringIcNS_11char_traitsIcEENS_9allocatorIcEEEE26TargetDeviceListEntryE2ARMEC1B8ne180100IJRS
__ZNSt3__14pairIKNS_12basic_stringIcNS_11char_traitsIcEENS_9allocatorIcEEEE26TargetDeviceListEntryE2ARMEC2B8ne180100IJRS
cEEEE26TargetDeviceListEntryE2ARMEEPvEENS_22__tree_node_destructorINS6_ISC_EEEEE5firstB8ne180100Ev
atorIcEEEE26TargetDeviceListEntryE2ARMEEPvEELi0ELb0EE5__getB8ne180100Ev
EEEE26TargetDeviceListEntryE2ARMEEPvEENS_22__tree_node_destructorINS6_ISC_EEEEE6secondB8ne180100Ev
ic_stringIcNS_11char_traitsIcEENS2_IcEEEE26TargetDeviceListEntryE2ARMEEPvEEEEEELi1ELb0EE5__getB8ne180100Ev
__ZNSt3__16__treeINS_12__value_typeINS_12basic_stringIcNS_11char_traitsIcEENS_9allocatorIcEEEE26TargetDeviceListEntryE2A
_value_typeIS7_26TargetDeviceListEntryE2ARMEENS_4lessIS7_EELb1EEEE5firstB8ne180100Ev
EEEE26TargetDeviceListEntryE2ARMEEPvEENS_22__tree_node_destructorINS6_ISC_EEEEE5firstB8ne180100Ev
torIcEEEE26TargetDeviceListEntryE2ARMEEPvEELi0ELb0EE5__getB8ne180100Ev
rgetDeviceListEntryE2ARMEEPvEENS_22__tree_node_destructorINS6_ISC_EEEEED2B8ne180100Ev
rgetDeviceListEntryE2ARMEEPvEENS_22__tree_node_destructorINS6_ISC_EEEEE5resetB8ne180100EPSC_
cEENS1_IcEEEE26TargetDeviceListEntryE2ARMEEPvEEEEEclB8ne180100EPSC_
__ZNSt3__115__tree_iteratorINS_12__value_typeINS_12basic_stringIcNS_11char_traitsIcEENS_9allocatorIcEEEE26TargetDeviceLi
tDeviceListEntryE2ARMEEPNS_11__tree_nodeISA_PvEElEEbEC2B8ne180100ISF_RbLi0EEEOT_OT0_
__ZNSt3__114pointer_traitsIPNS_12__value_typeINS_12basic_stringIcNS_11char_traitsIcEENS_9allocatorIcEEEE26TargetDeviceLi
9allocatorIcEEEE26TargetDeviceListEntryE2ARMEEPNS_11__tree_nodeISA_PvEElEEEC2B8ne180100Ev
__ZNKSt3__16__treeINS_12__value_typeINS_12basic_stringIcNS_11char_traitsIcEENS_9allocatorIcEEEE26TargetDeviceListEntryE2
9allocatorIcEEEE26TargetDeviceListEntryE2ARMEEPNS_11__tree_nodeISA_PvEElEEEC1B8ne180100ESF_
__ZNKSt3__16__treeINS_12__value_typeINS_12basic_stringIcNS_11char_traitsIcEENS_9allocatorIcEEEE26TargetDeviceListEntryE2
9allocatorIcEEEE26TargetDeviceListEntryE2ARMEEPNS_11__tree_nodeISA_PvEElEEEC2B8ne180100ESF_
__ZNKSt3__16__treeINS_12__value_typeINS_12basic_stringIcNS_11char_traitsIcEENS_9allocatorIcEEEE26TargetDeviceListEntryE2
orIcEEEE26TargetDeviceListEntryE2ARMEEPNS_11__tree_nodeIS9_PvEElEESG_
orIcEEEE26TargetDeviceListEntryE2ARMEEPNS_11__tree_nodeIS9_PvEElEESG_
__ZNSt3__114pointer_traitsIPKNS_4pairIKNS_12basic_stringIcNS_11char_traitsIcEENS_9allocatorIcEEEE26TargetDeviceListEntry
__ZNSt3__114pointer_traitsIPKNS_12__value_typeINS_12basic_stringIcNS_11char_traitsIcEENS_9allocatorIcEEEE26TargetDeviceL
__ZNSt3__14listI37TargetDeviceListCoreArmExtensionEntryNS_9allocatorIS1_EEE20__link_nodes_at_backEPNS_16__list_node_base
__GLOBAL__sub_I_TargetDeviceListManagerE2ARM.cpp
__ZNSt3__14listIP21E2ARMTargetDeviceCoreNS_9allocatorIS2_EEEC1B8ne180100Ev
__ZNSt3__14listIP21E2ARMTargetDeviceCoreNS_9allocatorIS2_EEED1Ev
__ZNKSt3__14listIP21E2ARMTargetDeviceCoreNS_9allocatorIS2_EEE5emptyB8ne180100Ev
__ZNSt3__14listIP21E2ARMTargetDeviceCoreNS_9allocatorIS2_EEE5clearB8ne180100Ev
__ZNSt3__14listIP21E2ARMTargetDeviceCoreNS_9allocatorIS2_EEE9push_backERKS2_
__ZNSt3__14listIP21E2ARMTargetDeviceCoreNS_9allocatorIS2_EEE5beginB8ne180100Ev
__ZNSt3__14listIP21E2ARMTargetDeviceCoreNS_9allocatorIS2_EEE3endB8ne180100Ev
__ZNSt3__1neB8ne180100ERKNS_15__list_iteratorIP21E2ARMTargetDeviceCorePvEES6_
__ZNKSt3__115__list_iteratorIP21E2ARMTargetDeviceCorePvEdeB8ne180100Ev
__ZNSt3__115__list_iteratorIP21E2ARMTargetDeviceCorePvEppB8ne180100Ev
__ZNSt3__14listIP21E2ARMTargetDeviceCoreNS_9allocatorIS2_EEED2Ev
__ZNSt3__110__list_impIP21E2ARMTargetDeviceCoreNS_9allocatorIS2_EEED2Ev
__ZNSt3__110__list_impIP21E2ARMTargetDeviceCoreNS_9allocatorIS2_EEE5clearEv
__ZNKSt3__110__list_impIP21E2ARMTargetDeviceCoreNS_9allocatorIS2_EEE5emptyB8ne180100Ev
__ZNKSt3__110__list_impIP21E2ARMTargetDeviceCoreNS_9allocatorIS2_EEE13__end_as_linkB8ne180100Ev
__ZNSt3__110__list_impIP21E2ARMTargetDeviceCoreNS_9allocatorIS2_EEE14__unlink_nodesEPNS_16__list_node_baseIS2_PvEES9_
__ZNSt3__110__list_impIP21E2ARMTargetDeviceCoreNS_9allocatorIS2_EEE4__szB8ne180100Ev
__ZNSt3__116__list_node_baseIP21E2ARMTargetDeviceCorePvE9__as_nodeB8ne180100Ev
__ZNKSt3__110__list_impIP21E2ARMTargetDeviceCoreNS_9allocatorIS2_EEE4__szB8ne180100Ev
__ZNKSt3__117__compressed_pairImNS_9allocatorINS_11__list_nodeIP21E2ARMTargetDeviceCorePvEEEEE5firstB8ne180100Ev
__ZNSt3__126__list_node_pointer_traitsIP21E2ARMTargetDeviceCorePvE26__unsafe_link_pointer_castB8ne180100EPNS_16__list_no
__ZNSt3__116__list_node_baseIP21E2ARMTargetDeviceCorePvE6__selfB8ne180100Ev
__ZNSt3__114pointer_traitsIPNS_16__list_node_baseIP21E2ARMTargetDeviceCorePvEEE10pointer_toB8ne180100ERS5_
__ZNSt3__117__compressed_pairImNS_9allocatorINS_11__list_nodeIP21E2ARMTargetDeviceCorePvEEEEE5firstB8ne180100Ev
__ZNSt3__110__list_impIP21E2ARMTargetDeviceCoreNS_9allocatorIS2_EEE12__node_allocB8ne180100Ev
__ZNSt3__111__list_nodeIP21E2ARMTargetDeviceCorePvE11__get_valueB8ne180100Ev
__ZNSt3__112__destroy_atB8ne180100INS_11__list_nodeIP21E2ARMTargetDeviceCorePvEELi0EEEvPT_
__ZNSt3__116allocator_traitsINS_9allocatorINS_11__list_nodeIP21E2ARMTargetDeviceCorePvEEEEE10deallocateB8ne180100ERS7_PS
__ZNSt3__117__compressed_pairImNS_9allocatorINS_11__list_nodeIP21E2ARMTargetDeviceCorePvEEEEE6secondB8ne180100Ev
__ZNSt3__122__compressed_pair_elemINS_9allocatorINS_11__list_nodeIP21E2ARMTargetDeviceCorePvEEEELi1ELb1EE5__getB8ne18010
__ZNSt3__112__destroy_atB8ne180100IP21E2ARMTargetDeviceCoreLi0EEEvPT_
__ZNSt3__111__list_nodeIP21E2ARMTargetDeviceCorePvED1B8ne180100Ev
__ZNSt3__111__list_nodeIP21E2ARMTargetDeviceCorePvED2B8ne180100Ev
__ZNSt3__19allocatorINS_11__list_nodeIP21E2ARMTargetDeviceCorePvEEE10deallocateB8ne180100EPS5_m
__ZNSt3__14listIP21E2ARMTargetDeviceCoreNS_9allocatorIS2_EEEC2B8ne180100Ev
__ZNSt3__110__list_impIP21E2ARMTargetDeviceCoreNS_9allocatorIS2_EEEC2Ev
__ZNSt3__116__list_node_baseIP21E2ARMTargetDeviceCorePvEC1B8ne180100Ev
__ZNSt3__117__compressed_pairImNS_9allocatorINS_11__list_nodeIP21E2ARMTargetDeviceCorePvEEEEEC1B8ne180100IiNS_18__defaul
__ZNSt3__116__list_node_baseIP21E2ARMTargetDeviceCorePvEC2B8ne180100Ev
__ZNSt3__117__compressed_pairImNS_9allocatorINS_11__list_nodeIP21E2ARMTargetDeviceCorePvEEEEEC2B8ne180100IiNS_18__defaul
__ZNSt3__122__compressed_pair_elemINS_9allocatorINS_11__list_nodeIP21E2ARMTargetDeviceCorePvEEEELi1ELb1EEC2B8ne180100ENS
__ZNSt3__19allocatorINS_11__list_nodeIP21E2ARMTargetDeviceCorePvEEEC2B8ne180100Ev
__ZNSt3__116__non_trivial_ifILb1ENS_9allocatorINS_11__list_nodeIP21E2ARMTargetDeviceCorePvEEEEEC2B8ne180100Ev
__ZNSt3__111__list_nodeIP21E2ARMTargetDeviceCorePvE9__as_linkB8ne180100Ev
__ZNSt3__14listIP21E2ARMTargetDeviceCoreNS_9allocatorIS2_EEE20__link_nodes_at_backEPNS_16__list_node_baseIS2_PvEES9_
__ZNSt3__118__allocation_guardINS_9allocatorINS_11__list_nodeIP21E2ARMTargetDeviceCorePvEEEEEC1B8ne180100IS7_EET_m
__ZNSt3__114__construct_atB8ne180100INS_11__list_nodeIP21E2ARMTargetDeviceCorePvEEJRPNS_16__list_node_baseIS3_S4_EES9_EP
__ZNKSt3__118__allocation_guardINS_9allocatorINS_11__list_nodeIP21E2ARMTargetDeviceCorePvEEEEE5__getB8ne180100Ev
__ZNSt3__118__allocation_guardINS_9allocatorINS_11__list_nodeIP21E2ARMTargetDeviceCorePvEEEEE13__release_ptrB8ne180100Ev
__ZNSt3__118__allocation_guardINS_9allocatorINS_11__list_nodeIP21E2ARMTargetDeviceCorePvEEEEED1B8ne180100Ev
__ZNSt3__118__allocation_guardINS_9allocatorINS_11__list_nodeIP21E2ARMTargetDeviceCorePvEEEEEC2B8ne180100IS7_EET_m
__ZNSt3__116allocator_traitsINS_9allocatorINS_11__list_nodeIP21E2ARMTargetDeviceCorePvEEEEE8allocateB8ne180100ERS7_m
__ZNSt3__19allocatorINS_11__list_nodeIP21E2ARMTargetDeviceCorePvEEE8allocateB8ne180100Em
__ZNKSt3__19allocatorINS_11__list_nodeIP21E2ARMTargetDeviceCorePvEEE8max_sizeB8ne180100Ev
__ZNSt3__111__list_nodeIP21E2ARMTargetDeviceCorePvEC1B8ne180100EPNS_16__list_node_baseIS2_S3_EES7_
__ZNSt3__111__list_nodeIP21E2ARMTargetDeviceCorePvEC2B8ne180100EPNS_16__list_node_baseIS2_S3_EES7_
__ZNSt3__116__list_node_baseIP21E2ARMTargetDeviceCorePvEC2B8ne180100EPS4_S5_
__ZNSt3__118__allocation_guardINS_9allocatorINS_11__list_nodeIP21E2ARMTargetDeviceCorePvEEEEED2B8ne180100Ev
__ZNSt3__118__allocation_guardINS_9allocatorINS_11__list_nodeIP21E2ARMTargetDeviceCorePvEEEEE9__destroyB8ne180100Ev
__ZNSt3__110__list_impIP21E2ARMTargetDeviceCoreNS_9allocatorIS2_EEE5beginB8ne180100Ev
__ZNSt3__115__list_iteratorIP21E2ARMTargetDeviceCorePvEC1B8ne180100EPNS_16__list_node_baseIS2_S3_EE
__ZNSt3__115__list_iteratorIP21E2ARMTargetDeviceCorePvEC2B8ne180100EPNS_16__list_node_baseIS2_S3_EE
__ZNSt3__110__list_impIP21E2ARMTargetDeviceCoreNS_9allocatorIS2_EEE3endB8ne180100Ev
__ZNSt3__1eqB8ne180100ERKNS_15__list_iteratorIP21E2ARMTargetDeviceCorePvEES6_
__GLOBAL__sub_I_E2ARMTargetDeviceMC_CPU.cpp
__ZN28TargetDeviceListManagerE2ARMC1ERKS_
__ZN28TargetDeviceListManagerE2ARMC2ERKS_
__ZN23TargetDeviceListManagerC2ERKS_
__ZNSt3__13mapINS_12basic_stringIcNS_11char_traitsIcEENS_9allocatorIcEEEE26TargetDeviceListEntryE2ARMNS_4lessIS6_EENS4_I
__ZNSt3__13mapINS_12basic_stringIcNS_11char_traitsIcEENS_9allocatorIcEEEE26TargetDeviceListEntryE2ARMNS_4lessIS6_EENS4_I
__ZNSt3__16__treeINS_12__value_typeINS_12basic_stringIcNS_11char_traitsIcEENS_9allocatorIcEEEE26TargetDeviceListEntryE2A
__ZNSt3__16__treeINS_12__value_typeINS_12basic_stringIcNS_11char_traitsIcEENS_9allocatorIcEEEE26TargetDeviceListEntryE2A
__ZNKSt3__16__treeINS_12__value_typeINS_12basic_stringIcNS_11char_traitsIcEENS_9allocatorIcEEEE26TargetDeviceListEntryE2
lue_typeINS_12basic_stringIcNS_11char_traitsIcEENS7_IcEEEE26TargetDeviceListEntryE2ARMEES3_EEEEEC1B8ne180100INS_18__defa
__ZNKSt3__16__treeINS_12__value_typeINS_12basic_stringIcNS_11char_traitsIcEENS_9allocatorIcEEEE26TargetDeviceListEntryE2
alue_typeINS_12basic_stringIcNS_11char_traitsIcEENS7_IcEEEE26TargetDeviceListEntryE2ARMEES3_EEEEE6secondB8ne180100Ev
IcEENS1_IcEEEE26TargetDeviceListEntryE2ARMEEPvEEEELi1ELb1EE5__getB8ne180100Ev
lue_typeINS_12basic_stringIcNS_11char_traitsIcEENS7_IcEEEE26TargetDeviceListEntryE2ARMEES3_EEEEEC2B8ne180100INS_18__defa
cEENS1_IcEEEE26TargetDeviceListEntryE2ARMEEPvEEEELi1ELb1EEC2B8ne180100ISD_vEEOT_
__value_typeIS7_26TargetDeviceListEntryE2ARMEENS_4lessIS7_EELb1EEEE6secondB8ne180100Ev
S_12__value_typeIS7_26TargetDeviceListEntryE2ARMEENS_4lessIS7_EELb1EEELi1ELb1EE5__getB8ne180100Ev
__ZNKSt3__13mapINS_12basic_stringIcNS_11char_traitsIcEENS_9allocatorIcEEEE26TargetDeviceListEntryE2ARMNS_4lessIS6_EENS4_
__ZNSt3__13mapINS_12basic_stringIcNS_11char_traitsIcEENS_9allocatorIcEEEE26TargetDeviceListEntryE2ARMNS_4lessIS6_EENS4_I
_9allocatorIcEEEE26TargetDeviceListEntryE2ARMEEPNS_11__tree_nodeISA_PvEElEEEdeB8ne180100Ev
__ZNSt3__16__treeINS_12__value_typeINS_12basic_stringIcNS_11char_traitsIcEENS_9allocatorIcEEEE26TargetDeviceListEntryE2A
__ZNSt3__16__treeINS_12__value_typeINS_12basic_stringIcNS_11char_traitsIcEENS_9allocatorIcEEEE26TargetDeviceListEntryE2A
torIcEEEE26TargetDeviceListEntryE2ARMEEPNS_11__tree_nodeISA_PvEElEELi0EEET_SG_NS_15iterator_traitsISG_E15difference_type
ocatorIcEEEE26TargetDeviceListEntryE2ARMEEPNS_11__tree_nodeISA_PvEElEEllvEEvRT_T0_
llocatorIcEEEE26TargetDeviceListEntryE2ARMEEPNS_11__tree_nodeISA_PvEElEEEEvRT_NS_15iterator_traitsISG_E15difference_type
__ZNSt3__14pairIKNS_12basic_stringIcNS_11char_traitsIcEENS_9allocatorIcEEEE26TargetDeviceListEntryE2ARMEC1B8ne180100ERKS
__ZNSt3__14pairIKNS_12basic_stringIcNS_11char_traitsIcEENS_9allocatorIcEEEE26TargetDeviceListEntryE2ARMEC2B8ne180100ERKS
__GLOBAL__sub_I_E2ARMTargetDeviceCore.cpp
__ZN14RxTargetDevice22isAdvancedDebugSupportEv
__ZN14RxTargetDevice23isConfigurationCompleteEv
__ZN14RxTargetDevice22isSimulatedIOSupportedEv
__ZThn248_N14RxTargetDevice22isSimulatedIOSupportedEv
__GLOBAL__sub_I_E1RxTargetDevice.cpp
__ZN23TargetDeviceListEntryRXD1Ev
__ZN22E1RxTargetDeviceMC_6Z427forceResetUpdateFromEclipseEv
__ZN23TargetDeviceListEntryRXD2Ev
__ZThn152_N23TargetDeviceListEntryRXD1Ev
__ZThn160_N23TargetDeviceListEntryRXD1Ev
__GLOBAL__sub_I_E1RxTargetDeviceMC_6Z4.cpp
__ZN22E1RxTargetDeviceMC_BPM27forceResetUpdateFromEclipseEv
__GLOBAL__sub_I_E1RxTargetDeviceMC_BPM.cpp
__ZNSt3__14listIN12GDBMemoryMap14GDBMemoryRangeENS_9allocatorIS2_EEE4sortIZN22E1RxTargetDeviceMC_CPU18mergeMemoryRegions
__ZNSt3__14listIN12GDBMemoryMap14GDBMemoryRangeENS_9allocatorIS2_EEE6__sortIZN22E1RxTargetDeviceMC_CPU18mergeMemoryRegio
__ZZN22E1RxTargetDeviceMC_CPU18mergeMemoryRegionsERNSt3__14listIN12GDBMemoryMap14GDBMemoryRangeENS0_9allocatorIS3_EEEEEN
__GLOBAL__sub_I_E1RxTargetDeviceMC_CPU.cpp
__GLOBAL__sub_I_E2RxTargetDevice.cpp
__ZN25TargetDeviceListManagerRXD1Ev
__ZN25TargetDeviceListManagerRXD2Ev
__ZNSt3__13mapINS_12basic_stringIcNS_11char_traitsIcEENS_9allocatorIcEEEE23TargetDeviceListEntryRXNS_4lessIS6_EENS4_INS_
__ZNSt3__13mapINS_12basic_stringIcNS_11char_traitsIcEENS_9allocatorIcEEEE23TargetDeviceListEntryRXNS_4lessIS6_EENS4_INS_
__ZNSt3__16__treeINS_12__value_typeINS_12basic_stringIcNS_11char_traitsIcEENS_9allocatorIcEEEE23TargetDeviceListEntryRXE
__ZNSt3__16__treeINS_12__value_typeINS_12basic_stringIcNS_11char_traitsIcEENS_9allocatorIcEEEE23TargetDeviceListEntryRXE
__ZNSt3__16__treeINS_12__value_typeINS_12basic_stringIcNS_11char_traitsIcEENS_9allocatorIcEEEE23TargetDeviceListEntryRXE
__ZNKSt3__16__treeINS_12__value_typeINS_12basic_stringIcNS_11char_traitsIcEENS_9allocatorIcEEEE23TargetDeviceListEntryRX
__ZNSt3__16__treeINS_12__value_typeINS_12basic_stringIcNS_11char_traitsIcEENS_9allocatorIcEEEE23TargetDeviceListEntryRXE
_IcEEEE23TargetDeviceListEntryRXEEPvEEEEE10deallocateB8ne180100ERSD_PSC_m
lue_typeINS_12basic_stringIcNS_11char_traitsIcEENS7_IcEEEE23TargetDeviceListEntryRXEES3_EEEEE6secondB8ne180100Ev
cEENS1_IcEEEE23TargetDeviceListEntryRXEEPvEEEELi1ELb1EE5__getB8ne180100Ev
__ZNSt3__112__destroy_atB8ne180100INS_4pairIKNS_12basic_stringIcNS_11char_traitsIcEENS_9allocatorIcEEEE23TargetDeviceLis
__ZNSt3__14pairIKNS_12basic_stringIcNS_11char_traitsIcEENS_9allocatorIcEEEE23TargetDeviceListEntryRXED1Ev
__ZNSt3__14pairIKNS_12basic_stringIcNS_11char_traitsIcEENS_9allocatorIcEEEE23TargetDeviceListEntryRXED2Ev
__ZNSt3__112__value_typeINS_12basic_stringIcNS_11char_traitsIcEENS_9allocatorIcEEEE23TargetDeviceListEntryRXE11__get_val
__ZNSt3__19allocatorINS_11__tree_nodeINS_12__value_typeINS_12basic_stringIcNS_11char_traitsIcEENS0_IcEEEE23TargetDeviceL
__ZNKSt3__16__treeINS_12__value_typeINS_12basic_stringIcNS_11char_traitsIcEENS_9allocatorIcEEEE23TargetDeviceListEntryRX
alue_typeINS_12basic_stringIcNS_11char_traitsIcEENS7_IcEEEE23TargetDeviceListEntryRXEES3_EEEEE5firstB8ne180100Ev
__GLOBAL__sub_I_RxTargetDevice.cpp
__GLOBAL__sub_I_RxTargetDeviceCore.cpp
__GLOBAL__sub_I_RxTargetDeviceCoreV2.cpp
__GLOBAL__sub_I_RxTargetDeviceCoreV3.cpp
__GLOBAL__sub_I_RxTargetDeviceMC_CPU.cpp
__GLOBAL__sub_I_RxTargetDeviceMC_Type1.cpp
__ZN23TargetDeviceListEntryRXD0Ev
__ZThn152_N23TargetDeviceListEntryRXD0Ev
__ZThn160_N23TargetDeviceListEntryRXD0Ev
__GLOBAL__sub_I_TargetDeviceListEntryRX.cpp
__ZNSt3__13mapINS_12basic_stringIcNS_11char_traitsIcEENS_9allocatorIcEEEE23TargetDeviceListEntryRXNS_4lessIS6_EENS4_INS_
cEENS_9allocatorIcEEEE23TargetDeviceListEntryRXEEPNS_11__tree_nodeISA_PvEElEEEESI_
__ZNSt3__13mapINS_12basic_stringIcNS_11char_traitsIcEENS_9allocatorIcEEEE23TargetDeviceListEntryRXNS_4lessIS6_EENS4_INS_
__ZNSt3__13mapINS_12basic_stringIcNS_11char_traitsIcEENS_9allocatorIcEEEE23TargetDeviceListEntryRXNS_4lessIS6_EENS4_INS_
__ZNSt3__13mapINS_12basic_stringIcNS_11char_traitsIcEENS_9allocatorIcEEEE23TargetDeviceListEntryRXNS_4lessIS6_EENS4_INS_
9allocatorIcEEEE23TargetDeviceListEntryRXEEPNS_11__tree_nodeISA_PvEElEEEC1B8ne180100Ev
__ZNKSt3__13mapINS_12basic_stringIcNS_11char_traitsIcEENS_9allocatorIcEEEE23TargetDeviceListEntryRXNS_4lessIS6_EENS4_INS
char_traitsIcEENS_9allocatorIcEEEE23TargetDeviceListEntryRXEEPNS_11__tree_nodeISA_PvEElEEEESI_
__ZNKSt3__13mapINS_12basic_stringIcNS_11char_traitsIcEENS_9allocatorIcEEEE23TargetDeviceListEntryRXNS_4lessIS6_EENS4_INS
_9allocatorIcEEEE23TargetDeviceListEntryRXEEPNS_11__tree_nodeISA_PvEElEEEptB8ne180100Ev
9allocatorIcEEEE23TargetDeviceListEntryRXEEPNS_11__tree_nodeISA_PvEElEEEppB8ne180100Ev
__ZNSt3__13mapINS_12basic_stringIcNS_11char_traitsIcEENS_9allocatorIcEEEE23TargetDeviceListEntryRXNS_4lessIS6_EENS4_INS_
__ZNSt3__16__treeINS_12__value_typeINS_12basic_stringIcNS_11char_traitsIcEENS_9allocatorIcEEEE23TargetDeviceListEntryRXE
__ZNSt3__16__treeINS_12__value_typeINS_12basic_stringIcNS_11char_traitsIcEENS_9allocatorIcEEEE23TargetDeviceListEntryRXE
lue_typeINS_12basic_stringIcNS_11char_traitsIcEENS7_IcEEEE23TargetDeviceListEntryRXEES3_EEEEEC1B8ne180100ILb1EvEEv
_value_typeIS7_23TargetDeviceListEntryRXEENS_4lessIS7_EELb1EEEEC1B8ne180100IiRKSD_EEOT_OT0_
__ZNSt3__16__treeINS_12__value_typeINS_12basic_stringIcNS_11char_traitsIcEENS_9allocatorIcEEEE23TargetDeviceListEntryRXE
__ZNSt3__16__treeINS_12__value_typeINS_12basic_stringIcNS_11char_traitsIcEENS_9allocatorIcEEEE23TargetDeviceListEntryRXE
lue_typeINS_12basic_stringIcNS_11char_traitsIcEENS7_IcEEEE23TargetDeviceListEntryRXEES3_EEEEEC2B8ne180100ILb1EvEEv
cEENS1_IcEEEE23TargetDeviceListEntryRXEEPvEEEELi1ELb1EEC2B8ne180100ENS_16__value_init_tagE
__ZNSt3__19allocatorINS_11__tree_nodeINS_12__value_typeINS_12basic_stringIcNS_11char_traitsIcEENS0_IcEEEE23TargetDeviceL
ENS1_IcEEEE23TargetDeviceListEntryRXEEPvEEEEEC2B8ne180100Ev
_value_typeIS7_23TargetDeviceListEntryRXEENS_4lessIS7_EELb1EEEEC2B8ne180100IiRKSD_EEOT_OT0_
_12__value_typeIS7_23TargetDeviceListEntryRXEENS_4lessIS7_EELb1EEELi1ELb1EEC2B8ne180100IRKSD_vEEOT_
lue_typeINS_12basic_stringIcNS_11char_traitsIcEENS7_IcEEEE23TargetDeviceListEntryRXEES3_EEEEE5firstB8ne180100Ev
EEEE23TargetDeviceListEntryRXEEPNS_11__tree_nodeISA_PvEElEEEC1B8ne180100ESF_
EE23TargetDeviceListEntryRXEEPNS_11__tree_nodeIS9_PvEElEESG_
__ZNSt3__16__treeINS_12__value_typeINS_12basic_stringIcNS_11char_traitsIcEENS_9allocatorIcEEEE23TargetDeviceListEntryRXE
__ZNSt3__16__treeINS_12__value_typeINS_12basic_stringIcNS_11char_traitsIcEENS_9allocatorIcEEEE23TargetDeviceListEntryRXE
DeviceListEntryRXEENS_4lessIS6_EELb1EEclB8ne180100ERKS6_RKS9_
__ZNKSt3__115__tree_iteratorINS_12__value_typeINS_12basic_stringIcNS_11char_traitsIcEENS_9allocatorIcEEEE23TargetDeviceL
DeviceListEntryRXEENS_4lessIS6_EELb1EEclB8ne180100ERKS9_RKS6_
__ZNSt3__115__tree_iteratorINS_12__value_typeINS_12basic_stringIcNS_11char_traitsIcEENS_9allocatorIcEEEE23TargetDeviceLi
__ZNKSt3__112__value_typeINS_12basic_stringIcNS_11char_traitsIcEENS_9allocatorIcEEEE23TargetDeviceListEntryRXE11__get_va
__ZNSt3__115__tree_iteratorINS_12__value_typeINS_12basic_stringIcNS_11char_traitsIcEENS_9allocatorIcEEEE23TargetDeviceLi
EE23TargetDeviceListEntryRXEEPNS_11__tree_nodeIS9_PvEElEESG_
_value_typeIS7_23TargetDeviceListEntryRXEENS_4lessIS7_EELb1EEEE6secondB8ne180100Ev
_12__value_typeIS7_23TargetDeviceListEntryRXEENS_4lessIS7_EELb1EEELi1ELb1EE5__getB8ne180100Ev
__ZNKSt3__115__tree_iteratorINS_12__value_typeINS_12basic_stringIcNS_11char_traitsIcEENS_9allocatorIcEEEE23TargetDeviceL
EEEE23TargetDeviceListEntryRXEEPNS_11__tree_nodeISA_PvEElEEEC2B8ne180100ESF_
__ZNKSt3__115__tree_iteratorINS_12__value_typeINS_12basic_stringIcNS_11char_traitsIcEENS_9allocatorIcEEEE23TargetDeviceL
__ZNSt3__16__treeINS_12__value_typeINS_12basic_stringIcNS_11char_traitsIcEENS_9allocatorIcEEEE23TargetDeviceListEntryRXE
argetDeviceListEntryRXEEPvEENS_22__tree_node_destructorINS6_ISC_EEEEE3getB8ne180100Ev
rgetDeviceListEntryRXEEPvEENS_22__tree_node_destructorINS6_ISC_EEEEE7releaseB8ne180100Ev
rgetDeviceListEntryRXEEPvEENS_22__tree_node_destructorINS6_ISC_EEEEED1B8ne180100Ev
__ZNSt3__115__tree_iteratorINS_12__value_typeINS_12basic_stringIcNS_11char_traitsIcEENS_9allocatorIcEEEE23TargetDeviceLi
tDeviceListEntryRXEEPNS_11__tree_nodeISA_PvEElEEbEC1B8ne180100ISF_RbLi0EEEOT_OT0_
__ZNKSt3__16__treeINS_12__value_typeINS_12basic_stringIcNS_11char_traitsIcEENS_9allocatorIcEEEE23TargetDeviceListEntryRX
_IcEEEE23TargetDeviceListEntryRXEEPvEEEEE8allocateB8ne180100ERSD_m
cEENS1_IcEEEE23TargetDeviceListEntryRXEEPvEEEEEC1B8ne180100ERSD_b
rgetDeviceListEntryRXEEPvEENS_22__tree_node_destructorINS6_ISC_EEEEEC1B8ne180100ILb1EvEEPSC_NS_16__dependent_typeINS_27_
argetDeviceListEntryRXEEPvEENS_22__tree_node_destructorINS6_ISC_EEEEEptB8ne180100Ev
rgetDeviceListEntryRXEEPvEENS_22__tree_node_destructorINS6_ISC_EEEEE11get_deleterB8ne180100Ev
__ZNSt3__19allocatorINS_11__tree_nodeINS_12__value_typeINS_12basic_stringIcNS_11char_traitsIcEENS0_IcEEEE23TargetDeviceL
__ZNKSt3__19allocatorINS_11__tree_nodeINS_12__value_typeINS_12basic_stringIcNS_11char_traitsIcEENS0_IcEEEE23TargetDevice
cEENS1_IcEEEE23TargetDeviceListEntryRXEEPvEEEEEC2B8ne180100ERSD_b
rgetDeviceListEntryRXEEPvEENS_22__tree_node_destructorINS6_ISC_EEEEEC2B8ne180100ILb1EvEEPSC_NS_16__dependent_typeINS_27_
EEEE23TargetDeviceListEntryRXEEPvEENS_22__tree_node_destructorINS6_ISC_EEEEEC1B8ne180100IRSD_SG_EEOT_OT0_
EEEE23TargetDeviceListEntryRXEEPvEENS_22__tree_node_destructorINS6_ISC_EEEEEC2B8ne180100IRSD_SG_EEOT_OT0_
torIcEEEE23TargetDeviceListEntryRXEEPvEELi0ELb0EEC2B8ne180100IRSD_vEEOT_
ic_stringIcNS_11char_traitsIcEENS2_IcEEEE23TargetDeviceListEntryRXEEPvEEEEEELi1ELb0EEC2B8ne180100ISF_vEEOT_
__ZNSt3__14pairIKNS_12basic_stringIcNS_11char_traitsIcEENS_9allocatorIcEEEE23TargetDeviceListEntryRXEC1B8ne180100IJRS7_E
__ZNSt3__14pairIKNS_12basic_stringIcNS_11char_traitsIcEENS_9allocatorIcEEEE23TargetDeviceListEntryRXEC1B8ne180100IJRS7_E
__ZNSt3__14pairIKNS_12basic_stringIcNS_11char_traitsIcEENS_9allocatorIcEEEE23TargetDeviceListEntryRXEC2B8ne180100IJRS7_E
cEEEE23TargetDeviceListEntryRXEEPvEENS_22__tree_node_destructorINS6_ISC_EEEEE5firstB8ne180100Ev
atorIcEEEE23TargetDeviceListEntryRXEEPvEELi0ELb0EE5__getB8ne180100Ev
EEEE23TargetDeviceListEntryRXEEPvEENS_22__tree_node_destructorINS6_ISC_EEEEE6secondB8ne180100Ev
ic_stringIcNS_11char_traitsIcEENS2_IcEEEE23TargetDeviceListEntryRXEEPvEEEEEELi1ELb0EE5__getB8ne180100Ev
__ZNSt3__16__treeINS_12__value_typeINS_12basic_stringIcNS_11char_traitsIcEENS_9allocatorIcEEEE23TargetDeviceListEntryRXE
_value_typeIS7_23TargetDeviceListEntryRXEENS_4lessIS7_EELb1EEEE5firstB8ne180100Ev
EEEE23TargetDeviceListEntryRXEEPvEENS_22__tree_node_destructorINS6_ISC_EEEEE5firstB8ne180100Ev
torIcEEEE23TargetDeviceListEntryRXEEPvEELi0ELb0EE5__getB8ne180100Ev
rgetDeviceListEntryRXEEPvEENS_22__tree_node_destructorINS6_ISC_EEEEED2B8ne180100Ev
rgetDeviceListEntryRXEEPvEENS_22__tree_node_destructorINS6_ISC_EEEEE5resetB8ne180100EPSC_
cEENS1_IcEEEE23TargetDeviceListEntryRXEEPvEEEEEclB8ne180100EPSC_
__ZNSt3__115__tree_iteratorINS_12__value_typeINS_12basic_stringIcNS_11char_traitsIcEENS_9allocatorIcEEEE23TargetDeviceLi
tDeviceListEntryRXEEPNS_11__tree_nodeISA_PvEElEEbEC2B8ne180100ISF_RbLi0EEEOT_OT0_
__ZNSt3__114pointer_traitsIPNS_12__value_typeINS_12basic_stringIcNS_11char_traitsIcEENS_9allocatorIcEEEE23TargetDeviceLi
9allocatorIcEEEE23TargetDeviceListEntryRXEEPNS_11__tree_nodeISA_PvEElEEEC2B8ne180100Ev
__ZNKSt3__16__treeINS_12__value_typeINS_12basic_stringIcNS_11char_traitsIcEENS_9allocatorIcEEEE23TargetDeviceListEntryRX
9allocatorIcEEEE23TargetDeviceListEntryRXEEPNS_11__tree_nodeISA_PvEElEEEC1B8ne180100ESF_
__ZNKSt3__16__treeINS_12__value_typeINS_12basic_stringIcNS_11char_traitsIcEENS_9allocatorIcEEEE23TargetDeviceListEntryRX
9allocatorIcEEEE23TargetDeviceListEntryRXEEPNS_11__tree_nodeISA_PvEElEEEC2B8ne180100ESF_
__ZNKSt3__16__treeINS_12__value_typeINS_12basic_stringIcNS_11char_traitsIcEENS_9allocatorIcEEEE23TargetDeviceListEntryRX
orIcEEEE23TargetDeviceListEntryRXEEPNS_11__tree_nodeIS9_PvEElEESG_
orIcEEEE23TargetDeviceListEntryRXEEPNS_11__tree_nodeIS9_PvEElEESG_
__ZNSt3__114pointer_traitsIPKNS_4pairIKNS_12basic_stringIcNS_11char_traitsIcEENS_9allocatorIcEEEE23TargetDeviceListEntry
__ZNSt3__114pointer_traitsIPKNS_12__value_typeINS_12basic_stringIcNS_11char_traitsIcEENS_9allocatorIcEEEE23TargetDeviceL
__GLOBAL__sub_I_TargetDeviceListManagerRX.cpp
__ZN27IProtectZoneDeviceListEntryC2Ev
__ZN27IProtectZoneDeviceListEntryD2Ev
__ZN27IProtectZoneDeviceListEntryD1Ev
__ZN27IProtectZoneDeviceListEntryD0Ev
__GLOBAL__sub_I_ProtectZoneDeviceListEntry.cpp
__ZN15IPZTargetDeviceC2Ev
__ZN15IPZTargetDeviceD2Ev
__ZN15IPZTargetDeviceD1Ev
__ZN15IPZTargetDeviceD0Ev
__GLOBAL__sub_I_PZTargetDevice.cpp
__GLOBAL__sub_I_RX74MPZTargetDevice.cpp
__ZN24TargetDeviceListEntryT32D1Ev
__ZN19T32TargetDeviceCore26needToTerminateDueToTargetEv
__ZN19T32TargetDeviceCore23resetHappenedOnThisCoreENSt3__112basic_stringIcNS0_11char_traitsIcEENS0_9allocatorIcEEEE
__ZN19T32TargetDeviceCore10getChannelEv
__ZN19T32TargetDeviceCore11is64BitCoreEv
__ZN24TargetDeviceListEntryT32D2Ev
__ZNSt3__16vectorIN24TargetDeviceListEntryT327OFSAreaENS_9allocatorIS2_EEED1B8ne180100Ev
__ZNSt3__16vectorIN24TargetDeviceListEntryT327OFSAreaENS_9allocatorIS2_EEED2B8ne180100Ev
__ZNSt3__16vectorIN24TargetDeviceListEntryT327OFSAreaENS_9allocatorIS2_EEE16__destroy_vectorC1B8ne180100ERS5_
__ZNSt3__16vectorIN24TargetDeviceListEntryT327OFSAreaENS_9allocatorIS2_EEE16__destroy_vectorclB8ne180100Ev
__ZNSt3__16vectorIN24TargetDeviceListEntryT327OFSAreaENS_9allocatorIS2_EEE16__destroy_vectorC2B8ne180100ERS5_
__ZNSt3__16vectorIN24TargetDeviceListEntryT327OFSAreaENS_9allocatorIS2_EEE7__clearB8ne180100Ev
__ZNKSt3__16vectorIN24TargetDeviceListEntryT327OFSAreaENS_9allocatorIS2_EEE17__annotate_deleteB8ne180100Ev
__ZNSt3__116allocator_traitsINS_9allocatorIN24TargetDeviceListEntryT327OFSAreaEEEE10deallocateB8ne180100ERS4_PS3_m
__ZNSt3__16vectorIN24TargetDeviceListEntryT327OFSAreaENS_9allocatorIS2_EEE7__allocB8ne180100Ev
__ZNKSt3__16vectorIN24TargetDeviceListEntryT327OFSAreaENS_9allocatorIS2_EEE8capacityB8ne180100Ev
__ZNSt3__16vectorIN24TargetDeviceListEntryT327OFSAreaENS_9allocatorIS2_EEE22__base_destruct_at_endB8ne180100EPS2_
__ZNSt3__112__to_addressB8ne180100IN24TargetDeviceListEntryT327OFSAreaEEEPT_S4_
__ZNSt3__19allocatorIN24TargetDeviceListEntryT327OFSAreaEE7destroyB8ne180100EPS2_
__ZN24TargetDeviceListEntryT327OFSAreaD1Ev
__ZN24TargetDeviceListEntryT327OFSAreaD2Ev
__ZNSt3__19allocatorIN24TargetDeviceListEntryT327OFSAreaEE10deallocateB8ne180100EPS2_m
__ZNSt3__117__compressed_pairIPN24TargetDeviceListEntryT327OFSAreaENS_9allocatorIS2_EEE6secondB8ne180100Ev
__ZNSt3__122__compressed_pair_elemINS_9allocatorIN24TargetDeviceListEntryT327OFSAreaEEELi1ELb1EE5__getB8ne180100Ev
__ZNKSt3__16vectorIN24TargetDeviceListEntryT327OFSAreaENS_9allocatorIS2_EEE9__end_capB8ne180100Ev
__ZNKSt3__117__compressed_pairIPN24TargetDeviceListEntryT327OFSAreaENS_9allocatorIS2_EEE5firstB8ne180100Ev
__ZNKSt3__122__compressed_pair_elemIPN24TargetDeviceListEntryT327OFSAreaELi0ELb0EE5__getB8ne180100Ev
__GLOBAL__sub_I_T32TargetDeviceCore.cpp
__ZNSt3__13mapINS_12basic_stringIcNS_11char_traitsIcEENS_9allocatorIcEEEE24TargetDeviceListEntryT32NS_4lessIS6_EENS4_INS
__ZNKSt3__13mapINS_12basic_stringIcNS_11char_traitsIcEENS_9allocatorIcEEEE24TargetDeviceListEntryT32NS_4lessIS6_EENS4_IN
cEENS_9allocatorIcEEEE24TargetDeviceListEntryT32EEPNS_11__tree_nodeISA_PvEElEEEESI_
__ZNSt3__13mapINS_12basic_stringIcNS_11char_traitsIcEENS_9allocatorIcEEEE24TargetDeviceListEntryT32NS_4lessIS6_EENS4_INS
__ZNSt3__13mapINS_12basic_stringIcNS_11char_traitsIcEENS_9allocatorIcEEEE24TargetDeviceListEntryT32NS_4lessIS6_EENS4_INS
__ZNSt3__13mapINS_12basic_stringIcNS_11char_traitsIcEENS_9allocatorIcEEEE24TargetDeviceListEntryT32NS_4lessIS6_EENS4_INS
__ZNSt3__13mapINS_12basic_stringIcNS_11char_traitsIcEENS_9allocatorIcEEEE24TargetDeviceListEntryT32NS_4lessIS6_EENS4_INS
cEENS_9allocatorIcEEEE24TargetDeviceListEntryT32EEPNS_11__tree_nodeISA_PvEElEEEESI_
EEEE24TargetDeviceListEntryT32EEPNS_11__tree_nodeISA_PvEElEEEppB8ne180100Ei
9allocatorIcEEEE24TargetDeviceListEntryT32EEPNS_11__tree_nodeISA_PvEElEEEC1B8ne180100Ev
__ZNKSt3__13mapINS_12basic_stringIcNS_11char_traitsIcEENS_9allocatorIcEEEE24TargetDeviceListEntryT32NS_4lessIS6_EENS4_IN
char_traitsIcEENS_9allocatorIcEEEE24TargetDeviceListEntryT32EEPNS_11__tree_nodeISA_PvEElEEEESI_
__ZNKSt3__13mapINS_12basic_stringIcNS_11char_traitsIcEENS_9allocatorIcEEEE24TargetDeviceListEntryT32NS_4lessIS6_EENS4_IN
_9allocatorIcEEEE24TargetDeviceListEntryT32EEPNS_11__tree_nodeISA_PvEElEEEptB8ne180100Ev
9allocatorIcEEEE24TargetDeviceListEntryT32EEPNS_11__tree_nodeISA_PvEElEEEppB8ne180100Ev
EEEE24TargetDeviceListEntryT32EEPNS_11__tree_nodeISA_PvEElEEEC1B8ne180100Ev
cEEEE24TargetDeviceListEntryT32EEPNS_11__tree_nodeISA_PvEElEEEptB8ne180100Ev
EEEE24TargetDeviceListEntryT32EEPNS_11__tree_nodeISA_PvEElEEEppB8ne180100Ev
__ZNSt3__13mapINS_12basic_stringIcNS_11char_traitsIcEENS_9allocatorIcEEEE24TargetDeviceListEntryT32NS_4lessIS6_EENS4_INS
__ZNSt3__16__treeINS_12__value_typeINS_12basic_stringIcNS_11char_traitsIcEENS_9allocatorIcEEEE24TargetDeviceListEntryT32
__ZNSt3__16__treeINS_12__value_typeINS_12basic_stringIcNS_11char_traitsIcEENS_9allocatorIcEEEE24TargetDeviceListEntryT32
lue_typeINS_12basic_stringIcNS_11char_traitsIcEENS7_IcEEEE24TargetDeviceListEntryT32EES3_EEEEEC1B8ne180100ILb1EvEEv
_value_typeIS7_24TargetDeviceListEntryT32EENS_4lessIS7_EELb1EEEEC1B8ne180100IiRKSD_EEOT_OT0_
__ZNSt3__16__treeINS_12__value_typeINS_12basic_stringIcNS_11char_traitsIcEENS_9allocatorIcEEEE24TargetDeviceListEntryT32
__ZNSt3__16__treeINS_12__value_typeINS_12basic_stringIcNS_11char_traitsIcEENS_9allocatorIcEEEE24TargetDeviceListEntryT32
lue_typeINS_12basic_stringIcNS_11char_traitsIcEENS7_IcEEEE24TargetDeviceListEntryT32EES3_EEEEEC2B8ne180100ILb1EvEEv
cEENS1_IcEEEE24TargetDeviceListEntryT32EEPvEEEELi1ELb1EEC2B8ne180100ENS_16__value_init_tagE
__ZNSt3__19allocatorINS_11__tree_nodeINS_12__value_typeINS_12basic_stringIcNS_11char_traitsIcEENS0_IcEEEE24TargetDeviceL
ENS1_IcEEEE24TargetDeviceListEntryT32EEPvEEEEEC2B8ne180100Ev
_value_typeIS7_24TargetDeviceListEntryT32EENS_4lessIS7_EELb1EEEEC2B8ne180100IiRKSD_EEOT_OT0_
_12__value_typeIS7_24TargetDeviceListEntryT32EENS_4lessIS7_EELb1EEELi1ELb1EEC2B8ne180100IRKSD_vEEOT_
lue_typeINS_12basic_stringIcNS_11char_traitsIcEENS7_IcEEEE24TargetDeviceListEntryT32EES3_EEEEE5firstB8ne180100Ev
__ZNKSt3__16__treeINS_12__value_typeINS_12basic_stringIcNS_11char_traitsIcEENS_9allocatorIcEEEE24TargetDeviceListEntryT3
__value_typeIS7_24TargetDeviceListEntryT32EENS_4lessIS7_EELb1EEEE5firstB8ne180100Ev
EEEE24TargetDeviceListEntryT32EEPNS_11__tree_nodeISA_PvEElEEEC1B8ne180100ESF_
__ZNKSt3__16__treeINS_12__value_typeINS_12basic_stringIcNS_11char_traitsIcEENS_9allocatorIcEEEE24TargetDeviceListEntryT3
EE24TargetDeviceListEntryT32EEPNS_11__tree_nodeIS9_PvEElEESG_
__ZNSt3__16__treeINS_12__value_typeINS_12basic_stringIcNS_11char_traitsIcEENS_9allocatorIcEEEE24TargetDeviceListEntryT32
__ZNSt3__16__treeINS_12__value_typeINS_12basic_stringIcNS_11char_traitsIcEENS_9allocatorIcEEEE24TargetDeviceListEntryT32
DeviceListEntryT32EENS_4lessIS6_EELb1EEclB8ne180100ERKS6_RKS9_
__ZNKSt3__115__tree_iteratorINS_12__value_typeINS_12basic_stringIcNS_11char_traitsIcEENS_9allocatorIcEEEE24TargetDeviceL
DeviceListEntryT32EENS_4lessIS6_EELb1EEclB8ne180100ERKS9_RKS6_
__ZNSt3__115__tree_iteratorINS_12__value_typeINS_12basic_stringIcNS_11char_traitsIcEENS_9allocatorIcEEEE24TargetDeviceLi
__ZNKSt3__112__value_typeINS_12basic_stringIcNS_11char_traitsIcEENS_9allocatorIcEEEE24TargetDeviceListEntryT32E11__get_v
__ZNSt3__115__tree_iteratorINS_12__value_typeINS_12basic_stringIcNS_11char_traitsIcEENS_9allocatorIcEEEE24TargetDeviceLi
__ZNKSt3__16__treeINS_12__value_typeINS_12basic_stringIcNS_11char_traitsIcEENS_9allocatorIcEEEE24TargetDeviceListEntryT3
alue_typeINS_12basic_stringIcNS_11char_traitsIcEENS7_IcEEEE24TargetDeviceListEntryT32EES3_EEEEE5firstB8ne180100Ev
EE24TargetDeviceListEntryT32EEPNS_11__tree_nodeIS9_PvEElEESG_
_value_typeIS7_24TargetDeviceListEntryT32EENS_4lessIS7_EELb1EEEE6secondB8ne180100Ev
_12__value_typeIS7_24TargetDeviceListEntryT32EENS_4lessIS7_EELb1EEELi1ELb1EE5__getB8ne180100Ev
__ZNKSt3__115__tree_iteratorINS_12__value_typeINS_12basic_stringIcNS_11char_traitsIcEENS_9allocatorIcEEEE24TargetDeviceL
EEEE24TargetDeviceListEntryT32EEPNS_11__tree_nodeISA_PvEElEEEC2B8ne180100ESF_
__ZNKSt3__115__tree_iteratorINS_12__value_typeINS_12basic_stringIcNS_11char_traitsIcEENS_9allocatorIcEEEE24TargetDeviceL
__ZNSt3__112__value_typeINS_12basic_stringIcNS_11char_traitsIcEENS_9allocatorIcEEEE24TargetDeviceListEntryT32E11__get_va
__ZNSt3__16__treeINS_12__value_typeINS_12basic_stringIcNS_11char_traitsIcEENS_9allocatorIcEEEE24TargetDeviceListEntryT32
argetDeviceListEntryT32EEPvEENS_22__tree_node_destructorINS6_ISC_EEEEE3getB8ne180100Ev
rgetDeviceListEntryT32EEPvEENS_22__tree_node_destructorINS6_ISC_EEEEE7releaseB8ne180100Ev
rgetDeviceListEntryT32EEPvEENS_22__tree_node_destructorINS6_ISC_EEEEED1B8ne180100Ev
__ZNSt3__115__tree_iteratorINS_12__value_typeINS_12basic_stringIcNS_11char_traitsIcEENS_9allocatorIcEEEE24TargetDeviceLi
tDeviceListEntryT32EEPNS_11__tree_nodeISA_PvEElEEbEC1B8ne180100ISF_RbLi0EEEOT_OT0_
__ZNKSt3__16__treeINS_12__value_typeINS_12basic_stringIcNS_11char_traitsIcEENS_9allocatorIcEEEE24TargetDeviceListEntryT3
__ZNSt3__16__treeINS_12__value_typeINS_12basic_stringIcNS_11char_traitsIcEENS_9allocatorIcEEEE24TargetDeviceListEntryT32
_IcEEEE24TargetDeviceListEntryT32EEPvEEEEE8allocateB8ne180100ERSD_m
cEENS1_IcEEEE24TargetDeviceListEntryT32EEPvEEEEEC1B8ne180100ERSD_b
rgetDeviceListEntryT32EEPvEENS_22__tree_node_destructorINS6_ISC_EEEEEC1B8ne180100ILb1EvEEPSC_NS_16__dependent_typeINS_27
argetDeviceListEntryT32EEPvEENS_22__tree_node_destructorINS6_ISC_EEEEEptB8ne180100Ev
rgetDeviceListEntryT32EEPvEENS_22__tree_node_destructorINS6_ISC_EEEEE11get_deleterB8ne180100Ev
lue_typeINS_12basic_stringIcNS_11char_traitsIcEENS7_IcEEEE24TargetDeviceListEntryT32EES3_EEEEE6secondB8ne180100Ev
cEENS1_IcEEEE24TargetDeviceListEntryT32EEPvEEEELi1ELb1EE5__getB8ne180100Ev
__ZNSt3__19allocatorINS_11__tree_nodeINS_12__value_typeINS_12basic_stringIcNS_11char_traitsIcEENS0_IcEEEE24TargetDeviceL
__ZNKSt3__19allocatorINS_11__tree_nodeINS_12__value_typeINS_12basic_stringIcNS_11char_traitsIcEENS0_IcEEEE24TargetDevice
cEENS1_IcEEEE24TargetDeviceListEntryT32EEPvEEEEEC2B8ne180100ERSD_b
rgetDeviceListEntryT32EEPvEENS_22__tree_node_destructorINS6_ISC_EEEEEC2B8ne180100ILb1EvEEPSC_NS_16__dependent_typeINS_27
EEEE24TargetDeviceListEntryT32EEPvEENS_22__tree_node_destructorINS6_ISC_EEEEEC1B8ne180100IRSD_SG_EEOT_OT0_
EEEE24TargetDeviceListEntryT32EEPvEENS_22__tree_node_destructorINS6_ISC_EEEEEC2B8ne180100IRSD_SG_EEOT_OT0_
torIcEEEE24TargetDeviceListEntryT32EEPvEELi0ELb0EEC2B8ne180100IRSD_vEEOT_
ic_stringIcNS_11char_traitsIcEENS2_IcEEEE24TargetDeviceListEntryT32EEPvEEEEEELi1ELb0EEC2B8ne180100ISF_vEEOT_
__ZNSt3__14pairIKNS_12basic_stringIcNS_11char_traitsIcEENS_9allocatorIcEEEE24TargetDeviceListEntryT32EC1B8ne180100IJRS7_
__ZNSt3__14pairIKNS_12basic_stringIcNS_11char_traitsIcEENS_9allocatorIcEEEE24TargetDeviceListEntryT32EC1B8ne180100IJRS7_
__ZNSt3__14pairIKNS_12basic_stringIcNS_11char_traitsIcEENS_9allocatorIcEEEE24TargetDeviceListEntryT32EC2B8ne180100IJRS7_
cEEEE24TargetDeviceListEntryT32EEPvEENS_22__tree_node_destructorINS6_ISC_EEEEE5firstB8ne180100Ev
atorIcEEEE24TargetDeviceListEntryT32EEPvEELi0ELb0EE5__getB8ne180100Ev
EEEE24TargetDeviceListEntryT32EEPvEENS_22__tree_node_destructorINS6_ISC_EEEEE6secondB8ne180100Ev
ic_stringIcNS_11char_traitsIcEENS2_IcEEEE24TargetDeviceListEntryT32EEPvEEEEEELi1ELb0EE5__getB8ne180100Ev
__ZNSt3__16__treeINS_12__value_typeINS_12basic_stringIcNS_11char_traitsIcEENS_9allocatorIcEEEE24TargetDeviceListEntryT32
_value_typeIS7_24TargetDeviceListEntryT32EENS_4lessIS7_EELb1EEEE5firstB8ne180100Ev
EEEE24TargetDeviceListEntryT32EEPvEENS_22__tree_node_destructorINS6_ISC_EEEEE5firstB8ne180100Ev
torIcEEEE24TargetDeviceListEntryT32EEPvEELi0ELb0EE5__getB8ne180100Ev
rgetDeviceListEntryT32EEPvEENS_22__tree_node_destructorINS6_ISC_EEEEED2B8ne180100Ev
rgetDeviceListEntryT32EEPvEENS_22__tree_node_destructorINS6_ISC_EEEEE5resetB8ne180100EPSC_
cEENS1_IcEEEE24TargetDeviceListEntryT32EEPvEEEEEclB8ne180100EPSC_
_IcEEEE24TargetDeviceListEntryT32EEPvEEEEE10deallocateB8ne180100ERSD_PSC_m
__ZNSt3__112__destroy_atB8ne180100INS_4pairIKNS_12basic_stringIcNS_11char_traitsIcEENS_9allocatorIcEEEE24TargetDeviceLis
__ZNSt3__14pairIKNS_12basic_stringIcNS_11char_traitsIcEENS_9allocatorIcEEEE24TargetDeviceListEntryT32ED1Ev
__ZNSt3__14pairIKNS_12basic_stringIcNS_11char_traitsIcEENS_9allocatorIcEEEE24TargetDeviceListEntryT32ED2Ev
__ZNSt3__19allocatorINS_11__tree_nodeINS_12__value_typeINS_12basic_stringIcNS_11char_traitsIcEENS0_IcEEEE24TargetDeviceL
__ZNSt3__115__tree_iteratorINS_12__value_typeINS_12basic_stringIcNS_11char_traitsIcEENS_9allocatorIcEEEE24TargetDeviceLi
tDeviceListEntryT32EEPNS_11__tree_nodeISA_PvEElEEbEC2B8ne180100ISF_RbLi0EEEOT_OT0_
__ZNSt3__114pointer_traitsIPNS_12__value_typeINS_12basic_stringIcNS_11char_traitsIcEENS_9allocatorIcEEEE24TargetDeviceLi
__ZNSt3__16__treeINS_12__value_typeINS_12basic_stringIcNS_11char_traitsIcEENS_9allocatorIcEEEE24TargetDeviceListEntryT32
9allocatorIcEEEE24TargetDeviceListEntryT32EEPNS_11__tree_nodeISA_PvEElEEEC2B8ne180100Ev
__ZNKSt3__16__treeINS_12__value_typeINS_12basic_stringIcNS_11char_traitsIcEENS_9allocatorIcEEEE24TargetDeviceListEntryT3
9allocatorIcEEEE24TargetDeviceListEntryT32EEPNS_11__tree_nodeISA_PvEElEEEC1B8ne180100ESF_
__ZNKSt3__16__treeINS_12__value_typeINS_12basic_stringIcNS_11char_traitsIcEENS_9allocatorIcEEEE24TargetDeviceListEntryT3
9allocatorIcEEEE24TargetDeviceListEntryT32EEPNS_11__tree_nodeISA_PvEElEEEC2B8ne180100ESF_
__ZNKSt3__16__treeINS_12__value_typeINS_12basic_stringIcNS_11char_traitsIcEENS_9allocatorIcEEEE24TargetDeviceListEntryT3
orIcEEEE24TargetDeviceListEntryT32EEPNS_11__tree_nodeIS9_PvEElEESG_
orIcEEEE24TargetDeviceListEntryT32EEPNS_11__tree_nodeIS9_PvEElEESG_
__ZNSt3__114pointer_traitsIPKNS_4pairIKNS_12basic_stringIcNS_11char_traitsIcEENS_9allocatorIcEEEE24TargetDeviceListEntry
__ZNSt3__114pointer_traitsIPKNS_12__value_typeINS_12basic_stringIcNS_11char_traitsIcEENS_9allocatorIcEEEE24TargetDeviceL
EEEE24TargetDeviceListEntryT32EEPNS_11__tree_nodeISA_PvEElEEEC2B8ne180100Ev
__ZNSt3__115__tree_iteratorINS_12__value_typeINS_12basic_stringIcNS_11char_traitsIcEENS_9allocatorIcEEEE24TargetDeviceLi
__ZNSt3__115__tree_iteratorINS_12__value_typeINS_12basic_stringIcNS_11char_traitsIcEENS_9allocatorIcEEEE24TargetDeviceLi
__ZNSt3__115__tree_iteratorINS_12__value_typeINS_12basic_stringIcNS_11char_traitsIcEENS_9allocatorIcEEEE24TargetDeviceLi
__ZNSt3__114pointer_traitsIPNS_4pairIKNS_12basic_stringIcNS_11char_traitsIcEENS_9allocatorIcEEEE24TargetDeviceListEntryT
__GLOBAL__sub_I_TargetDeviceListManagerT32.cpp
__ZN22T32TargetDevice_Shader22CreateRegistersManagerEv
__ZN24TargetDeviceShaderThread11getThreadIdEv
__GLOBAL__sub_I_TargetDeviceShaderThread.cpp
__GLOBAL__sub_I_TargetDeviceShaderThread0.cpp
__GLOBAL__sub_I_TargetDeviceShaderThread1.cpp
__GLOBAL__sub_I_T32TargetDevice_CORTEXA53.cpp
__GLOBAL__sub_I_T32TargetDevice_CORTEXA57.cpp
__GLOBAL__sub_I_T32TargetDevice_CORTEXA55.cpp
__GLOBAL__sub_I_T32TargetDevice_CORTEXA76.cpp
__GLOBAL__sub_I_T32TargetDevice_CORTEXASeries.cpp
__ZN24T32TargetDevice_CORTEXR711is64BitCoreEv
__GLOBAL__sub_I_T32TargetDevice_CORTEXR7.cpp
__ZN25T32TargetDevice_CORTEXR5211is64BitCoreEv
__GLOBAL__sub_I_T32TargetDevice_CORTEXR52.cpp
__ZNSt3__13mapIjN22T32TargetDevice_Shader9opCodes_tENS_4lessIjEENS_9allocatorINS_4pairIKjS2_EEEEEC1B8ne180100Ev
__ZNSt3__13mapIjN22T32TargetDevice_Shader9opCodes_tENS_4lessIjEENS_9allocatorINS_4pairIKjS2_EEEEED1B8ne180100Ev
__ZNSt3__13mapIjN22T32TargetDevice_Shader9opCodes_tENS_4lessIjEENS_9allocatorINS_4pairIKjS2_EEEEE4findB8ne180100ERS7_
__ZNSt3__1neB8ne180100ERKNS_14__map_iteratorINS_15__tree_iteratorINS_12__value_typeIjN22T32TargetDevice_Shader9opCodes_t
__ZNSt3__13mapIjN22T32TargetDevice_Shader9opCodes_tENS_4lessIjEENS_9allocatorINS_4pairIKjS2_EEEEE3endB8ne180100Ev
__ZNKSt3__114__map_iteratorINS_15__tree_iteratorINS_12__value_typeIjN22T32TargetDevice_Shader9opCodes_tEEEPNS_11__tree_n
__ZNSt3__14listIP19T32TargetDeviceCoreNS_9allocatorIS2_EEEC1B8ne180100Ev
__ZNSt3__14listIP19T32TargetDeviceCoreNS_9allocatorIS2_EEE5beginB8ne180100Ev
__ZNSt3__1neB8ne180100ERKNS_15__list_iteratorIP19T32TargetDeviceCorePvEES6_
__ZNSt3__14listIP19T32TargetDeviceCoreNS_9allocatorIS2_EEE3endB8ne180100Ev
__ZNKSt3__115__list_iteratorIP19T32TargetDeviceCorePvEdeB8ne180100Ev
__ZNSt3__115__list_iteratorIP19T32TargetDeviceCorePvEppB8ne180100Ei
__ZNSt3__14listIP19T32TargetDeviceCoreNS_9allocatorIS2_EEED1Ev
__ZNSt3__14listIP19T32TargetDeviceCoreNS_9allocatorIS2_EEED2Ev
__ZNSt3__110__list_impIP19T32TargetDeviceCoreNS_9allocatorIS2_EEED2Ev
__ZNSt3__110__list_impIP19T32TargetDeviceCoreNS_9allocatorIS2_EEE5clearEv
__ZNKSt3__110__list_impIP19T32TargetDeviceCoreNS_9allocatorIS2_EEE5emptyB8ne180100Ev
__ZNKSt3__110__list_impIP19T32TargetDeviceCoreNS_9allocatorIS2_EEE13__end_as_linkB8ne180100Ev
__ZNSt3__110__list_impIP19T32TargetDeviceCoreNS_9allocatorIS2_EEE14__unlink_nodesEPNS_16__list_node_baseIS2_PvEES9_
__ZNSt3__110__list_impIP19T32TargetDeviceCoreNS_9allocatorIS2_EEE4__szB8ne180100Ev
__ZNSt3__116__list_node_baseIP19T32TargetDeviceCorePvE9__as_nodeB8ne180100Ev
__ZNKSt3__110__list_impIP19T32TargetDeviceCoreNS_9allocatorIS2_EEE4__szB8ne180100Ev
__ZNKSt3__117__compressed_pairImNS_9allocatorINS_11__list_nodeIP19T32TargetDeviceCorePvEEEEE5firstB8ne180100Ev
__ZNSt3__126__list_node_pointer_traitsIP19T32TargetDeviceCorePvE26__unsafe_link_pointer_castB8ne180100EPNS_16__list_node
__ZNSt3__116__list_node_baseIP19T32TargetDeviceCorePvE6__selfB8ne180100Ev
__ZNSt3__114pointer_traitsIPNS_16__list_node_baseIP19T32TargetDeviceCorePvEEE10pointer_toB8ne180100ERS5_
__ZNSt3__117__compressed_pairImNS_9allocatorINS_11__list_nodeIP19T32TargetDeviceCorePvEEEEE5firstB8ne180100Ev
__ZNSt3__110__list_impIP19T32TargetDeviceCoreNS_9allocatorIS2_EEE12__node_allocB8ne180100Ev
__ZNSt3__111__list_nodeIP19T32TargetDeviceCorePvE11__get_valueB8ne180100Ev
__ZNSt3__112__destroy_atB8ne180100INS_11__list_nodeIP19T32TargetDeviceCorePvEELi0EEEvPT_
__ZNSt3__116allocator_traitsINS_9allocatorINS_11__list_nodeIP19T32TargetDeviceCorePvEEEEE10deallocateB8ne180100ERS7_PS6_
__ZNSt3__117__compressed_pairImNS_9allocatorINS_11__list_nodeIP19T32TargetDeviceCorePvEEEEE6secondB8ne180100Ev
__ZNSt3__122__compressed_pair_elemINS_9allocatorINS_11__list_nodeIP19T32TargetDeviceCorePvEEEELi1ELb1EE5__getB8ne180100E
__ZNSt3__112__destroy_atB8ne180100IP19T32TargetDeviceCoreLi0EEEvPT_
__ZNSt3__111__list_nodeIP19T32TargetDeviceCorePvED1B8ne180100Ev
__ZNSt3__111__list_nodeIP19T32TargetDeviceCorePvED2B8ne180100Ev
__ZNSt3__19allocatorINS_11__list_nodeIP19T32TargetDeviceCorePvEEE10deallocateB8ne180100EPS5_m
__ZNSt3__13mapIjN22T32TargetDevice_Shader9opCodes_tENS_4lessIjEENS_9allocatorINS_4pairIKjS2_EEEEEC2B8ne180100Ev
__ZNSt3__119__map_value_compareIjNS_12__value_typeIjN22T32TargetDevice_Shader9opCodes_tEEENS_4lessIjEELb1EEC1B8ne180100E
__ZNSt3__16__treeINS_12__value_typeIjN22T32TargetDevice_Shader9opCodes_tEEENS_19__map_value_compareIjS4_NS_4lessIjEELb1E
__ZNSt3__119__map_value_compareIjNS_12__value_typeIjN22T32TargetDevice_Shader9opCodes_tEEENS_4lessIjEELb1EEC2B8ne180100E
__ZNSt3__16__treeINS_12__value_typeIjN22T32TargetDevice_Shader9opCodes_tEEENS_19__map_value_compareIjS4_NS_4lessIjEELb1E
lue_typeIjN22T32TargetDevice_Shader9opCodes_tEEES3_EEEEEC1B8ne180100ILb1EvEEv
__ZNSt3__117__compressed_pairImNS_19__map_value_compareIjNS_12__value_typeIjN22T32TargetDevice_Shader9opCodes_tEEENS_4le
__ZNSt3__16__treeINS_12__value_typeIjN22T32TargetDevice_Shader9opCodes_tEEENS_19__map_value_compareIjS4_NS_4lessIjEELb1E
__ZNSt3__16__treeINS_12__value_typeIjN22T32TargetDevice_Shader9opCodes_tEEENS_19__map_value_compareIjS4_NS_4lessIjEELb1E
lue_typeIjN22T32TargetDevice_Shader9opCodes_tEEES3_EEEEEC2B8ne180100ILb1EvEEv
__ZNSt3__122__compressed_pair_elemINS_9allocatorINS_11__tree_nodeINS_12__value_typeIjN22T32TargetDevice_Shader9opCodes_t
__ZNSt3__19allocatorINS_11__tree_nodeINS_12__value_typeIjN22T32TargetDevice_Shader9opCodes_tEEEPvEEEC2B8ne180100Ev
__ZNSt3__116__non_trivial_ifILb1ENS_9allocatorINS_11__tree_nodeINS_12__value_typeIjN22T32TargetDevice_Shader9opCodes_tEE
__ZNSt3__117__compressed_pairImNS_19__map_value_compareIjNS_12__value_typeIjN22T32TargetDevice_Shader9opCodes_tEEENS_4le
__ZNSt3__122__compressed_pair_elemINS_19__map_value_compareIjNS_12__value_typeIjN22T32TargetDevice_Shader9opCodes_tEEENS
lue_typeIjN22T32TargetDevice_Shader9opCodes_tEEES3_EEEEE5firstB8ne180100Ev
__ZNSt3__13mapIjN22T32TargetDevice_Shader9opCodes_tENS_4lessIjEENS_9allocatorINS_4pairIKjS2_EEEEED2B8ne180100Ev
__ZNSt3__16__treeINS_12__value_typeIjN22T32TargetDevice_Shader9opCodes_tEEENS_19__map_value_compareIjS4_NS_4lessIjEELb1E
__ZNSt3__16__treeINS_12__value_typeIjN22T32TargetDevice_Shader9opCodes_tEEENS_19__map_value_compareIjS4_NS_4lessIjEELb1E
__ZNSt3__16__treeINS_12__value_typeIjN22T32TargetDevice_Shader9opCodes_tEEENS_19__map_value_compareIjS4_NS_4lessIjEELb1E
__ZNKSt3__16__treeINS_12__value_typeIjN22T32TargetDevice_Shader9opCodes_tEEENS_19__map_value_compareIjS4_NS_4lessIjEELb1
__ZNSt3__16__treeINS_12__value_typeIjN22T32TargetDevice_Shader9opCodes_tEEENS_19__map_value_compareIjS4_NS_4lessIjEELb1E
__ZNSt3__122__tree_key_value_typesINS_12__value_typeIjN22T32TargetDevice_Shader9opCodes_tEEEE9__get_ptrB8ne180100ERS4_
__ZNSt3__116allocator_traitsINS_9allocatorINS_11__tree_nodeINS_12__value_typeIjN22T32TargetDevice_Shader9opCodes_tEEEPvE
lue_typeIjN22T32TargetDevice_Shader9opCodes_tEEES3_EEEEE6secondB8ne180100Ev
__ZNSt3__122__compressed_pair_elemINS_9allocatorINS_11__tree_nodeINS_12__value_typeIjN22T32TargetDevice_Shader9opCodes_t
__ZNSt3__112__destroy_atB8ne180100INS_4pairIKjN22T32TargetDevice_Shader9opCodes_tEEELi0EEEvPT_
__ZNSt3__112__value_typeIjN22T32TargetDevice_Shader9opCodes_tEE11__get_valueB8ne180100Ev
__ZNSt3__19allocatorINS_11__tree_nodeINS_12__value_typeIjN22T32TargetDevice_Shader9opCodes_tEEEPvEEE10deallocateB8ne1801
__ZNKSt3__16__treeINS_12__value_typeIjN22T32TargetDevice_Shader9opCodes_tEEENS_19__map_value_compareIjS4_NS_4lessIjEELb1
alue_typeIjN22T32TargetDevice_Shader9opCodes_tEEES3_EEEEE5firstB8ne180100Ev
__ZNSt3__14pairINS_14__map_iteratorINS_15__tree_iteratorINS_12__value_typeIjN22T32TargetDevice_Shader9opCodes_tEEEPNS_11
__ZNSt3__16__treeINS_12__value_typeIjN22T32TargetDevice_Shader9opCodes_tEEENS_19__map_value_compareIjS4_NS_4lessIjEELb1E
__ZNKSt3__110unique_ptrINS_11__tree_nodeINS_12__value_typeIjN22T32TargetDevice_Shader9opCodes_tEEEPvEENS_22__tree_node_d
__ZNSt3__110unique_ptrINS_11__tree_nodeINS_12__value_typeIjN22T32TargetDevice_Shader9opCodes_tEEEPvEENS_22__tree_node_de
__ZNSt3__110unique_ptrINS_11__tree_nodeINS_12__value_typeIjN22T32TargetDevice_Shader9opCodes_tEEEPvEENS_22__tree_node_de
__ZNSt3__115__tree_iteratorINS_12__value_typeIjN22T32TargetDevice_Shader9opCodes_tEEEPNS_11__tree_nodeIS4_PvEElEC1B8ne18
__ZNSt3__14pairINS_15__tree_iteratorINS_12__value_typeIjN22T32TargetDevice_Shader9opCodes_tEEEPNS_11__tree_nodeIS5_PvEEl
__ZNKSt3__16__treeINS_12__value_typeIjN22T32TargetDevice_Shader9opCodes_tEEENS_19__map_value_compareIjS4_NS_4lessIjEELb1
__ZNSt3__16__treeINS_12__value_typeIjN22T32TargetDevice_Shader9opCodes_tEEENS_19__map_value_compareIjS4_NS_4lessIjEELb1E
__ZNKSt3__119__map_value_compareIjNS_12__value_typeIjN22T32TargetDevice_Shader9opCodes_tEEENS_4lessIjEELb1EEclB8ne180100
__ZNKSt3__119__map_value_compareIjNS_12__value_typeIjN22T32TargetDevice_Shader9opCodes_tEEENS_4lessIjEELb1EEclB8ne180100
__ZNSt3__117__compressed_pairImNS_19__map_value_compareIjNS_12__value_typeIjN22T32TargetDevice_Shader9opCodes_tEEENS_4le
__ZNSt3__122__compressed_pair_elemINS_19__map_value_compareIjNS_12__value_typeIjN22T32TargetDevice_Shader9opCodes_tEEENS
__ZNKSt3__112__value_typeIjN22T32TargetDevice_Shader9opCodes_tEE11__get_valueB8ne180100Ev
__ZNSt3__116allocator_traitsINS_9allocatorINS_11__tree_nodeINS_12__value_typeIjN22T32TargetDevice_Shader9opCodes_tEEEPvE
__ZNSt3__122__tree_node_destructorINS_9allocatorINS_11__tree_nodeINS_12__value_typeIjN22T32TargetDevice_Shader9opCodes_t
__ZNSt3__110unique_ptrINS_11__tree_nodeINS_12__value_typeIjN22T32TargetDevice_Shader9opCodes_tEEEPvEENS_22__tree_node_de
__ZNKSt3__110unique_ptrINS_11__tree_nodeINS_12__value_typeIjN22T32TargetDevice_Shader9opCodes_tEEEPvEENS_22__tree_node_d
__ZNSt3__110unique_ptrINS_11__tree_nodeINS_12__value_typeIjN22T32TargetDevice_Shader9opCodes_tEEEPvEENS_22__tree_node_de
__ZNSt3__19allocatorINS_11__tree_nodeINS_12__value_typeIjN22T32TargetDevice_Shader9opCodes_tEEEPvEEE8allocateB8ne180100E
__ZNKSt3__19allocatorINS_11__tree_nodeINS_12__value_typeIjN22T32TargetDevice_Shader9opCodes_tEEEPvEEE8max_sizeB8ne180100
__ZNSt3__122__tree_node_destructorINS_9allocatorINS_11__tree_nodeINS_12__value_typeIjN22T32TargetDevice_Shader9opCodes_t
__ZNSt3__110unique_ptrINS_11__tree_nodeINS_12__value_typeIjN22T32TargetDevice_Shader9opCodes_tEEEPvEENS_22__tree_node_de
__ZNSt3__117__compressed_pairIPNS_11__tree_nodeINS_12__value_typeIjN22T32TargetDevice_Shader9opCodes_tEEEPvEENS_22__tree
__ZNSt3__117__compressed_pairIPNS_11__tree_nodeINS_12__value_typeIjN22T32TargetDevice_Shader9opCodes_tEEEPvEENS_22__tree
__ZNSt3__122__compressed_pair_elemIPNS_11__tree_nodeINS_12__value_typeIjN22T32TargetDevice_Shader9opCodes_tEEEPvEELi0ELb
argetDevice_Shader9opCodes_tEEEPvEEEEEELi1ELb0EEC2B8ne180100ISB_vEEOT_
__ZNSt3__14pairIKjN22T32TargetDevice_Shader9opCodes_tEEC1B8ne180100IRjS3_Li0EEEOT_OT0_
__ZNSt3__14pairIKjN22T32TargetDevice_Shader9opCodes_tEEC2B8ne180100IRjS3_Li0EEEOT_OT0_
__ZNKSt3__117__compressed_pairIPNS_11__tree_nodeINS_12__value_typeIjN22T32TargetDevice_Shader9opCodes_tEEEPvEENS_22__tre
__ZNKSt3__122__compressed_pair_elemIPNS_11__tree_nodeINS_12__value_typeIjN22T32TargetDevice_Shader9opCodes_tEEEPvEELi0EL
__ZNSt3__117__compressed_pairIPNS_11__tree_nodeINS_12__value_typeIjN22T32TargetDevice_Shader9opCodes_tEEEPvEENS_22__tree
argetDevice_Shader9opCodes_tEEEPvEEEEEELi1ELb0EE5__getB8ne180100Ev
__ZNSt3__16__treeINS_12__value_typeIjN22T32TargetDevice_Shader9opCodes_tEEENS_19__map_value_compareIjS4_NS_4lessIjEELb1E
__ZNSt3__117__compressed_pairImNS_19__map_value_compareIjNS_12__value_typeIjN22T32TargetDevice_Shader9opCodes_tEEENS_4le
__ZNSt3__117__compressed_pairIPNS_11__tree_nodeINS_12__value_typeIjN22T32TargetDevice_Shader9opCodes_tEEEPvEENS_22__tree
__ZNSt3__122__compressed_pair_elemIPNS_11__tree_nodeINS_12__value_typeIjN22T32TargetDevice_Shader9opCodes_tEEEPvEELi0ELb
__ZNSt3__110unique_ptrINS_11__tree_nodeINS_12__value_typeIjN22T32TargetDevice_Shader9opCodes_tEEEPvEENS_22__tree_node_de
__ZNSt3__110unique_ptrINS_11__tree_nodeINS_12__value_typeIjN22T32TargetDevice_Shader9opCodes_tEEEPvEENS_22__tree_node_de
__ZNSt3__122__tree_node_destructorINS_9allocatorINS_11__tree_nodeINS_12__value_typeIjN22T32TargetDevice_Shader9opCodes_t
__ZNSt3__115__tree_iteratorINS_12__value_typeIjN22T32TargetDevice_Shader9opCodes_tEEEPNS_11__tree_nodeIS4_PvEElEC2B8ne18
__ZNSt3__14pairINS_15__tree_iteratorINS_12__value_typeIjN22T32TargetDevice_Shader9opCodes_tEEEPNS_11__tree_nodeIS5_PvEEl
__ZNSt3__14pairINS_14__map_iteratorINS_15__tree_iteratorINS_12__value_typeIjN22T32TargetDevice_Shader9opCodes_tEEEPNS_11
__ZNSt3__114__map_iteratorINS_15__tree_iteratorINS_12__value_typeIjN22T32TargetDevice_Shader9opCodes_tEEEPNS_11__tree_no
__ZNSt3__114__map_iteratorINS_15__tree_iteratorINS_12__value_typeIjN22T32TargetDevice_Shader9opCodes_tEEEPNS_11__tree_no
__ZNSt3__1neB8ne180100ERKNS_15__tree_iteratorINS_12__value_typeIjN22T32TargetDevice_Shader9opCodes_tEEEPNS_11__tree_node
__ZNSt3__16__treeINS_12__value_typeIjN22T32TargetDevice_Shader9opCodes_tEEENS_19__map_value_compareIjS4_NS_4lessIjEELb1E
__ZNKSt3__115__tree_iteratorINS_12__value_typeIjN22T32TargetDevice_Shader9opCodes_tEEEPNS_11__tree_nodeIS4_PvEElEdeB8ne1
__ZNSt3__115__tree_iteratorINS_12__value_typeIjN22T32TargetDevice_Shader9opCodes_tEEEPNS_11__tree_nodeIS4_PvEElEC1B8ne18
__ZNSt3__115__tree_iteratorINS_12__value_typeIjN22T32TargetDevice_Shader9opCodes_tEEEPNS_11__tree_nodeIS4_PvEElEC2B8ne18
__ZNSt3__1eqB8ne180100ERKNS_15__tree_iteratorINS_12__value_typeIjN22T32TargetDevice_Shader9opCodes_tEEEPNS_11__tree_node
__ZNKSt3__115__tree_iteratorINS_12__value_typeIjN22T32TargetDevice_Shader9opCodes_tEEEPNS_11__tree_nodeIS4_PvEElE8__get_
__ZNSt3__114pointer_traitsIPNS_4pairIKjN22T32TargetDevice_Shader9opCodes_tEEEE10pointer_toB8ne180100ERS5_
__ZNKSt3__115__tree_iteratorINS_12__value_typeIjN22T32TargetDevice_Shader9opCodes_tEEEPNS_11__tree_nodeIS4_PvEElEptB8ne1
__ZNSt3__114pointer_traitsIPNS_12__value_typeIjN22T32TargetDevice_Shader9opCodes_tEEEE10pointer_toB8ne180100ERS4_
__ZNSt3__14listIP19T32TargetDeviceCoreNS_9allocatorIS2_EEEC2B8ne180100Ev
__ZNSt3__110__list_impIP19T32TargetDeviceCoreNS_9allocatorIS2_EEEC2Ev
__ZNSt3__116__list_node_baseIP19T32TargetDeviceCorePvEC1B8ne180100Ev
__ZNSt3__117__compressed_pairImNS_9allocatorINS_11__list_nodeIP19T32TargetDeviceCorePvEEEEEC1B8ne180100IiNS_18__default_
__ZNSt3__116__list_node_baseIP19T32TargetDeviceCorePvEC2B8ne180100Ev
__ZNSt3__117__compressed_pairImNS_9allocatorINS_11__list_nodeIP19T32TargetDeviceCorePvEEEEEC2B8ne180100IiNS_18__default_
__ZNSt3__122__compressed_pair_elemINS_9allocatorINS_11__list_nodeIP19T32TargetDeviceCorePvEEEELi1ELb1EEC2B8ne180100ENS_1
__ZNSt3__19allocatorINS_11__list_nodeIP19T32TargetDeviceCorePvEEEC2B8ne180100Ev
__ZNSt3__116__non_trivial_ifILb1ENS_9allocatorINS_11__list_nodeIP19T32TargetDeviceCorePvEEEEEC2B8ne180100Ev
__ZNSt3__110__list_impIP19T32TargetDeviceCoreNS_9allocatorIS2_EEE5beginB8ne180100Ev
__ZNSt3__115__list_iteratorIP19T32TargetDeviceCorePvEC1B8ne180100EPNS_16__list_node_baseIS2_S3_EE
__ZNSt3__115__list_iteratorIP19T32TargetDeviceCorePvEC2B8ne180100EPNS_16__list_node_baseIS2_S3_EE
__ZNSt3__110__list_impIP19T32TargetDeviceCoreNS_9allocatorIS2_EEE3endB8ne180100Ev
__ZNSt3__1eqB8ne180100ERKNS_15__list_iteratorIP19T32TargetDeviceCorePvEES6_
__ZNSt3__115__list_iteratorIP19T32TargetDeviceCorePvEppB8ne180100Ev
__GLOBAL__sub_I_T32TargetDevice_Shader.cpp
__ZNSt3__16vectorIN24TargetDeviceListEntryT327OFSAreaENS_9allocatorIS2_EEEC1B8ne180100Ev
__ZNSt3__16vectorIN24TargetDeviceListEntryT327OFSAreaENS_9allocatorIS2_EEEaSB8ne180100ERKS5_
__ZN24TargetDeviceListEntryT327OFSAreaC1Ev
__ZNSt3__16vectorIN24TargetDeviceListEntryT327OFSAreaENS_9allocatorIS2_EEE9push_backB8ne180100ERKS2_
__ZN24TargetDeviceListEntryT327OFSAreaC2Ev
__ZNSt3__16vectorIN24TargetDeviceListEntryT327OFSAreaENS_9allocatorIS2_EEEC2B8ne180100Ev
__ZNSt3__117__compressed_pairIPN24TargetDeviceListEntryT327OFSAreaENS_9allocatorIS2_EEEC1B8ne180100IDnNS_18__default_ini
__ZNSt3__117__compressed_pairIPN24TargetDeviceListEntryT327OFSAreaENS_9allocatorIS2_EEEC2B8ne180100IDnNS_18__default_ini
__ZNSt3__122__compressed_pair_elemIPN24TargetDeviceListEntryT327OFSAreaELi0ELb0EEC2B8ne180100IDnvEEOT_
__ZNSt3__122__compressed_pair_elemINS_9allocatorIN24TargetDeviceListEntryT327OFSAreaEEELi1ELb1EEC2B8ne180100ENS_18__defa
__ZNSt3__19allocatorIN24TargetDeviceListEntryT327OFSAreaEEC2B8ne180100Ev
__ZNSt3__116__non_trivial_ifILb1ENS_9allocatorIN24TargetDeviceListEntryT327OFSAreaEEEEC2B8ne180100Ev
__ZNSt3__16vectorIN24TargetDeviceListEntryT327OFSAreaENS_9allocatorIS2_EEE19__copy_assign_allocB8ne180100ERKS5_
__ZNSt3__16vectorIN24TargetDeviceListEntryT327OFSAreaENS_9allocatorIS2_EEE19__copy_assign_allocB8ne180100ERKS5_NS_17inte
__ZNSt3__18distanceB8ne180100IPN24TargetDeviceListEntryT327OFSAreaEEENS_15iterator_traitsIT_E15difference_typeES5_S5_
__ZNKSt3__16vectorIN24TargetDeviceListEntryT327OFSAreaENS_9allocatorIS2_EEE4sizeB8ne180100Ev
__ZNSt3__14nextB8ne180100IPN24TargetDeviceListEntryT327OFSAreaELi0EEET_S4_NS_15iterator_traitsIS4_E15difference_typeE
__ZNSt3__14copyB8ne180100IPN24TargetDeviceListEntryT327OFSAreaES3_EET0_T_S5_S4_
__ZNSt3__16__copyB8ne180100INS_17_ClassicAlgPolicyEPN24TargetDeviceListEntryT327OFSAreaES4_S4_EENS_4pairIT0_T2_EES6_T1_S
__ZNSt3__16vectorIN24TargetDeviceListEntryT327OFSAreaENS_9allocatorIS2_EEE17__destruct_at_endB8ne180100EPS2_
__ZNSt3__16vectorIN24TargetDeviceListEntryT327OFSAreaENS_9allocatorIS2_EEE13__vdeallocateEv
__ZNSt3__16vectorIN24TargetDeviceListEntryT327OFSAreaENS_9allocatorIS2_EEE11__vallocateB8ne180100Em
__ZNKSt3__16vectorIN24TargetDeviceListEntryT327OFSAreaENS_9allocatorIS2_EEE11__recommendB8ne180100Em
__ZNSt3__17advanceB8ne180100IPN24TargetDeviceListEntryT327OFSAreaEllvEEvRT_T0_
__ZNSt3__19__advanceB8ne180100IPN24TargetDeviceListEntryT327OFSAreaEEEvRT_NS_15iterator_traitsIS4_E15difference_typeENS_
__ZNSt3__16vectorIN24TargetDeviceListEntryT327OFSAreaENS_9allocatorIS2_EEE21_ConstructTransactionC1B8ne180100ERS5_m
__ZNSt3__130__uninitialized_allocator_copyB8ne180100INS_9allocatorIN24TargetDeviceListEntryT327OFSAreaEEEPS3_S5_S5_EET2_
__ZNSt3__16vectorIN24TargetDeviceListEntryT327OFSAreaENS_9allocatorIS2_EEE21_ConstructTransactionD1B8ne180100Ev
__ZNSt3__16vectorIN24TargetDeviceListEntryT327OFSAreaENS_9allocatorIS2_EEE21_ConstructTransactionC2B8ne180100ERS5_m
__ZNSt3__114__unwrap_rangeB8ne180100IPN24TargetDeviceListEntryT327OFSAreaES3_EENS_4pairIT0_S5_EET_S7_
__ZNSt3__135__uninitialized_allocator_copy_implB8ne180100INS_9allocatorIN24TargetDeviceListEntryT327OFSAreaEEEPS3_S5_S5_
__ZNSt3__113__unwrap_iterB8ne180100IPN24TargetDeviceListEntryT327OFSAreaENS_18__unwrap_iter_implIS3_Lb1EEELi0EEEDTclsrT0
__ZNSt3__113__rewrap_iterB8ne180100IPN24TargetDeviceListEntryT327OFSAreaES3_NS_18__unwrap_iter_implIS3_Lb1EEEEET_S6_T0_
__ZNSt3__19make_pairB8ne180100IPN24TargetDeviceListEntryT327OFSAreaES3_EENS_4pairINS_18__unwrap_ref_decayIT_E4typeENS5_I
__ZNSt3__14pairIPN24TargetDeviceListEntryT327OFSAreaES3_EC1B8ne180100IS3_S3_Li0EEEOT_OT0_
__ZNSt3__14pairIPN24TargetDeviceListEntryT327OFSAreaES3_EC2B8ne180100IS3_S3_Li0EEEOT_OT0_
__ZNSt3__122__make_exception_guardB8ne180100INS_29_AllocatorDestroyRangeReverseINS_9allocatorIN24TargetDeviceListEntryT3
__ZNSt3__129_AllocatorDestroyRangeReverseINS_9allocatorIN24TargetDeviceListEntryT327OFSAreaEEEPS3_EC1B8ne180100ERS4_RS5_
__ZNSt3__128__exception_guard_exceptionsINS_29_AllocatorDestroyRangeReverseINS_9allocatorIN24TargetDeviceListEntryT327OF
__ZNSt3__128__exception_guard_exceptionsINS_29_AllocatorDestroyRangeReverseINS_9allocatorIN24TargetDeviceListEntryT327OF
__ZNSt3__128__exception_guard_exceptionsINS_29_AllocatorDestroyRangeReverseINS_9allocatorIN24TargetDeviceListEntryT327OF
__ZNSt3__128__exception_guard_exceptionsINS_29_AllocatorDestroyRangeReverseINS_9allocatorIN24TargetDeviceListEntryT327OF
__ZNSt3__129_AllocatorDestroyRangeReverseINS_9allocatorIN24TargetDeviceListEntryT327OFSAreaEEEPS3_EC2B8ne180100ERS4_RS5_
__ZN24TargetDeviceListEntryT327OFSAreaC1ERKS0_
__ZN24TargetDeviceListEntryT327OFSAreaC2ERKS0_
__ZNSt3__128__exception_guard_exceptionsINS_29_AllocatorDestroyRangeReverseINS_9allocatorIN24TargetDeviceListEntryT327OF
__ZNKSt3__129_AllocatorDestroyRangeReverseINS_9allocatorIN24TargetDeviceListEntryT327OFSAreaEEEPS3_EclB8ne180100Ev
__ZNSt3__119__allocator_destroyB8ne180100INS_9allocatorIN24TargetDeviceListEntryT327OFSAreaEEENS_16reverse_iteratorIPS3_
__ZNSt3__116reverse_iteratorIPN24TargetDeviceListEntryT327OFSAreaEEC1B8ne180100ES3_
__ZNSt3__1neB8ne180100IPN24TargetDeviceListEntryT327OFSAreaES3_EEbRKNS_16reverse_iteratorIT_EERKNS4_IT0_EE
__ZNSt3__112__to_addressB8ne180100INS_16reverse_iteratorIPN24TargetDeviceListEntryT327OFSAreaEEEvEEu7__decayIDTclsr19__t
__ZNSt3__116reverse_iteratorIPN24TargetDeviceListEntryT327OFSAreaEEppB8ne180100Ev
__ZNKSt3__116reverse_iteratorIPN24TargetDeviceListEntryT327OFSAreaEE4baseB8ne180100Ev
__ZNSt3__119__to_address_helperINS_16reverse_iteratorIPN24TargetDeviceListEntryT327OFSAreaEEEvE6__callB8ne180100ERKS5_
__ZNKSt3__116reverse_iteratorIPN24TargetDeviceListEntryT327OFSAreaEEptB8ne180100Ev
__ZNKSt3__116reverse_iteratorIPN24TargetDeviceListEntryT327OFSAreaEEdeB8ne180100Ev
__ZNSt3__116reverse_iteratorIPN24TargetDeviceListEntryT327OFSAreaEEC2B8ne180100ES3_
__ZNSt3__118__unwrap_iter_implIPN24TargetDeviceListEntryT327OFSAreaELb1EE8__unwrapB8ne180100ES3_
__ZNSt3__118__unwrap_iter_implIPN24TargetDeviceListEntryT327OFSAreaELb1EE8__rewrapB8ne180100ES3_S3_
__ZNSt3__16vectorIN24TargetDeviceListEntryT327OFSAreaENS_9allocatorIS2_EEE21_ConstructTransactionD2B8ne180100Ev
tDeviceListEntryT327OFSAreaES7_S7_EENS_4pairIT2_T4_EES9_T3_SA_
lEEEPN24TargetDeviceListEntryT327OFSAreaES9_S9_Li0EEENS_4pairIT0_T2_EESB_T1_SC_
__ZNSt3__114__rewrap_rangeB8ne180100IPN24TargetDeviceListEntryT327OFSAreaES3_EET_S4_T0_
__ZNKSt3__16vectorIN24TargetDeviceListEntryT327OFSAreaENS_9allocatorIS2_EEE17__annotate_shrinkB8ne180100Em
__ZNSt3__16vectorIN24TargetDeviceListEntryT327OFSAreaENS_9allocatorIS2_EEE5clearB8ne180100Ev
__ZNSt3__16vectorIN24TargetDeviceListEntryT327OFSAreaENS_9allocatorIS2_EEE9__end_capB8ne180100Ev
__ZNSt3__117__compressed_pairIPN24TargetDeviceListEntryT327OFSAreaENS_9allocatorIS2_EEE5firstB8ne180100Ev
__ZNSt3__122__compressed_pair_elemIPN24TargetDeviceListEntryT327OFSAreaELi0ELb0EE5__getB8ne180100Ev
__ZNKSt3__16vectorIN24TargetDeviceListEntryT327OFSAreaENS_9allocatorIS2_EEE8max_sizeEv
__ZNKSt3__16vectorIN24TargetDeviceListEntryT327OFSAreaENS_9allocatorIS2_EEE20__throw_length_errorB8ne180100Ev
__ZNSt3__119__allocate_at_leastB8ne180100INS_9allocatorIN24TargetDeviceListEntryT327OFSAreaEEEEENS_19__allocation_result
__ZNKSt3__16vectorIN24TargetDeviceListEntryT327OFSAreaENS_9allocatorIS2_EEE14__annotate_newB8ne180100Em
__ZNKSt3__16vectorIN24TargetDeviceListEntryT327OFSAreaENS_9allocatorIS2_EEE7__allocB8ne180100Ev
__ZNKSt3__19allocatorIN24TargetDeviceListEntryT327OFSAreaEE8max_sizeB8ne180100Ev
__ZNKSt3__117__compressed_pairIPN24TargetDeviceListEntryT327OFSAreaENS_9allocatorIS2_EEE6secondB8ne180100Ev
__ZNKSt3__122__compressed_pair_elemINS_9allocatorIN24TargetDeviceListEntryT327OFSAreaEEELi1ELb1EE5__getB8ne180100Ev
__ZNSt3__19allocatorIN24TargetDeviceListEntryT327OFSAreaEE8allocateB8ne180100Em
__ZNSt3__110__distanceB8ne180100IPN24TargetDeviceListEntryT327OFSAreaEEENS_15iterator_traitsIT_E15difference_typeES5_S5_
__ZNSt3__114__split_bufferIN24TargetDeviceListEntryT327OFSAreaERNS_9allocatorIS2_EEEC1EmmS5_
__ZNSt3__16vectorIN24TargetDeviceListEntryT327OFSAreaENS_9allocatorIS2_EEE26__swap_out_circular_bufferERNS_14__split_buf
__ZNSt3__114__split_bufferIN24TargetDeviceListEntryT327OFSAreaERNS_9allocatorIS2_EEED1Ev
__ZNSt3__114__split_bufferIN24TargetDeviceListEntryT327OFSAreaERNS_9allocatorIS2_EEEC2EmmS5_
__ZNSt3__117__compressed_pairIPN24TargetDeviceListEntryT327OFSAreaERNS_9allocatorIS2_EEEC1B8ne180100IDnS6_EEOT_OT0_
__ZNSt3__114__split_bufferIN24TargetDeviceListEntryT327OFSAreaERNS_9allocatorIS2_EEE7__allocB8ne180100Ev
__ZNSt3__114__split_bufferIN24TargetDeviceListEntryT327OFSAreaERNS_9allocatorIS2_EEE9__end_capB8ne180100Ev
__ZNSt3__117__compressed_pairIPN24TargetDeviceListEntryT327OFSAreaERNS_9allocatorIS2_EEEC2B8ne180100IDnS6_EEOT_OT0_
__ZNSt3__122__compressed_pair_elemIRNS_9allocatorIN24TargetDeviceListEntryT327OFSAreaEEELi1ELb0EEC2B8ne180100IS5_vEEOT_
__ZNSt3__117__compressed_pairIPN24TargetDeviceListEntryT327OFSAreaERNS_9allocatorIS2_EEE6secondB8ne180100Ev
__ZNSt3__122__compressed_pair_elemIRNS_9allocatorIN24TargetDeviceListEntryT327OFSAreaEEELi1ELb0EE5__getB8ne180100Ev
__ZNSt3__117__compressed_pairIPN24TargetDeviceListEntryT327OFSAreaERNS_9allocatorIS2_EEE5firstB8ne180100Ev
__ZNSt3__142__uninitialized_allocator_move_if_noexceptB8ne180100INS_9allocatorIN24TargetDeviceListEntryT327OFSAreaEEENS_
__ZNSt3__14swapB8ne180100IPN24TargetDeviceListEntryT327OFSAreaEEENS_9enable_ifIXaasr21is_move_constructibleIT_EE5valuesr
__ZNSt3__122__make_exception_guardB8ne180100INS_29_AllocatorDestroyRangeReverseINS_9allocatorIN24TargetDeviceListEntryT3
__ZNSt3__129_AllocatorDestroyRangeReverseINS_9allocatorIN24TargetDeviceListEntryT327OFSAreaEEENS_16reverse_iteratorIPS3_
__ZNSt3__128__exception_guard_exceptionsINS_29_AllocatorDestroyRangeReverseINS_9allocatorIN24TargetDeviceListEntryT327OF
__ZNSt3__128__exception_guard_exceptionsINS_29_AllocatorDestroyRangeReverseINS_9allocatorIN24TargetDeviceListEntryT327OF
__ZNSt3__128__exception_guard_exceptionsINS_29_AllocatorDestroyRangeReverseINS_9allocatorIN24TargetDeviceListEntryT327OF
__ZNSt3__128__exception_guard_exceptionsINS_29_AllocatorDestroyRangeReverseINS_9allocatorIN24TargetDeviceListEntryT327OF
__ZNSt3__129_AllocatorDestroyRangeReverseINS_9allocatorIN24TargetDeviceListEntryT327OFSAreaEEENS_16reverse_iteratorIPS3_
__ZN24TargetDeviceListEntryT327OFSAreaC1EOS0_
__ZN24TargetDeviceListEntryT327OFSAreaC2EOS0_
__ZNSt3__128__exception_guard_exceptionsINS_29_AllocatorDestroyRangeReverseINS_9allocatorIN24TargetDeviceListEntryT327OF
__ZNKSt3__129_AllocatorDestroyRangeReverseINS_9allocatorIN24TargetDeviceListEntryT327OFSAreaEEENS_16reverse_iteratorIPS3
__ZNSt3__119__allocator_destroyB8ne180100INS_9allocatorIN24TargetDeviceListEntryT327OFSAreaEEENS_16reverse_iteratorINS5_
__ZNSt3__116reverse_iteratorINS0_IPN24TargetDeviceListEntryT327OFSAreaEEEEC1B8ne180100ES4_
__ZNSt3__1neB8ne180100INS_16reverse_iteratorIPN24TargetDeviceListEntryT327OFSAreaEEES5_EEbRKNS1_IT_EERKNS1_IT0_EE
__ZNSt3__112__to_addressB8ne180100INS_16reverse_iteratorINS1_IPN24TargetDeviceListEntryT327OFSAreaEEEEEvEEu7__decayIDTcl
__ZNSt3__116reverse_iteratorINS0_IPN24TargetDeviceListEntryT327OFSAreaEEEEppB8ne180100Ev
__ZNKSt3__116reverse_iteratorINS0_IPN24TargetDeviceListEntryT327OFSAreaEEEE4baseB8ne180100Ev
__ZNSt3__119__to_address_helperINS_16reverse_iteratorINS1_IPN24TargetDeviceListEntryT327OFSAreaEEEEEvE6__callB8ne180100E
__ZNKSt3__116reverse_iteratorINS0_IPN24TargetDeviceListEntryT327OFSAreaEEEEptB8ne180100Ev
__ZNKSt3__116reverse_iteratorINS0_IPN24TargetDeviceListEntryT327OFSAreaEEEEdeB8ne180100Ev
__ZNSt3__116reverse_iteratorIPN24TargetDeviceListEntryT327OFSAreaEEmmB8ne180100Ev
__ZNSt3__116reverse_iteratorINS0_IPN24TargetDeviceListEntryT327OFSAreaEEEEC2B8ne180100ES4_
__ZNSt3__114__split_bufferIN24TargetDeviceListEntryT327OFSAreaERNS_9allocatorIS2_EEED2Ev
__ZNSt3__114__split_bufferIN24TargetDeviceListEntryT327OFSAreaERNS_9allocatorIS2_EEE5clearB8ne180100Ev
__ZNKSt3__114__split_bufferIN24TargetDeviceListEntryT327OFSAreaERNS_9allocatorIS2_EEE8capacityB8ne180100Ev
__ZNSt3__114__split_bufferIN24TargetDeviceListEntryT327OFSAreaERNS_9allocatorIS2_EEE17__destruct_at_endB8ne180100EPS2_
__ZNSt3__114__split_bufferIN24TargetDeviceListEntryT327OFSAreaERNS_9allocatorIS2_EEE17__destruct_at_endB8ne180100EPS2_NS
__ZNKSt3__114__split_bufferIN24TargetDeviceListEntryT327OFSAreaERNS_9allocatorIS2_EEE9__end_capB8ne180100Ev
__ZNKSt3__117__compressed_pairIPN24TargetDeviceListEntryT327OFSAreaERNS_9allocatorIS2_EEE5firstB8ne180100Ev
__GLOBAL__sub_I_TargetDeviceListEntryT32.cpp
__GLOBAL__sub_I_T32TargetDevice.cpp
__ZN16ITargetDeviceARMC2Ev
__ZN26TargetDeviceListManagerT32D1Ev
__ZNKSt3__14listIP19T32TargetDeviceCoreNS_9allocatorIS2_EEE5emptyB8ne180100Ev
__ZNSt3__14listIP19T32TargetDeviceCoreNS_9allocatorIS2_EEE9push_backERKS2_
__ZN18T32TargetDeviceCPU22isAdvancedDebugSupportEv
__ZN18T32TargetDeviceCPU9GetT32DLLEv
__ZN26TargetDeviceListManagerT32D2Ev
__ZNSt3__13mapINS_12basic_stringIcNS_11char_traitsIcEENS_9allocatorIcEEEE24TargetDeviceListEntryT32NS_4lessIS6_EENS4_INS
__ZNSt3__13mapINS_12basic_stringIcNS_11char_traitsIcEENS_9allocatorIcEEEE24TargetDeviceListEntryT32NS_4lessIS6_EENS4_INS
__ZNSt3__16__treeINS_12__value_typeINS_12basic_stringIcNS_11char_traitsIcEENS_9allocatorIcEEEE24TargetDeviceListEntryT32
__ZNSt3__16__treeINS_12__value_typeINS_12basic_stringIcNS_11char_traitsIcEENS_9allocatorIcEEEE24TargetDeviceListEntryT32
__ZNSt3__16__treeINS_12__value_typeINS_12basic_stringIcNS_11char_traitsIcEENS_9allocatorIcEEEE24TargetDeviceListEntryT32
__ZNSt3__111__list_nodeIP19T32TargetDeviceCorePvE9__as_linkB8ne180100Ev
__ZNSt3__14listIP19T32TargetDeviceCoreNS_9allocatorIS2_EEE20__link_nodes_at_backEPNS_16__list_node_baseIS2_PvEES9_
__ZNSt3__118__allocation_guardINS_9allocatorINS_11__list_nodeIP19T32TargetDeviceCorePvEEEEEC1B8ne180100IS7_EET_m
__ZNSt3__114__construct_atB8ne180100INS_11__list_nodeIP19T32TargetDeviceCorePvEEJRPNS_16__list_node_baseIS3_S4_EES9_EPS5
__ZNKSt3__118__allocation_guardINS_9allocatorINS_11__list_nodeIP19T32TargetDeviceCorePvEEEEE5__getB8ne180100Ev
__ZNSt3__118__allocation_guardINS_9allocatorINS_11__list_nodeIP19T32TargetDeviceCorePvEEEEE13__release_ptrB8ne180100Ev
__ZNSt3__118__allocation_guardINS_9allocatorINS_11__list_nodeIP19T32TargetDeviceCorePvEEEEED1B8ne180100Ev
__ZNSt3__118__allocation_guardINS_9allocatorINS_11__list_nodeIP19T32TargetDeviceCorePvEEEEEC2B8ne180100IS7_EET_m
__ZNSt3__116allocator_traitsINS_9allocatorINS_11__list_nodeIP19T32TargetDeviceCorePvEEEEE8allocateB8ne180100ERS7_m
__ZNSt3__19allocatorINS_11__list_nodeIP19T32TargetDeviceCorePvEEE8allocateB8ne180100Em
__ZNKSt3__19allocatorINS_11__list_nodeIP19T32TargetDeviceCorePvEEE8max_sizeB8ne180100Ev
__ZNSt3__111__list_nodeIP19T32TargetDeviceCorePvEC1B8ne180100EPNS_16__list_node_baseIS2_S3_EES7_
__ZNSt3__111__list_nodeIP19T32TargetDeviceCorePvEC2B8ne180100EPNS_16__list_node_baseIS2_S3_EES7_
__ZNSt3__116__list_node_baseIP19T32TargetDeviceCorePvEC2B8ne180100EPS4_S5_
__ZNSt3__118__allocation_guardINS_9allocatorINS_11__list_nodeIP19T32TargetDeviceCorePvEEEEED2B8ne180100Ev
__ZNSt3__118__allocation_guardINS_9allocatorINS_11__list_nodeIP19T32TargetDeviceCorePvEEEEE9__destroyB8ne180100Ev
__GLOBAL__sub_I_T32TargetDeviceCPU.cpp
__ZN24ITargetDevicePassThroughC2Ev
__ZNSt3__13mapItP24IPassthroughTargetDeviceNS_4lessItEENS_9allocatorINS_4pairIKtS2_EEEEEC1B8ne180100Ev
__ZNSt3__13mapItP24IPassthroughTargetDeviceNS_4lessItEENS_9allocatorINS_4pairIKtS2_EEEEED1B8ne180100Ev
__ZNSt3__13mapItP24IPassthroughTargetDeviceNS_4lessItEENS_9allocatorINS_4pairIKtS2_EEEEE5beginB8ne180100Ev
__ZNSt3__1neB8ne180100ERKNS_14__map_iteratorINS_15__tree_iteratorINS_12__value_typeItP24IPassthroughTargetDeviceEEPNS_11
__ZNSt3__13mapItP24IPassthroughTargetDeviceNS_4lessItEENS_9allocatorINS_4pairIKtS2_EEEEE3endB8ne180100Ev
__ZNKSt3__114__map_iteratorINS_15__tree_iteratorINS_12__value_typeItP24IPassthroughTargetDeviceEEPNS_11__tree_nodeIS5_Pv
__ZNSt3__114__map_iteratorINS_15__tree_iteratorINS_12__value_typeItP24IPassthroughTargetDeviceEEPNS_11__tree_nodeIS5_PvE
__ZNSt3__13mapItP24IPassthroughTargetDeviceNS_4lessItEENS_9allocatorINS_4pairIKtS2_EEEEE5clearB8ne180100Ev
__ZNSt3__13mapItP24IPassthroughTargetDeviceNS_4lessItEENS_9allocatorINS_4pairIKtS2_EEEEE4findB8ne180100ERS7_
__ZNSt3__13mapItP24IPassthroughTargetDeviceNS_4lessItEENS_9allocatorINS_4pairIKtS2_EEEEEixERS7_
__ZNSt3__13mapItP24IPassthroughTargetDeviceNS_4lessItEENS_9allocatorINS_4pairIKtS2_EEEEEC2B8ne180100Ev
__ZNSt3__119__map_value_compareItNS_12__value_typeItP24IPassthroughTargetDeviceEENS_4lessItEELb1EEC1B8ne180100ES6_
__ZNSt3__16__treeINS_12__value_typeItP24IPassthroughTargetDeviceEENS_19__map_value_compareItS4_NS_4lessItEELb1EEENS_9all
__ZNSt3__119__map_value_compareItNS_12__value_typeItP24IPassthroughTargetDeviceEENS_4lessItEELb1EEC2B8ne180100ES6_
__ZNSt3__16__treeINS_12__value_typeItP24IPassthroughTargetDeviceEENS_19__map_value_compareItS4_NS_4lessItEELb1EEENS_9all
lue_typeItP24IPassthroughTargetDeviceEES3_EEEEEC1B8ne180100ILb1EvEEv
__ZNSt3__117__compressed_pairImNS_19__map_value_compareItNS_12__value_typeItP24IPassthroughTargetDeviceEENS_4lessItEELb1
__ZNSt3__16__treeINS_12__value_typeItP24IPassthroughTargetDeviceEENS_19__map_value_compareItS4_NS_4lessItEELb1EEENS_9all
__ZNSt3__16__treeINS_12__value_typeItP24IPassthroughTargetDeviceEENS_19__map_value_compareItS4_NS_4lessItEELb1EEENS_9all
lue_typeItP24IPassthroughTargetDeviceEES3_EEEEEC2B8ne180100ILb1EvEEv
__ZNSt3__122__compressed_pair_elemINS_9allocatorINS_11__tree_nodeINS_12__value_typeItP24IPassthroughTargetDeviceEEPvEEEE
__ZNSt3__19allocatorINS_11__tree_nodeINS_12__value_typeItP24IPassthroughTargetDeviceEEPvEEEC2B8ne180100Ev
__ZNSt3__116__non_trivial_ifILb1ENS_9allocatorINS_11__tree_nodeINS_12__value_typeItP24IPassthroughTargetDeviceEEPvEEEEEC
__ZNSt3__117__compressed_pairImNS_19__map_value_compareItNS_12__value_typeItP24IPassthroughTargetDeviceEENS_4lessItEELb1
__ZNSt3__122__compressed_pair_elemINS_19__map_value_compareItNS_12__value_typeItP24IPassthroughTargetDeviceEENS_4lessItE
lue_typeItP24IPassthroughTargetDeviceEES3_EEEEE5firstB8ne180100Ev
__ZNSt3__13mapItP24IPassthroughTargetDeviceNS_4lessItEENS_9allocatorINS_4pairIKtS2_EEEEED2B8ne180100Ev
__ZNSt3__16__treeINS_12__value_typeItP24IPassthroughTargetDeviceEENS_19__map_value_compareItS4_NS_4lessItEELb1EEENS_9all
__ZNSt3__16__treeINS_12__value_typeItP24IPassthroughTargetDeviceEENS_19__map_value_compareItS4_NS_4lessItEELb1EEENS_9all
__ZNSt3__16__treeINS_12__value_typeItP24IPassthroughTargetDeviceEENS_19__map_value_compareItS4_NS_4lessItEELb1EEENS_9all
__ZNKSt3__16__treeINS_12__value_typeItP24IPassthroughTargetDeviceEENS_19__map_value_compareItS4_NS_4lessItEELb1EEENS_9al
__ZNSt3__16__treeINS_12__value_typeItP24IPassthroughTargetDeviceEENS_19__map_value_compareItS4_NS_4lessItEELb1EEENS_9all
__ZNSt3__122__tree_key_value_typesINS_12__value_typeItP24IPassthroughTargetDeviceEEE9__get_ptrB8ne180100ERS4_
__ZNSt3__116allocator_traitsINS_9allocatorINS_11__tree_nodeINS_12__value_typeItP24IPassthroughTargetDeviceEEPvEEEEE10dea
lue_typeItP24IPassthroughTargetDeviceEES3_EEEEE6secondB8ne180100Ev
__ZNSt3__122__compressed_pair_elemINS_9allocatorINS_11__tree_nodeINS_12__value_typeItP24IPassthroughTargetDeviceEEPvEEEE
__ZNSt3__112__destroy_atB8ne180100INS_4pairIKtP24IPassthroughTargetDeviceEELi0EEEvPT_
__ZNSt3__112__value_typeItP24IPassthroughTargetDeviceE11__get_valueB8ne180100Ev
__ZNSt3__19allocatorINS_11__tree_nodeINS_12__value_typeItP24IPassthroughTargetDeviceEEPvEEE10deallocateB8ne180100EPS7_m
__ZNKSt3__16__treeINS_12__value_typeItP24IPassthroughTargetDeviceEENS_19__map_value_compareItS4_NS_4lessItEELb1EEENS_9al
alue_typeItP24IPassthroughTargetDeviceEES3_EEEEE5firstB8ne180100Ev
__ZNSt3__16__treeINS_12__value_typeItP24IPassthroughTargetDeviceEENS_19__map_value_compareItS4_NS_4lessItEELb1EEENS_9all
__ZNSt3__114__map_iteratorINS_15__tree_iteratorINS_12__value_typeItP24IPassthroughTargetDeviceEEPNS_11__tree_nodeIS5_PvE
__ZNSt3__115__tree_iteratorINS_12__value_typeItP24IPassthroughTargetDeviceEEPNS_11__tree_nodeIS4_PvEElEC1B8ne180100EPNS_
__ZNSt3__115__tree_iteratorINS_12__value_typeItP24IPassthroughTargetDeviceEEPNS_11__tree_nodeIS4_PvEElEC2B8ne180100EPNS_
__ZNSt3__114__map_iteratorINS_15__tree_iteratorINS_12__value_typeItP24IPassthroughTargetDeviceEEPNS_11__tree_nodeIS5_PvE
__ZNSt3__16__treeINS_12__value_typeItP24IPassthroughTargetDeviceEENS_19__map_value_compareItS4_NS_4lessItEELb1EEENS_9all
__ZNSt3__1neB8ne180100ERKNS_15__tree_iteratorINS_12__value_typeItP24IPassthroughTargetDeviceEEPNS_11__tree_nodeIS4_PvEEl
__ZNSt3__1eqB8ne180100ERKNS_15__tree_iteratorINS_12__value_typeItP24IPassthroughTargetDeviceEEPNS_11__tree_nodeIS4_PvEEl
__ZNSt3__115__tree_iteratorINS_12__value_typeItP24IPassthroughTargetDeviceEEPNS_11__tree_nodeIS4_PvEElEppB8ne180100Ev
__ZNSt3__114pointer_traitsIPNS_4pairIKtP24IPassthroughTargetDeviceEEE10pointer_toB8ne180100ERS5_
__ZNKSt3__115__tree_iteratorINS_12__value_typeItP24IPassthroughTargetDeviceEEPNS_11__tree_nodeIS4_PvEElEptB8ne180100Ev
__ZNSt3__114pointer_traitsIPNS_12__value_typeItP24IPassthroughTargetDeviceEEE10pointer_toB8ne180100ERS4_
__ZNKSt3__115__tree_iteratorINS_12__value_typeItP24IPassthroughTargetDeviceEEPNS_11__tree_nodeIS4_PvEElE8__get_npB8ne180
__ZNSt3__16__treeINS_12__value_typeItP24IPassthroughTargetDeviceEENS_19__map_value_compareItS4_NS_4lessItEELb1EEENS_9all
__ZNSt3__16__treeINS_12__value_typeItP24IPassthroughTargetDeviceEENS_19__map_value_compareItS4_NS_4lessItEELb1EEENS_9all
__ZNSt3__117__compressed_pairImNS_19__map_value_compareItNS_12__value_typeItP24IPassthroughTargetDeviceEENS_4lessItEELb1
__ZNSt3__16__treeINS_12__value_typeItP24IPassthroughTargetDeviceEENS_19__map_value_compareItS4_NS_4lessItEELb1EEENS_9all
__ZNKSt3__119__map_value_compareItNS_12__value_typeItP24IPassthroughTargetDeviceEENS_4lessItEELb1EEclB8ne180100ERKtRKS4_
__ZNKSt3__115__tree_iteratorINS_12__value_typeItP24IPassthroughTargetDeviceEEPNS_11__tree_nodeIS4_PvEElEdeB8ne180100Ev
__ZNKSt3__119__map_value_compareItNS_12__value_typeItP24IPassthroughTargetDeviceEENS_4lessItEELb1EEclB8ne180100ERKS4_RKt
__ZNKSt3__112__value_typeItP24IPassthroughTargetDeviceE11__get_valueB8ne180100Ev
__ZNSt3__117__compressed_pairImNS_19__map_value_compareItNS_12__value_typeItP24IPassthroughTargetDeviceEENS_4lessItEELb1
__ZNSt3__122__compressed_pair_elemINS_19__map_value_compareItNS_12__value_typeItP24IPassthroughTargetDeviceEENS_4lessItE
__ZNSt3__16__treeINS_12__value_typeItP24IPassthroughTargetDeviceEENS_19__map_value_compareItS4_NS_4lessItEELb1EEENS_9all
__ZNKSt3__110unique_ptrINS_11__tree_nodeINS_12__value_typeItP24IPassthroughTargetDeviceEEPvEENS_22__tree_node_destructor
__ZNSt3__110unique_ptrINS_11__tree_nodeINS_12__value_typeItP24IPassthroughTargetDeviceEEPvEENS_22__tree_node_destructorI
__ZNSt3__110unique_ptrINS_11__tree_nodeINS_12__value_typeItP24IPassthroughTargetDeviceEEPvEENS_22__tree_node_destructorI
__ZNSt3__115__tree_iteratorINS_12__value_typeItP24IPassthroughTargetDeviceEEPNS_11__tree_nodeIS4_PvEElEC1B8ne180100ES8_
__ZNSt3__14pairINS_15__tree_iteratorINS_12__value_typeItP24IPassthroughTargetDeviceEEPNS_11__tree_nodeIS5_PvEElEEbEC1B8n
__ZNKSt3__16__treeINS_12__value_typeItP24IPassthroughTargetDeviceEENS_19__map_value_compareItS4_NS_4lessItEELb1EEENS_9al
__ZNSt3__116allocator_traitsINS_9allocatorINS_11__tree_nodeINS_12__value_typeItP24IPassthroughTargetDeviceEEPvEEEEE8allo
__ZNSt3__122__tree_node_destructorINS_9allocatorINS_11__tree_nodeINS_12__value_typeItP24IPassthroughTargetDeviceEEPvEEEE
__ZNSt3__110unique_ptrINS_11__tree_nodeINS_12__value_typeItP24IPassthroughTargetDeviceEEPvEENS_22__tree_node_destructorI
__ZNKSt3__110unique_ptrINS_11__tree_nodeINS_12__value_typeItP24IPassthroughTargetDeviceEEPvEENS_22__tree_node_destructor
__ZNSt3__110unique_ptrINS_11__tree_nodeINS_12__value_typeItP24IPassthroughTargetDeviceEEPvEENS_22__tree_node_destructorI
__ZNSt3__19allocatorINS_11__tree_nodeINS_12__value_typeItP24IPassthroughTargetDeviceEEPvEEE8allocateB8ne180100Em
__ZNKSt3__19allocatorINS_11__tree_nodeINS_12__value_typeItP24IPassthroughTargetDeviceEEPvEEE8max_sizeB8ne180100Ev
__ZNSt3__122__tree_node_destructorINS_9allocatorINS_11__tree_nodeINS_12__value_typeItP24IPassthroughTargetDeviceEEPvEEEE
__ZNSt3__110unique_ptrINS_11__tree_nodeINS_12__value_typeItP24IPassthroughTargetDeviceEEPvEENS_22__tree_node_destructorI
__ZNSt3__117__compressed_pairIPNS_11__tree_nodeINS_12__value_typeItP24IPassthroughTargetDeviceEEPvEENS_22__tree_node_des
__ZNSt3__117__compressed_pairIPNS_11__tree_nodeINS_12__value_typeItP24IPassthroughTargetDeviceEEPvEENS_22__tree_node_des
__ZNSt3__122__compressed_pair_elemIPNS_11__tree_nodeINS_12__value_typeItP24IPassthroughTargetDeviceEEPvEELi0ELb0EEC2B8ne
sthroughTargetDeviceEEPvEEEEEELi1ELb0EEC2B8ne180100ISB_vEEOT_
__ZNSt3__14pairIKtP24IPassthroughTargetDeviceEC1B8ne180100IJRS1_EJEEENS_21piecewise_construct_tENS_5tupleIJDpT_EEENS8_IJ
__ZNSt3__14pairIKtP24IPassthroughTargetDeviceEC1B8ne180100IJRS1_EJEJLm0EEJEEENS_21piecewise_construct_tERNS_5tupleIJDpT_
__ZNSt3__14pairIKtP24IPassthroughTargetDeviceEC2B8ne180100IJRS1_EJEJLm0EEJEEENS_21piecewise_construct_tERNS_5tupleIJDpT_
__ZNKSt3__117__compressed_pairIPNS_11__tree_nodeINS_12__value_typeItP24IPassthroughTargetDeviceEEPvEENS_22__tree_node_de
__ZNKSt3__122__compressed_pair_elemIPNS_11__tree_nodeINS_12__value_typeItP24IPassthroughTargetDeviceEEPvEELi0ELb0EE5__ge
__ZNSt3__117__compressed_pairIPNS_11__tree_nodeINS_12__value_typeItP24IPassthroughTargetDeviceEEPvEENS_22__tree_node_des
sthroughTargetDeviceEEPvEEEEEELi1ELb0EE5__getB8ne180100Ev
__ZNSt3__117__compressed_pairIPNS_11__tree_nodeINS_12__value_typeItP24IPassthroughTargetDeviceEEPvEENS_22__tree_node_des
__ZNSt3__122__compressed_pair_elemIPNS_11__tree_nodeINS_12__value_typeItP24IPassthroughTargetDeviceEEPvEELi0ELb0EE5__get
__ZNSt3__110unique_ptrINS_11__tree_nodeINS_12__value_typeItP24IPassthroughTargetDeviceEEPvEENS_22__tree_node_destructorI
__ZNSt3__110unique_ptrINS_11__tree_nodeINS_12__value_typeItP24IPassthroughTargetDeviceEEPvEENS_22__tree_node_destructorI
__ZNSt3__122__tree_node_destructorINS_9allocatorINS_11__tree_nodeINS_12__value_typeItP24IPassthroughTargetDeviceEEPvEEEE
__ZNSt3__115__tree_iteratorINS_12__value_typeItP24IPassthroughTargetDeviceEEPNS_11__tree_nodeIS4_PvEElEC2B8ne180100ES8_
__ZNSt3__14pairINS_15__tree_iteratorINS_12__value_typeItP24IPassthroughTargetDeviceEEPNS_11__tree_nodeIS5_PvEElEEbEC2B8n
__GLOBAL__sub_I_RCarPassthroughTargetDeviceHolder.cpp
__ZN24IPassthroughTargetDeviceC2Ev
__ZN24IPassthroughTargetDeviceD2Ev
__ZN24IPassthroughTargetDeviceD1Ev
__ZN24IPassthroughTargetDeviceD0Ev
__GLOBAL__sub_I_PassthroughTargetDevice.cpp
__GLOBAL__sub_I_ARMPassthroughTargetDevice.cpp
__GLOBAL__sub_I_SimPassthroughTargetDevice.cpp
__GLOBAL__sub_I_ShaderPassthroughTargetDevice.cpp
__ZN5boost13property_tree6detail8rapidxml12xml_documentIwEC1Ev
__ZN5boost13property_tree6detail8rapidxml12xml_documentIwED1Ev
__ZN5boost13property_tree6detail8rapidxml12xml_documentIwEC2Ev
__ZN5boost13property_tree6detail8rapidxml8xml_nodeIwEC2ENS2_9node_typeE
__ZN5boost13property_tree6detail8rapidxml11memory_poolIwEC2Ev
__ZN5boost13property_tree6detail8rapidxml8xml_baseIwEC2Ev
__ZN5boost13property_tree6detail8rapidxml8xml_nodeIwEC1ENS2_9node_typeE
__ZN5boost13property_tree6detail8rapidxml13xml_attributeIwEC1Ev
__ZN5boost13property_tree6detail8rapidxml13xml_attributeIwEC2Ev
__ZN5boost13property_tree6detail8rapidxml12xml_documentIwED2Ev
__ZN5boost13property_tree6detail8rapidxml11memory_poolIwED2Ev
__GLOBAL__sub_I_EZRxTargetDevice.cpp
__ZN17RxDspTargetDevice22startDownloadOnConnectENSt3__14listINS0_12basic_stringIcNS0_11char_traitsIcEENS0_9allocatorIcEE
__ZN17RxDspTargetDevice13startDownloadENSt3__14listINS0_12basic_stringIcNS0_11char_traitsIcEENS0_9allocatorIcEEEENS5_IS7
__ZN17RxDspTargetDevice25getHWBreakpointsAvailableEv
__ZN17RxDspTargetDevice18stopDownloadTargetEv
__GLOBAL__sub_I_RxDspTargetDevice.cpp
__GLOBAL__sub_I_RxDspTargetDeviceMTD_INP.cpp
__GLOBAL__sub_I_RxDspTargetDeviceMTD_OUTP.cpp
__GLOBAL__sub_I_RxDspTargetDeviceMTD_SENS.cpp
__GLOBAL__sub_I_SeggerRxTargetDevice.cpp
__ZNSt3__13mapINS_12basic_stringIcNS_11char_traitsIcEENS_9allocatorIcEEEE25TargetDeviceListEntryRL78NS_4lessIS6_EENS4_IN
cEENS_9allocatorIcEEEE25TargetDeviceListEntryRL78EEPNS_11__tree_nodeISA_PvEElEEEESI_
__ZNSt3__13mapINS_12basic_stringIcNS_11char_traitsIcEENS_9allocatorIcEEEE25TargetDeviceListEntryRL78NS_4lessIS6_EENS4_IN
__ZNSt3__13mapINS_12basic_stringIcNS_11char_traitsIcEENS_9allocatorIcEEEE25TargetDeviceListEntryRL78NS_4lessIS6_EENS4_IN
__ZNSt3__13mapINS_12basic_stringIcNS_11char_traitsIcEENS_9allocatorIcEEEE25TargetDeviceListEntryRL78NS_4lessIS6_EENS4_IN
__ZN25TargetDeviceListEntryRL78D1Ev
9allocatorIcEEEE25TargetDeviceListEntryRL78EEPNS_11__tree_nodeISA_PvEElEEEC1B8ne180100Ev
__ZNKSt3__13mapINS_12basic_stringIcNS_11char_traitsIcEENS_9allocatorIcEEEE25TargetDeviceListEntryRL78NS_4lessIS6_EENS4_I
char_traitsIcEENS_9allocatorIcEEEE25TargetDeviceListEntryRL78EEPNS_11__tree_nodeISA_PvEElEEEESI_
__ZNKSt3__13mapINS_12basic_stringIcNS_11char_traitsIcEENS_9allocatorIcEEEE25TargetDeviceListEntryRL78NS_4lessIS6_EENS4_I
_9allocatorIcEEEE25TargetDeviceListEntryRL78EEPNS_11__tree_nodeISA_PvEElEEEptB8ne180100Ev
9allocatorIcEEEE25TargetDeviceListEntryRL78EEPNS_11__tree_nodeISA_PvEElEEEppB8ne180100Ev
__ZN25TargetDeviceListEntryRL78D2Ev
__ZNSt3__13mapINS_12basic_stringIcNS_11char_traitsIcEENS_9allocatorIcEEEE25TargetDeviceListEntryRL78NS_4lessIS6_EENS4_IN
__ZNSt3__16__treeINS_12__value_typeINS_12basic_stringIcNS_11char_traitsIcEENS_9allocatorIcEEEE25TargetDeviceListEntryRL7
__ZNSt3__16__treeINS_12__value_typeINS_12basic_stringIcNS_11char_traitsIcEENS_9allocatorIcEEEE25TargetDeviceListEntryRL7
lue_typeINS_12basic_stringIcNS_11char_traitsIcEENS7_IcEEEE25TargetDeviceListEntryRL78EES3_EEEEEC1B8ne180100ILb1EvEEv
_value_typeIS7_25TargetDeviceListEntryRL78EENS_4lessIS7_EELb1EEEEC1B8ne180100IiRKSD_EEOT_OT0_
__ZNSt3__16__treeINS_12__value_typeINS_12basic_stringIcNS_11char_traitsIcEENS_9allocatorIcEEEE25TargetDeviceListEntryRL7
__ZNSt3__16__treeINS_12__value_typeINS_12basic_stringIcNS_11char_traitsIcEENS_9allocatorIcEEEE25TargetDeviceListEntryRL7
lue_typeINS_12basic_stringIcNS_11char_traitsIcEENS7_IcEEEE25TargetDeviceListEntryRL78EES3_EEEEEC2B8ne180100ILb1EvEEv
cEENS1_IcEEEE25TargetDeviceListEntryRL78EEPvEEEELi1ELb1EEC2B8ne180100ENS_16__value_init_tagE
__ZNSt3__19allocatorINS_11__tree_nodeINS_12__value_typeINS_12basic_stringIcNS_11char_traitsIcEENS0_IcEEEE25TargetDeviceL
ENS1_IcEEEE25TargetDeviceListEntryRL78EEPvEEEEEC2B8ne180100Ev
_value_typeIS7_25TargetDeviceListEntryRL78EENS_4lessIS7_EELb1EEEEC2B8ne180100IiRKSD_EEOT_OT0_
_12__value_typeIS7_25TargetDeviceListEntryRL78EENS_4lessIS7_EELb1EEELi1ELb1EEC2B8ne180100IRKSD_vEEOT_
lue_typeINS_12basic_stringIcNS_11char_traitsIcEENS7_IcEEEE25TargetDeviceListEntryRL78EES3_EEEEE5firstB8ne180100Ev
EEEE25TargetDeviceListEntryRL78EEPNS_11__tree_nodeISA_PvEElEEEC1B8ne180100ESF_
__ZNKSt3__16__treeINS_12__value_typeINS_12basic_stringIcNS_11char_traitsIcEENS_9allocatorIcEEEE25TargetDeviceListEntryRL
EE25TargetDeviceListEntryRL78EEPNS_11__tree_nodeIS9_PvEElEESG_
__ZNSt3__16__treeINS_12__value_typeINS_12basic_stringIcNS_11char_traitsIcEENS_9allocatorIcEEEE25TargetDeviceListEntryRL7
__ZNSt3__16__treeINS_12__value_typeINS_12basic_stringIcNS_11char_traitsIcEENS_9allocatorIcEEEE25TargetDeviceListEntryRL7
DeviceListEntryRL78EENS_4lessIS6_EELb1EEclB8ne180100ERKS6_RKS9_
__ZNKSt3__115__tree_iteratorINS_12__value_typeINS_12basic_stringIcNS_11char_traitsIcEENS_9allocatorIcEEEE25TargetDeviceL
DeviceListEntryRL78EENS_4lessIS6_EELb1EEclB8ne180100ERKS9_RKS6_
__ZNSt3__115__tree_iteratorINS_12__value_typeINS_12basic_stringIcNS_11char_traitsIcEENS_9allocatorIcEEEE25TargetDeviceLi
__ZNKSt3__112__value_typeINS_12basic_stringIcNS_11char_traitsIcEENS_9allocatorIcEEEE25TargetDeviceListEntryRL78E11__get_
__ZNSt3__115__tree_iteratorINS_12__value_typeINS_12basic_stringIcNS_11char_traitsIcEENS_9allocatorIcEEEE25TargetDeviceLi
__ZNKSt3__16__treeINS_12__value_typeINS_12basic_stringIcNS_11char_traitsIcEENS_9allocatorIcEEEE25TargetDeviceListEntryRL
alue_typeINS_12basic_stringIcNS_11char_traitsIcEENS7_IcEEEE25TargetDeviceListEntryRL78EES3_EEEEE5firstB8ne180100Ev
EE25TargetDeviceListEntryRL78EEPNS_11__tree_nodeIS9_PvEElEESG_
_value_typeIS7_25TargetDeviceListEntryRL78EENS_4lessIS7_EELb1EEEE6secondB8ne180100Ev
_12__value_typeIS7_25TargetDeviceListEntryRL78EENS_4lessIS7_EELb1EEELi1ELb1EE5__getB8ne180100Ev
__ZNKSt3__115__tree_iteratorINS_12__value_typeINS_12basic_stringIcNS_11char_traitsIcEENS_9allocatorIcEEEE25TargetDeviceL
EEEE25TargetDeviceListEntryRL78EEPNS_11__tree_nodeISA_PvEElEEEC2B8ne180100ESF_
__ZNKSt3__115__tree_iteratorINS_12__value_typeINS_12basic_stringIcNS_11char_traitsIcEENS_9allocatorIcEEEE25TargetDeviceL
__ZNSt3__112__value_typeINS_12basic_stringIcNS_11char_traitsIcEENS_9allocatorIcEEEE25TargetDeviceListEntryRL78E11__get_v
__ZNSt3__16__treeINS_12__value_typeINS_12basic_stringIcNS_11char_traitsIcEENS_9allocatorIcEEEE25TargetDeviceListEntryRL7
argetDeviceListEntryRL78EEPvEENS_22__tree_node_destructorINS6_ISC_EEEEE3getB8ne180100Ev
rgetDeviceListEntryRL78EEPvEENS_22__tree_node_destructorINS6_ISC_EEEEE7releaseB8ne180100Ev
rgetDeviceListEntryRL78EEPvEENS_22__tree_node_destructorINS6_ISC_EEEEED1B8ne180100Ev
__ZNSt3__115__tree_iteratorINS_12__value_typeINS_12basic_stringIcNS_11char_traitsIcEENS_9allocatorIcEEEE25TargetDeviceLi
tDeviceListEntryRL78EEPNS_11__tree_nodeISA_PvEElEEbEC1B8ne180100ISF_RbLi0EEEOT_OT0_
__ZNKSt3__16__treeINS_12__value_typeINS_12basic_stringIcNS_11char_traitsIcEENS_9allocatorIcEEEE25TargetDeviceListEntryRL
__ZNSt3__16__treeINS_12__value_typeINS_12basic_stringIcNS_11char_traitsIcEENS_9allocatorIcEEEE25TargetDeviceListEntryRL7
_IcEEEE25TargetDeviceListEntryRL78EEPvEEEEE8allocateB8ne180100ERSD_m
cEENS1_IcEEEE25TargetDeviceListEntryRL78EEPvEEEEEC1B8ne180100ERSD_b
rgetDeviceListEntryRL78EEPvEENS_22__tree_node_destructorINS6_ISC_EEEEEC1B8ne180100ILb1EvEEPSC_NS_16__dependent_typeINS_2
argetDeviceListEntryRL78EEPvEENS_22__tree_node_destructorINS6_ISC_EEEEEptB8ne180100Ev
rgetDeviceListEntryRL78EEPvEENS_22__tree_node_destructorINS6_ISC_EEEEE11get_deleterB8ne180100Ev
lue_typeINS_12basic_stringIcNS_11char_traitsIcEENS7_IcEEEE25TargetDeviceListEntryRL78EES3_EEEEE6secondB8ne180100Ev
cEENS1_IcEEEE25TargetDeviceListEntryRL78EEPvEEEELi1ELb1EE5__getB8ne180100Ev
__ZNSt3__19allocatorINS_11__tree_nodeINS_12__value_typeINS_12basic_stringIcNS_11char_traitsIcEENS0_IcEEEE25TargetDeviceL
__ZNKSt3__19allocatorINS_11__tree_nodeINS_12__value_typeINS_12basic_stringIcNS_11char_traitsIcEENS0_IcEEEE25TargetDevice
cEENS1_IcEEEE25TargetDeviceListEntryRL78EEPvEEEEEC2B8ne180100ERSD_b
rgetDeviceListEntryRL78EEPvEENS_22__tree_node_destructorINS6_ISC_EEEEEC2B8ne180100ILb1EvEEPSC_NS_16__dependent_typeINS_2
EEEE25TargetDeviceListEntryRL78EEPvEENS_22__tree_node_destructorINS6_ISC_EEEEEC1B8ne180100IRSD_SG_EEOT_OT0_
EEEE25TargetDeviceListEntryRL78EEPvEENS_22__tree_node_destructorINS6_ISC_EEEEEC2B8ne180100IRSD_SG_EEOT_OT0_
torIcEEEE25TargetDeviceListEntryRL78EEPvEELi0ELb0EEC2B8ne180100IRSD_vEEOT_
ic_stringIcNS_11char_traitsIcEENS2_IcEEEE25TargetDeviceListEntryRL78EEPvEEEEEELi1ELb0EEC2B8ne180100ISF_vEEOT_
__ZNSt3__14pairIKNS_12basic_stringIcNS_11char_traitsIcEENS_9allocatorIcEEEE25TargetDeviceListEntryRL78EC1B8ne180100IJRS7
__ZNSt3__14pairIKNS_12basic_stringIcNS_11char_traitsIcEENS_9allocatorIcEEEE25TargetDeviceListEntryRL78EC1B8ne180100IJRS7
__ZNSt3__14pairIKNS_12basic_stringIcNS_11char_traitsIcEENS_9allocatorIcEEEE25TargetDeviceListEntryRL78EC2B8ne180100IJRS7
cEEEE25TargetDeviceListEntryRL78EEPvEENS_22__tree_node_destructorINS6_ISC_EEEEE5firstB8ne180100Ev
atorIcEEEE25TargetDeviceListEntryRL78EEPvEELi0ELb0EE5__getB8ne180100Ev
EEEE25TargetDeviceListEntryRL78EEPvEENS_22__tree_node_destructorINS6_ISC_EEEEE6secondB8ne180100Ev
ic_stringIcNS_11char_traitsIcEENS2_IcEEEE25TargetDeviceListEntryRL78EEPvEEEEEELi1ELb0EE5__getB8ne180100Ev
__ZNSt3__16__treeINS_12__value_typeINS_12basic_stringIcNS_11char_traitsIcEENS_9allocatorIcEEEE25TargetDeviceListEntryRL7
_value_typeIS7_25TargetDeviceListEntryRL78EENS_4lessIS7_EELb1EEEE5firstB8ne180100Ev
EEEE25TargetDeviceListEntryRL78EEPvEENS_22__tree_node_destructorINS6_ISC_EEEEE5firstB8ne180100Ev
torIcEEEE25TargetDeviceListEntryRL78EEPvEELi0ELb0EE5__getB8ne180100Ev
rgetDeviceListEntryRL78EEPvEENS_22__tree_node_destructorINS6_ISC_EEEEED2B8ne180100Ev
rgetDeviceListEntryRL78EEPvEENS_22__tree_node_destructorINS6_ISC_EEEEE5resetB8ne180100EPSC_
cEENS1_IcEEEE25TargetDeviceListEntryRL78EEPvEEEEEclB8ne180100EPSC_
_IcEEEE25TargetDeviceListEntryRL78EEPvEEEEE10deallocateB8ne180100ERSD_PSC_m
__ZNSt3__112__destroy_atB8ne180100INS_4pairIKNS_12basic_stringIcNS_11char_traitsIcEENS_9allocatorIcEEEE25TargetDeviceLis
__ZNSt3__14pairIKNS_12basic_stringIcNS_11char_traitsIcEENS_9allocatorIcEEEE25TargetDeviceListEntryRL78ED1Ev
__ZNSt3__14pairIKNS_12basic_stringIcNS_11char_traitsIcEENS_9allocatorIcEEEE25TargetDeviceListEntryRL78ED2Ev
__ZNSt3__19allocatorINS_11__tree_nodeINS_12__value_typeINS_12basic_stringIcNS_11char_traitsIcEENS0_IcEEEE25TargetDeviceL
__ZNSt3__115__tree_iteratorINS_12__value_typeINS_12basic_stringIcNS_11char_traitsIcEENS_9allocatorIcEEEE25TargetDeviceLi
tDeviceListEntryRL78EEPNS_11__tree_nodeISA_PvEElEEbEC2B8ne180100ISF_RbLi0EEEOT_OT0_
__ZNSt3__114pointer_traitsIPNS_12__value_typeINS_12basic_stringIcNS_11char_traitsIcEENS_9allocatorIcEEEE25TargetDeviceLi
9allocatorIcEEEE25TargetDeviceListEntryRL78EEPNS_11__tree_nodeISA_PvEElEEEC2B8ne180100Ev
__ZNKSt3__16__treeINS_12__value_typeINS_12basic_stringIcNS_11char_traitsIcEENS_9allocatorIcEEEE25TargetDeviceListEntryRL
9allocatorIcEEEE25TargetDeviceListEntryRL78EEPNS_11__tree_nodeISA_PvEElEEEC1B8ne180100ESF_
__ZNKSt3__16__treeINS_12__value_typeINS_12basic_stringIcNS_11char_traitsIcEENS_9allocatorIcEEEE25TargetDeviceListEntryRL
9allocatorIcEEEE25TargetDeviceListEntryRL78EEPNS_11__tree_nodeISA_PvEElEEEC2B8ne180100ESF_
__ZNKSt3__16__treeINS_12__value_typeINS_12basic_stringIcNS_11char_traitsIcEENS_9allocatorIcEEEE25TargetDeviceListEntryRL
orIcEEEE25TargetDeviceListEntryRL78EEPNS_11__tree_nodeIS9_PvEElEESG_
orIcEEEE25TargetDeviceListEntryRL78EEPNS_11__tree_nodeIS9_PvEElEESG_
__ZNSt3__114pointer_traitsIPKNS_4pairIKNS_12basic_stringIcNS_11char_traitsIcEENS_9allocatorIcEEEE25TargetDeviceListEntry
__ZNSt3__114pointer_traitsIPKNS_12__value_typeINS_12basic_stringIcNS_11char_traitsIcEENS_9allocatorIcEEEE25TargetDeviceL
__GLOBAL__sub_I_TargetDeviceListManagerRL78.cpp
__GLOBAL__sub_I_TargetDeviceListEntryRL78.cpp
__ZN27TargetDeviceListManagerRL78D1Ev
__ZN16ExecTargetDevice22isAdvancedDebugSupportEv
__ZN16RL78TargetDevice11getDdfxFileEv
__ZN16RL78TargetDevice15forceRelayBreakEPKc
__ZN16RL78TargetDevice10getDvfFileEv
__ZN16RL78TargetDevice10getExecDLLEv
__ZN27TargetDeviceListManagerRL78D2Ev
__ZNSt3__13mapINS_12basic_stringIcNS_11char_traitsIcEENS_9allocatorIcEEEE25TargetDeviceListEntryRL78NS_4lessIS6_EENS4_IN
__ZNSt3__13mapINS_12basic_stringIcNS_11char_traitsIcEENS_9allocatorIcEEEE25TargetDeviceListEntryRL78NS_4lessIS6_EENS4_IN
__ZNSt3__16__treeINS_12__value_typeINS_12basic_stringIcNS_11char_traitsIcEENS_9allocatorIcEEEE25TargetDeviceListEntryRL7
__ZNSt3__16__treeINS_12__value_typeINS_12basic_stringIcNS_11char_traitsIcEENS_9allocatorIcEEEE25TargetDeviceListEntryRL7
__ZNSt3__16__treeINS_12__value_typeINS_12basic_stringIcNS_11char_traitsIcEENS_9allocatorIcEEEE25TargetDeviceListEntryRL7
__GLOBAL__sub_I_RL78TargetDevice.cpp
__GLOBAL__sub_I_E1RL78TargetDevice.cpp
__GLOBAL__sub_I_E2RL78TargetDevice.cpp
__GLOBAL__sub_I_E1RL78TargetDeviceMC_CPU.cpp
__GLOBAL__sub_I_E1RL78TargetDeviceMC_SDMA1.cpp
__GLOBAL__sub_I_E2RL78TargetDeviceMC_SDMA1.cpp
__ZN19RL78DspTargetDevice22startDownloadOnConnectENSt3__14listINS0_12basic_stringIcNS0_11char_traitsIcEENS0_9allocatorIc
__ZN19RL78DspTargetDevice13startDownloadENSt3__14listINS0_12basic_stringIcNS0_11char_traitsIcEENS0_9allocatorIcEEEENS5_I
__ZN19RL78DspTargetDevice27forceResetUpdateFromEclipseEv
__ZN19RL78DspTargetDevice25getHWBreakpointsAvailableEv
__ZN19RL78DspTargetDevice18stopDownloadTargetEv
__GLOBAL__sub_I_RL78DspTargetDevice.cpp
__GLOBAL__sub_I_RL78DspTargetDeviceFAA.cpp
__GLOBAL__sub_I_RL78DspTargetDeviceGREEN_DSP.cpp
__GLOBAL__sub_I_RL78TargetDeviceCore.cpp
__GLOBAL__sub_I_RL78TargetDeviceCoreS1.cpp
__GLOBAL__sub_I_RL78TargetDeviceCoreS2.cpp
__GLOBAL__sub_I_RL78TargetDeviceCoreS3.cpp
__GLOBAL__sub_I_ExecTargetDevice.cpp
__ZN17RH850TargetDevice22isAdvancedDebugSupportEv
__ZN17RH850TargetDevice25saveTargetDLLCoreSettingsEv
__ZN17RH850TargetDevice28restoreTargetDLLCoreSettingsEv
__ZN17RH850TargetDevice11getDdfxFileEv
__ZN17RH850TargetDevice15queryDTASettingEPKc
__ZN17RH850TargetDevice15queryETMSettingEPKcS1_
__ZN17RH850TargetDevice13setETMSettingEPKcS1_S1_Rj
__ZN17RH850TargetDevice17queryDTAEventDescEv
__ZN17RH850TargetDevice20setBusMonitorSettingEPKcRNSt3__112basic_stringIcNS2_11char_traitsIcEENS2_9allocatorIcEEEERj
__ZN17RH850TargetDevice18doBusMonitorActionEPKcRjRNSt3__112basic_stringIcNS3_11char_traitsIcEENS3_9allocatorIcEEEE
__ZN17RH850TargetDevice10getExecDLLEv
__ZN17RH850TargetDevice19getEightHundredFileEv
__ZThn1552_N17RH850TargetDevice15queryDTASettingEPKc
__ZThn1552_N17RH850TargetDevice15queryETMSettingEPKcS1_
__ZThn1552_N17RH850TargetDevice13setETMSettingEPKcS1_S1_Rj
__ZThn1552_N17RH850TargetDevice17queryDTAEventDescEv
__ZThn1552_N17RH850TargetDevice20setBusMonitorSettingEPKcRNSt3__112basic_stringIcNS2_11char_traitsIcEENS2_9allocatorIcEE
__ZThn1552_N17RH850TargetDevice18doBusMonitorActionEPKcRjRNSt3__112basic_stringIcNS3_11char_traitsIcEENS3_9allocatorIcEE
__GLOBAL__sub_I_RH850TargetDevice.cpp
__GLOBAL__sub_I_RH850TargetDeviceMC_F1H.cpp
__ZN21RH850TargetDeviceCore30isSupportedForSessionisTcTraceEv
__GLOBAL__sub_I_RH850TargetDeviceCore.cpp
__GLOBAL__sub_I_RH850TargetDeviceCoreG3.cpp
__GLOBAL__sub_I_RH850TargetDeviceCoreG4.cpp
__GLOBAL__sub_I_RH850TargetDeviceMC_CPU.cpp
__ZNSt3__16vectorIN18RCarE2TargetDevice13CacheRegisterENS_9allocatorIS2_EEEC1B8ne180100Ev
__ZNSt3__16vectorIN18RCarE2TargetDevice13CacheRegisterENS_9allocatorIS2_EEED1B8ne180100Ev
__ZN18RCarE2TargetDevice13CacheRegisterC1Ev
__ZNSt3__16vectorIN18RCarE2TargetDevice13CacheRegisterENS_9allocatorIS2_EEE9push_backB8ne180100ERKS2_
__ZN18RCarE2TargetDevice13CacheRegisterD1Ev
__ZNSt3__16vectorIN18RCarE2TargetDevice13CacheRegisterENS_9allocatorIS2_EEE5beginB8ne180100Ev
__ZNSt3__1neB8ne180100IPN18RCarE2TargetDevice13CacheRegisterEEEbRKNS_11__wrap_iterIT_EES8_
__ZNSt3__16vectorIN18RCarE2TargetDevice13CacheRegisterENS_9allocatorIS2_EEE3endB8ne180100Ev
__ZNKSt3__111__wrap_iterIPN18RCarE2TargetDevice13CacheRegisterEEdeB8ne180100Ev
__ZN18RCarE2TargetDevice13CacheRegisterC1ERKS0_
__ZNSt3__16vectorIN18RCarE2TargetDevice13CacheRegisterENS_9allocatorIS2_EEE5clearB8ne180100Ev
__ZNSt3__111__wrap_iterIPN18RCarE2TargetDevice13CacheRegisterEEppB8ne180100Ei
__ZN18RCarE2TargetDevice26isTimeMeasurementSupportedEv
__ZN18RCarE2TargetDevice31isSupportedForSessionisAnalysisEv
__ZN18RCarE2TargetDevice34isSupportedForSessionisEventpointsEv
__ZN18RCarE2TargetDevice34isSupportedForSessionisSimulatedIOEv
__ZN18RCarE2TargetDevice29isSupportedForSessionisTargetEv
__ZN18RCarE2TargetDevice30isSupportedForSessionisTcTraceEv
__ZN18RCarE2TargetDevice28isSupportedForSessionisTraceEv
__ZN18RCarE2TargetDevice12getADMTargetEv
__ZN18RCarE2TargetDevice22getEmlMesOverflowCountEv
__ZN18RCarE2TargetDevice15queryDTASettingEPKc
__ZN18RCarE2TargetDevice15queryETMSettingEPKcS1_
__ZN18RCarE2TargetDevice13setDTASettingEPKcS1_Rj
__ZN18RCarE2TargetDevice13setETMSettingEPKcS1_S1_Rj
__ZN18RCarE2TargetDevice17queryDTAEventDescEv
__ZN18RCarE2TargetDevice20setBusMonitorSettingEPKcRNSt3__112basic_stringIcNS2_11char_traitsIcEENS2_9allocatorIcEEEERj
__ZN18RCarE2TargetDevice18doBusMonitorActionEPKcRjRNSt3__112basic_stringIcNS3_11char_traitsIcEENS3_9allocatorIcEEEE
__ZThn1560_N18RCarE2TargetDevice15queryDTASettingEPKc
__ZThn1560_N18RCarE2TargetDevice15queryETMSettingEPKcS1_
__ZThn1560_N18RCarE2TargetDevice13setDTASettingEPKcS1_Rj
__ZThn1560_N18RCarE2TargetDevice13setETMSettingEPKcS1_S1_Rj
__ZThn1560_N18RCarE2TargetDevice17queryDTAEventDescEv
__ZThn1560_N18RCarE2TargetDevice20setBusMonitorSettingEPKcRNSt3__112basic_stringIcNS2_11char_traitsIcEENS2_9allocatorIcE
__ZThn1560_N18RCarE2TargetDevice18doBusMonitorActionEPKcRjRNSt3__112basic_stringIcNS3_11char_traitsIcEENS3_9allocatorIcE
__ZN18RCarE2TargetDevice13CacheRegisterC2Ev
__ZN18RCarE2TargetDevice13CacheRegisterD2Ev
__ZNSt3__1eqB8ne180100IPN18RCarE2TargetDevice13CacheRegisterEEEbRKNS_11__wrap_iterIT_EES8_
__ZNKSt3__111__wrap_iterIPN18RCarE2TargetDevice13CacheRegisterEE4baseB8ne180100Ev
__ZN18RCarE2TargetDevice13CacheRegisterC2ERKS0_
__ZNSt3__111__wrap_iterIPN18RCarE2TargetDevice13CacheRegisterEEppB8ne180100Ev
__ZNSt3__16vectorIN18RCarE2TargetDevice13CacheRegisterENS_9allocatorIS2_EEEC2B8ne180100Ev
__ZNSt3__117__compressed_pairIPN18RCarE2TargetDevice13CacheRegisterENS_9allocatorIS2_EEEC1B8ne180100IDnNS_18__default_in
__ZNSt3__117__compressed_pairIPN18RCarE2TargetDevice13CacheRegisterENS_9allocatorIS2_EEEC2B8ne180100IDnNS_18__default_in
__ZNSt3__122__compressed_pair_elemIPN18RCarE2TargetDevice13CacheRegisterELi0ELb0EEC2B8ne180100IDnvEEOT_
__ZNSt3__122__compressed_pair_elemINS_9allocatorIN18RCarE2TargetDevice13CacheRegisterEEELi1ELb1EEC2B8ne180100ENS_18__def
__ZNSt3__19allocatorIN18RCarE2TargetDevice13CacheRegisterEEC2B8ne180100Ev
__ZNSt3__116__non_trivial_ifILb1ENS_9allocatorIN18RCarE2TargetDevice13CacheRegisterEEEEC2B8ne180100Ev
__ZNSt3__16vectorIN18RCarE2TargetDevice13CacheRegisterENS_9allocatorIS2_EEED2B8ne180100Ev
__ZNSt3__16vectorIN18RCarE2TargetDevice13CacheRegisterENS_9allocatorIS2_EEE16__destroy_vectorC1B8ne180100ERS5_
__ZNSt3__16vectorIN18RCarE2TargetDevice13CacheRegisterENS_9allocatorIS2_EEE16__destroy_vectorclB8ne180100Ev
__ZNSt3__16vectorIN18RCarE2TargetDevice13CacheRegisterENS_9allocatorIS2_EEE16__destroy_vectorC2B8ne180100ERS5_
__ZNSt3__16vectorIN18RCarE2TargetDevice13CacheRegisterENS_9allocatorIS2_EEE7__clearB8ne180100Ev
__ZNKSt3__16vectorIN18RCarE2TargetDevice13CacheRegisterENS_9allocatorIS2_EEE17__annotate_deleteB8ne180100Ev
__ZNSt3__116allocator_traitsINS_9allocatorIN18RCarE2TargetDevice13CacheRegisterEEEE10deallocateB8ne180100ERS4_PS3_m
__ZNSt3__16vectorIN18RCarE2TargetDevice13CacheRegisterENS_9allocatorIS2_EEE7__allocB8ne180100Ev
__ZNKSt3__16vectorIN18RCarE2TargetDevice13CacheRegisterENS_9allocatorIS2_EEE8capacityB8ne180100Ev
__ZNSt3__16vectorIN18RCarE2TargetDevice13CacheRegisterENS_9allocatorIS2_EEE22__base_destruct_at_endB8ne180100EPS2_
__ZNSt3__112__to_addressB8ne180100IN18RCarE2TargetDevice13CacheRegisterEEEPT_S4_
__ZNSt3__19allocatorIN18RCarE2TargetDevice13CacheRegisterEE7destroyB8ne180100EPS2_
__ZNSt3__19allocatorIN18RCarE2TargetDevice13CacheRegisterEE10deallocateB8ne180100EPS2_m
__ZNSt3__117__compressed_pairIPN18RCarE2TargetDevice13CacheRegisterENS_9allocatorIS2_EEE6secondB8ne180100Ev
__ZNSt3__122__compressed_pair_elemINS_9allocatorIN18RCarE2TargetDevice13CacheRegisterEEELi1ELb1EE5__getB8ne180100Ev
__ZNKSt3__16vectorIN18RCarE2TargetDevice13CacheRegisterENS_9allocatorIS2_EEE9__end_capB8ne180100Ev
__ZNKSt3__117__compressed_pairIPN18RCarE2TargetDevice13CacheRegisterENS_9allocatorIS2_EEE5firstB8ne180100Ev
__ZNKSt3__122__compressed_pair_elemIPN18RCarE2TargetDevice13CacheRegisterELi0ELb0EE5__getB8ne180100Ev
__ZNSt3__16vectorIN18RCarE2TargetDevice13CacheRegisterENS_9allocatorIS2_EEE9__end_capB8ne180100Ev
__ZNSt3__117__compressed_pairIPN18RCarE2TargetDevice13CacheRegisterENS_9allocatorIS2_EEE5firstB8ne180100Ev
__ZNSt3__122__compressed_pair_elemIPN18RCarE2TargetDevice13CacheRegisterELi0ELb0EE5__getB8ne180100Ev
__ZNSt3__16vectorIN18RCarE2TargetDevice13CacheRegisterENS_9allocatorIS2_EEE21_ConstructTransactionC1B8ne180100ERS5_m
__ZNSt3__16vectorIN18RCarE2TargetDevice13CacheRegisterENS_9allocatorIS2_EEE21_ConstructTransactionD1B8ne180100Ev
__ZNSt3__16vectorIN18RCarE2TargetDevice13CacheRegisterENS_9allocatorIS2_EEE21_ConstructTransactionC2B8ne180100ERS5_m
__ZNSt3__16vectorIN18RCarE2TargetDevice13CacheRegisterENS_9allocatorIS2_EEE21_ConstructTransactionD2B8ne180100Ev
__ZNKSt3__16vectorIN18RCarE2TargetDevice13CacheRegisterENS_9allocatorIS2_EEE11__recommendB8ne180100Em
__ZNKSt3__16vectorIN18RCarE2TargetDevice13CacheRegisterENS_9allocatorIS2_EEE4sizeB8ne180100Ev
__ZNSt3__114__split_bufferIN18RCarE2TargetDevice13CacheRegisterERNS_9allocatorIS2_EEEC1EmmS5_
__ZNSt3__16vectorIN18RCarE2TargetDevice13CacheRegisterENS_9allocatorIS2_EEE26__swap_out_circular_bufferERNS_14__split_bu
__ZNSt3__114__split_bufferIN18RCarE2TargetDevice13CacheRegisterERNS_9allocatorIS2_EEED1Ev
__ZNKSt3__16vectorIN18RCarE2TargetDevice13CacheRegisterENS_9allocatorIS2_EEE8max_sizeEv
__ZNKSt3__16vectorIN18RCarE2TargetDevice13CacheRegisterENS_9allocatorIS2_EEE20__throw_length_errorB8ne180100Ev
__ZNKSt3__16vectorIN18RCarE2TargetDevice13CacheRegisterENS_9allocatorIS2_EEE7__allocB8ne180100Ev
__ZNKSt3__19allocatorIN18RCarE2TargetDevice13CacheRegisterEE8max_sizeB8ne180100Ev
__ZNKSt3__117__compressed_pairIPN18RCarE2TargetDevice13CacheRegisterENS_9allocatorIS2_EEE6secondB8ne180100Ev
__ZNKSt3__122__compressed_pair_elemINS_9allocatorIN18RCarE2TargetDevice13CacheRegisterEEELi1ELb1EE5__getB8ne180100Ev
__ZNSt3__114__split_bufferIN18RCarE2TargetDevice13CacheRegisterERNS_9allocatorIS2_EEEC2EmmS5_
__ZNSt3__117__compressed_pairIPN18RCarE2TargetDevice13CacheRegisterERNS_9allocatorIS2_EEEC1B8ne180100IDnS6_EEOT_OT0_
__ZNSt3__119__allocate_at_leastB8ne180100INS_9allocatorIN18RCarE2TargetDevice13CacheRegisterEEEEENS_19__allocation_resul
__ZNSt3__114__split_bufferIN18RCarE2TargetDevice13CacheRegisterERNS_9allocatorIS2_EEE7__allocB8ne180100Ev
__ZNSt3__114__split_bufferIN18RCarE2TargetDevice13CacheRegisterERNS_9allocatorIS2_EEE9__end_capB8ne180100Ev
__ZNSt3__117__compressed_pairIPN18RCarE2TargetDevice13CacheRegisterERNS_9allocatorIS2_EEEC2B8ne180100IDnS6_EEOT_OT0_
__ZNSt3__122__compressed_pair_elemIRNS_9allocatorIN18RCarE2TargetDevice13CacheRegisterEEELi1ELb0EEC2B8ne180100IS5_vEEOT_
__ZNSt3__19allocatorIN18RCarE2TargetDevice13CacheRegisterEE8allocateB8ne180100Em
__ZNSt3__117__compressed_pairIPN18RCarE2TargetDevice13CacheRegisterERNS_9allocatorIS2_EEE6secondB8ne180100Ev
__ZNSt3__122__compressed_pair_elemIRNS_9allocatorIN18RCarE2TargetDevice13CacheRegisterEEELi1ELb0EE5__getB8ne180100Ev
__ZNSt3__117__compressed_pairIPN18RCarE2TargetDevice13CacheRegisterERNS_9allocatorIS2_EEE5firstB8ne180100Ev
__ZNSt3__142__uninitialized_allocator_move_if_noexceptB8ne180100INS_9allocatorIN18RCarE2TargetDevice13CacheRegisterEEENS
__ZNSt3__116reverse_iteratorIPN18RCarE2TargetDevice13CacheRegisterEEC1B8ne180100ES3_
__ZNKSt3__116reverse_iteratorIPN18RCarE2TargetDevice13CacheRegisterEE4baseB8ne180100Ev
__ZNSt3__14swapB8ne180100IPN18RCarE2TargetDevice13CacheRegisterEEENS_9enable_ifIXaasr21is_move_constructibleIT_EE5values
__ZNKSt3__16vectorIN18RCarE2TargetDevice13CacheRegisterENS_9allocatorIS2_EEE14__annotate_newB8ne180100Em
__ZNSt3__122__make_exception_guardB8ne180100INS_29_AllocatorDestroyRangeReverseINS_9allocatorIN18RCarE2TargetDevice13Cac
__ZNSt3__129_AllocatorDestroyRangeReverseINS_9allocatorIN18RCarE2TargetDevice13CacheRegisterEEENS_16reverse_iteratorIPS3
__ZNSt3__1neB8ne180100IPN18RCarE2TargetDevice13CacheRegisterES3_EEbRKNS_16reverse_iteratorIT_EERKNS4_IT0_EE
__ZNSt3__112__to_addressB8ne180100INS_16reverse_iteratorIPN18RCarE2TargetDevice13CacheRegisterEEEvEEu7__decayIDTclsr19__
__ZNKSt3__116reverse_iteratorIPN18RCarE2TargetDevice13CacheRegisterEEdeB8ne180100Ev
__ZNSt3__116reverse_iteratorIPN18RCarE2TargetDevice13CacheRegisterEEppB8ne180100Ev
__ZNSt3__128__exception_guard_exceptionsINS_29_AllocatorDestroyRangeReverseINS_9allocatorIN18RCarE2TargetDevice13CacheRe
__ZNSt3__128__exception_guard_exceptionsINS_29_AllocatorDestroyRangeReverseINS_9allocatorIN18RCarE2TargetDevice13CacheRe
__ZNSt3__128__exception_guard_exceptionsINS_29_AllocatorDestroyRangeReverseINS_9allocatorIN18RCarE2TargetDevice13CacheRe
__ZNSt3__128__exception_guard_exceptionsINS_29_AllocatorDestroyRangeReverseINS_9allocatorIN18RCarE2TargetDevice13CacheRe
__ZNSt3__129_AllocatorDestroyRangeReverseINS_9allocatorIN18RCarE2TargetDevice13CacheRegisterEEENS_16reverse_iteratorIPS3
__ZN18RCarE2TargetDevice13CacheRegisterC1EOS0_
__ZN18RCarE2TargetDevice13CacheRegisterC2EOS0_
__ZNSt3__119__to_address_helperINS_16reverse_iteratorIPN18RCarE2TargetDevice13CacheRegisterEEEvE6__callB8ne180100ERKS5_
__ZNKSt3__116reverse_iteratorIPN18RCarE2TargetDevice13CacheRegisterEEptB8ne180100Ev
__ZNSt3__128__exception_guard_exceptionsINS_29_AllocatorDestroyRangeReverseINS_9allocatorIN18RCarE2TargetDevice13CacheRe
__ZNKSt3__129_AllocatorDestroyRangeReverseINS_9allocatorIN18RCarE2TargetDevice13CacheRegisterEEENS_16reverse_iteratorIPS
__ZNSt3__119__allocator_destroyB8ne180100INS_9allocatorIN18RCarE2TargetDevice13CacheRegisterEEENS_16reverse_iteratorINS5
__ZNSt3__116reverse_iteratorINS0_IPN18RCarE2TargetDevice13CacheRegisterEEEEC1B8ne180100ES4_
__ZNSt3__1neB8ne180100INS_16reverse_iteratorIPN18RCarE2TargetDevice13CacheRegisterEEES5_EEbRKNS1_IT_EERKNS1_IT0_EE
__ZNSt3__112__to_addressB8ne180100INS_16reverse_iteratorINS1_IPN18RCarE2TargetDevice13CacheRegisterEEEEEvEEu7__decayIDTc
__ZNSt3__116reverse_iteratorINS0_IPN18RCarE2TargetDevice13CacheRegisterEEEEppB8ne180100Ev
__ZNKSt3__116reverse_iteratorINS0_IPN18RCarE2TargetDevice13CacheRegisterEEEE4baseB8ne180100Ev
__ZNSt3__119__to_address_helperINS_16reverse_iteratorINS1_IPN18RCarE2TargetDevice13CacheRegisterEEEEEvE6__callB8ne180100
__ZNKSt3__116reverse_iteratorINS0_IPN18RCarE2TargetDevice13CacheRegisterEEEEptB8ne180100Ev
__ZNKSt3__116reverse_iteratorINS0_IPN18RCarE2TargetDevice13CacheRegisterEEEEdeB8ne180100Ev
__ZNSt3__116reverse_iteratorIPN18RCarE2TargetDevice13CacheRegisterEEmmB8ne180100Ev
__ZNSt3__116reverse_iteratorINS0_IPN18RCarE2TargetDevice13CacheRegisterEEEEC2B8ne180100ES4_
__ZNSt3__116reverse_iteratorIPN18RCarE2TargetDevice13CacheRegisterEEC2B8ne180100ES3_
__ZNSt3__114__split_bufferIN18RCarE2TargetDevice13CacheRegisterERNS_9allocatorIS2_EEED2Ev
__ZNSt3__114__split_bufferIN18RCarE2TargetDevice13CacheRegisterERNS_9allocatorIS2_EEE5clearB8ne180100Ev
__ZNKSt3__114__split_bufferIN18RCarE2TargetDevice13CacheRegisterERNS_9allocatorIS2_EEE8capacityB8ne180100Ev
__ZNSt3__114__split_bufferIN18RCarE2TargetDevice13CacheRegisterERNS_9allocatorIS2_EEE17__destruct_at_endB8ne180100EPS2_
__ZNSt3__114__split_bufferIN18RCarE2TargetDevice13CacheRegisterERNS_9allocatorIS2_EEE17__destruct_at_endB8ne180100EPS2_N
__ZNKSt3__114__split_bufferIN18RCarE2TargetDevice13CacheRegisterERNS_9allocatorIS2_EEE9__end_capB8ne180100Ev
__ZNKSt3__117__compressed_pairIPN18RCarE2TargetDevice13CacheRegisterERNS_9allocatorIS2_EEE5firstB8ne180100Ev
__ZNSt3__16vectorIN18RCarE2TargetDevice13CacheRegisterENS_9allocatorIS2_EEE11__make_iterB8ne180100EPS2_
__ZNSt3__111__wrap_iterIPN18RCarE2TargetDevice13CacheRegisterEEC1B8ne180100ES3_
__ZNSt3__111__wrap_iterIPN18RCarE2TargetDevice13CacheRegisterEEC2B8ne180100ES3_
__ZNKSt3__16vectorIN18RCarE2TargetDevice13CacheRegisterENS_9allocatorIS2_EEE17__annotate_shrinkB8ne180100Em
__GLOBAL__sub_I_RCarE2TargetDevice.cpp
__ZN5boost6threadC1IM24RCarE2TargetDeviceMC_CPUFvNSt3__112basic_stringIcNS3_11char_traitsIcEENS3_9allocatorIcEEEENS3_6ve
__ZN24RCarE2TargetDeviceMC_CPU11isMultiCoreEv
__ZN24RCarE2TargetDeviceMC_CPU15queryDTASettingEPKc
__ZN24RCarE2TargetDeviceMC_CPU15queryETMSettingEPKcS1_
__ZN24RCarE2TargetDeviceMC_CPU13setDTASettingEPKcS1_Rj
__ZN24RCarE2TargetDeviceMC_CPU17queryDTAEventDescEv
__ZN24RCarE2TargetDeviceMC_CPU20setBusMonitorSettingEPKcRNSt3__112basic_stringIcNS2_11char_traitsIcEENS2_9allocatorIcEEE
__ZN24RCarE2TargetDeviceMC_CPU18doBusMonitorActionEPKcRjRNSt3__112basic_stringIcNS3_11char_traitsIcEENS3_9allocatorIcEEE
__ZThn1560_N24RCarE2TargetDeviceMC_CPU15queryDTASettingEPKc
__ZThn1560_N24RCarE2TargetDeviceMC_CPU15queryETMSettingEPKcS1_
__ZThn1560_N24RCarE2TargetDeviceMC_CPU13setDTASettingEPKcS1_Rj
__ZThn1560_N24RCarE2TargetDeviceMC_CPU17queryDTAEventDescEv
__ZThn1560_N24RCarE2TargetDeviceMC_CPU20setBusMonitorSettingEPKcRNSt3__112basic_stringIcNS2_11char_traitsIcEENS2_9alloca
__ZThn1560_N24RCarE2TargetDeviceMC_CPU18doBusMonitorActionEPKcRjRNSt3__112basic_stringIcNS3_11char_traitsIcEENS3_9alloca
__ZN5boost6threadC2IM24RCarE2TargetDeviceMC_CPUFvNSt3__112basic_stringIcNS3_11char_traitsIcEENS3_9allocatorIcEEEENS3_6ve
__ZN5boost3_bi6bind_tIvNS_4_mfi2mfIM24RCarE2TargetDeviceMC_CPUFvNSt3__112basic_stringIcNS5_11char_traitsIcEENS5_9allocat
__ZN5boost6detail11thread_dataINS_3_bi6bind_tIvNS_4_mfi2mfIM24RCarE2TargetDeviceMC_CPUFvNSt3__112basic_stringIcNS7_11cha
__ZN5boost6detail11thread_dataINS_3_bi6bind_tIvNS_4_mfi2mfIM24RCarE2TargetDeviceMC_CPUFvNSt3__112basic_stringIcNS7_11cha
__ZN5boost3_bi6bind_tIvNS_4_mfi2mfIM24RCarE2TargetDeviceMC_CPUFvNSt3__112basic_stringIcNS5_11char_traitsIcEENS5_9allocat
__ZN5boost6detail11thread_dataINS_3_bi6bind_tIvNS_4_mfi2mfIM24RCarE2TargetDeviceMC_CPUFvNSt3__112basic_stringIcNS7_11cha
__ZN5boost6detail11thread_dataINS_3_bi6bind_tIvNS_4_mfi2mfIM24RCarE2TargetDeviceMC_CPUFvNSt3__112basic_stringIcNS7_11cha
__ZN5boost6detail11thread_dataINS_3_bi6bind_tIvNS_4_mfi2mfIM24RCarE2TargetDeviceMC_CPUFvNSt3__112basic_stringIcNS7_11cha
__ZN5boost3_bi6bind_tIvNS_4_mfi2mfIM24RCarE2TargetDeviceMC_CPUFvNSt3__112basic_stringIcNS5_11char_traitsIcEENS5_9allocat
__ZN5boost3_bi4listIJNS0_5valueIP24RCarE2TargetDeviceMC_CPUEENS2_INSt3__112basic_stringIcNS6_11char_traitsIcEENS6_9alloc
__ZN5boost3_bi4listIJNS0_5valueIP24RCarE2TargetDeviceMC_CPUEENS2_INSt3__112basic_stringIcNS6_11char_traitsIcEENS6_9alloc
__ZNSt3__15tupleIJN5boost3_bi5valueIP24RCarE2TargetDeviceMC_CPUEENS3_INS_12basic_stringIcNS_11char_traitsIcEENS_9allocat
__ZNSt3__15tupleIJN5boost3_bi5valueIP24RCarE2TargetDeviceMC_CPUEENS3_INS_12basic_stringIcNS_11char_traitsIcEENS_9allocat
__ZNSt3__112__tuple_implINS_15__tuple_indicesIJLm0ELm1ELm2EEEEJN5boost3_bi5valueIP24RCarE2TargetDeviceMC_CPUEENS5_INS_12
__ZNSt3__112__tuple_implINS_15__tuple_indicesIJLm0ELm1ELm2EEEEJN5boost3_bi5valueIP24RCarE2TargetDeviceMC_CPUEENS5_INS_12
__ZN5boost6detail11thread_dataINS_3_bi6bind_tIvNS_4_mfi2mfIM24RCarE2TargetDeviceMC_CPUFvNSt3__112basic_stringIcNS7_11cha
__ZNSt3__13getB8ne180100ILm0EJN5boost3_bi5valueIP24RCarE2TargetDeviceMC_CPUEENS3_INS_12basic_stringIcNS_11char_traitsIcE
__ZNSt3__13getB8ne180100ILm1EJN5boost3_bi5valueIP24RCarE2TargetDeviceMC_CPUEENS3_INS_12basic_stringIcNS_11char_traitsIcE
__ZNSt3__13getB8ne180100ILm2EJN5boost3_bi5valueIP24RCarE2TargetDeviceMC_CPUEENS3_INS_12basic_stringIcNS_11char_traitsIcE
__ZNSt3__112__tuple_leafILm0EN5boost3_bi5valueIP24RCarE2TargetDeviceMC_CPUEELb0EE3getB8ne180100Ev
__ZN5boost6detail12shared_countC1INS0_11thread_dataINS_3_bi6bind_tIvNS_4_mfi2mfIM24RCarE2TargetDeviceMC_CPUFvNSt3__112ba
__ZN5boost6detail12shared_countC2INS0_11thread_dataINS_3_bi6bind_tIvNS_4_mfi2mfIM24RCarE2TargetDeviceMC_CPUFvNSt3__112ba
__ZN5boost6detail17sp_counted_impl_pINS0_11thread_dataINS_3_bi6bind_tIvNS_4_mfi2mfIM24RCarE2TargetDeviceMC_CPUFvNSt3__11
__ZN5boost6detail17sp_counted_impl_pINS0_11thread_dataINS_3_bi6bind_tIvNS_4_mfi2mfIM24RCarE2TargetDeviceMC_CPUFvNSt3__11
__ZN5boost6detail17sp_counted_impl_pINS0_11thread_dataINS_3_bi6bind_tIvNS_4_mfi2mfIM24RCarE2TargetDeviceMC_CPUFvNSt3__11
__ZN5boost6detail17sp_counted_impl_pINS0_11thread_dataINS_3_bi6bind_tIvNS_4_mfi2mfIM24RCarE2TargetDeviceMC_CPUFvNSt3__11
__ZN5boost6detail17sp_counted_impl_pINS0_11thread_dataINS_3_bi6bind_tIvNS_4_mfi2mfIM24RCarE2TargetDeviceMC_CPUFvNSt3__11
__ZN5boost6detail17sp_counted_impl_pINS0_11thread_dataINS_3_bi6bind_tIvNS_4_mfi2mfIM24RCarE2TargetDeviceMC_CPUFvNSt3__11
__ZN5boost6detail17sp_counted_impl_pINS0_11thread_dataINS_3_bi6bind_tIvNS_4_mfi2mfIM24RCarE2TargetDeviceMC_CPUFvNSt3__11
__ZN5boost6detail17sp_counted_impl_pINS0_11thread_dataINS_3_bi6bind_tIvNS_4_mfi2mfIM24RCarE2TargetDeviceMC_CPUFvNSt3__11
__ZN5boost6detail17sp_counted_impl_pINS0_11thread_dataINS_3_bi6bind_tIvNS_4_mfi2mfIM24RCarE2TargetDeviceMC_CPUFvNSt3__11
__ZN5boost3_bi5valueIP24RCarE2TargetDeviceMC_CPUEC1ERKS3_
__ZN5boost3_bi4listIJNS0_5valueIP24RCarE2TargetDeviceMC_CPUEENS2_INSt3__112basic_stringIcNS6_11char_traitsIcEENS6_9alloc
__ZN5boost3_bi6bind_tIvNS_4_mfi2mfIM24RCarE2TargetDeviceMC_CPUFvNSt3__112basic_stringIcNS5_11char_traitsIcEENS5_9allocat
__ZN5boost3_bi4listIJNS0_5valueIP24RCarE2TargetDeviceMC_CPUEENS2_INSt3__112basic_stringIcNS6_11char_traitsIcEENS6_9alloc
__ZN5boost3_bi5valueIP24RCarE2TargetDeviceMC_CPUEC2ERKS3_
__ZN5boost3_bi4listIJNS0_5valueIP24RCarE2TargetDeviceMC_CPUEENS2_INSt3__112basic_stringIcNS6_11char_traitsIcEENS6_9alloc
__ZNSt3__15tupleIJN5boost3_bi5valueIP24RCarE2TargetDeviceMC_CPUEENS3_INS_12basic_stringIcNS_11char_traitsIcEENS_9allocat
__ZNSt3__15tupleIJN5boost3_bi5valueIP24RCarE2TargetDeviceMC_CPUEENS3_INS_12basic_stringIcNS_11char_traitsIcEENS_9allocat
__ZNSt3__112__tuple_implINS_15__tuple_indicesIJLm0ELm1ELm2EEEEJN5boost3_bi5valueIP24RCarE2TargetDeviceMC_CPUEENS5_INS_12
__ZNSt3__112__tuple_implINS_15__tuple_indicesIJLm0ELm1ELm2EEEEJN5boost3_bi5valueIP24RCarE2TargetDeviceMC_CPUEENS5_INS_12
__ZNSt3__112__tuple_leafILm0EN5boost3_bi5valueIP24RCarE2TargetDeviceMC_CPUEELb0EEC2B8ne180100IRS6_vEEOT_
__ZN5boost3_bi6bind_tIvNS_4_mfi2mfIM24RCarE2TargetDeviceMC_CPUFvNSt3__112basic_stringIcNS5_11char_traitsIcEENS5_9allocat
__ZN5boost3_bi4listIJNS0_5valueIP24RCarE2TargetDeviceMC_CPUEENS2_INSt3__112basic_stringIcNS6_11char_traitsIcEENS6_9alloc
__ZN5boost3_bi4listIJNS0_5valueIP24RCarE2TargetDeviceMC_CPUEENS2_INSt3__112basic_stringIcNS6_11char_traitsIcEENS6_9alloc
__ZNSt3__15tupleIJN5boost3_bi5valueIP24RCarE2TargetDeviceMC_CPUEENS3_INS_12basic_stringIcNS_11char_traitsIcEENS_9allocat
__ZNSt3__15tupleIJN5boost3_bi5valueIP24RCarE2TargetDeviceMC_CPUEENS3_INS_12basic_stringIcNS_11char_traitsIcEENS_9allocat
__ZNSt3__112__tuple_implINS_15__tuple_indicesIJLm0ELm1ELm2EEEEJN5boost3_bi5valueIP24RCarE2TargetDeviceMC_CPUEENS5_INS_12
__ZNSt3__112__tuple_implINS_15__tuple_indicesIJLm0ELm1ELm2EEEEJN5boost3_bi5valueIP24RCarE2TargetDeviceMC_CPUEENS5_INS_12
__ZN5boost3_bi4listIJNS0_5valueIP24RCarE2TargetDeviceMC_CPUEENS2_INSt3__112basic_stringIcNS6_11char_traitsIcEENS6_9alloc
__ZNSt3__15tupleIJN5boost3_bi5valueIP24RCarE2TargetDeviceMC_CPUEENS3_INS_12basic_stringIcNS_11char_traitsIcEENS_9allocat
__ZNSt3__15tupleIJN5boost3_bi5valueIP24RCarE2TargetDeviceMC_CPUEENS3_INS_12basic_stringIcNS_11char_traitsIcEENS_9allocat
__ZNSt3__112__tuple_implINS_15__tuple_indicesIJLm0ELm1ELm2EEEEJN5boost3_bi5valueIP24RCarE2TargetDeviceMC_CPUEENS5_INS_12
__ZNSt3__112__tuple_implINS_15__tuple_indicesIJLm0ELm1ELm2EEEEJN5boost3_bi5valueIP24RCarE2TargetDeviceMC_CPUEENS5_INS_12
__ZN5boost4_mfi2mfIM24RCarE2TargetDeviceMC_CPUFvNSt3__112basic_stringIcNS3_11char_traitsIcEENS3_9allocatorIcEEEENS3_6vec
__ZN5boost4_mfi2mfIM24RCarE2TargetDeviceMC_CPUFvNSt3__112basic_stringIcNS3_11char_traitsIcEENS3_9allocatorIcEEEENS3_6vec
__ZN5boost3_bi6bind_tIvNS_4_mfi2mfIM24RCarE2TargetDeviceMC_CPUFvNSt3__112basic_stringIcNS5_11char_traitsIcEENS5_9allocat
__GLOBAL__sub_I_RCarE2TargetDeviceMC_CPU.cpp
__ZNSt3__13mapINS_12basic_stringIcNS_11char_traitsIcEENS_9allocatorIcEEEE27TargetDeviceListEntryRCarE2NS_4lessIS6_EENS4_
__ZNSt3__13mapINS_12basic_stringIcNS_11char_traitsIcEENS_9allocatorIcEEEE27TargetDeviceListEntryRCarE2NS_4lessIS6_EENS4_
cEENS_9allocatorIcEEEE27TargetDeviceListEntryRCarE2EEPNS_11__tree_nodeISA_PvEElEEEESI_
__ZNSt3__13mapINS_12basic_stringIcNS_11char_traitsIcEENS_9allocatorIcEEEE27TargetDeviceListEntryRCarE2NS_4lessIS6_EENS4_
__ZNSt3__13mapINS_12basic_stringIcNS_11char_traitsIcEENS_9allocatorIcEEEE27TargetDeviceListEntryRCarE2NS_4lessIS6_EENS4_
__ZNSt3__13mapINS_12basic_stringIcNS_11char_traitsIcEENS_9allocatorIcEEEE27TargetDeviceListEntryRCarE2NS_4lessIS6_EENS4_
9allocatorIcEEEE27TargetDeviceListEntryRCarE2EEPNS_11__tree_nodeISA_PvEElEEEC1B8ne180100Ev
__ZNKSt3__13mapINS_12basic_stringIcNS_11char_traitsIcEENS_9allocatorIcEEEE27TargetDeviceListEntryRCarE2NS_4lessIS6_EENS4
char_traitsIcEENS_9allocatorIcEEEE27TargetDeviceListEntryRCarE2EEPNS_11__tree_nodeISA_PvEElEEEESI_
__ZNKSt3__13mapINS_12basic_stringIcNS_11char_traitsIcEENS_9allocatorIcEEEE27TargetDeviceListEntryRCarE2NS_4lessIS6_EENS4
_9allocatorIcEEEE27TargetDeviceListEntryRCarE2EEPNS_11__tree_nodeISA_PvEElEEEptB8ne180100Ev
9allocatorIcEEEE27TargetDeviceListEntryRCarE2EEPNS_11__tree_nodeISA_PvEElEEEppB8ne180100Ev
__ZNSt3__13mapINS_12basic_stringIcNS_11char_traitsIcEENS_9allocatorIcEEEE27TargetDeviceListEntryRCarE2NS_4lessIS6_EENS4_
__ZNSt3__16__treeINS_12__value_typeINS_12basic_stringIcNS_11char_traitsIcEENS_9allocatorIcEEEE27TargetDeviceListEntryRCa
__ZNSt3__16__treeINS_12__value_typeINS_12basic_stringIcNS_11char_traitsIcEENS_9allocatorIcEEEE27TargetDeviceListEntryRCa
lue_typeINS_12basic_stringIcNS_11char_traitsIcEENS7_IcEEEE27TargetDeviceListEntryRCarE2EES3_EEEEEC1B8ne180100ILb1EvEEv
_value_typeIS7_27TargetDeviceListEntryRCarE2EENS_4lessIS7_EELb1EEEEC1B8ne180100IiRKSD_EEOT_OT0_
__ZNSt3__16__treeINS_12__value_typeINS_12basic_stringIcNS_11char_traitsIcEENS_9allocatorIcEEEE27TargetDeviceListEntryRCa
__ZNSt3__16__treeINS_12__value_typeINS_12basic_stringIcNS_11char_traitsIcEENS_9allocatorIcEEEE27TargetDeviceListEntryRCa
lue_typeINS_12basic_stringIcNS_11char_traitsIcEENS7_IcEEEE27TargetDeviceListEntryRCarE2EES3_EEEEEC2B8ne180100ILb1EvEEv
cEENS1_IcEEEE27TargetDeviceListEntryRCarE2EEPvEEEELi1ELb1EEC2B8ne180100ENS_16__value_init_tagE
__ZNSt3__19allocatorINS_11__tree_nodeINS_12__value_typeINS_12basic_stringIcNS_11char_traitsIcEENS0_IcEEEE27TargetDeviceL
ENS1_IcEEEE27TargetDeviceListEntryRCarE2EEPvEEEEEC2B8ne180100Ev
_value_typeIS7_27TargetDeviceListEntryRCarE2EENS_4lessIS7_EELb1EEEEC2B8ne180100IiRKSD_EEOT_OT0_
_12__value_typeIS7_27TargetDeviceListEntryRCarE2EENS_4lessIS7_EELb1EEELi1ELb1EEC2B8ne180100IRKSD_vEEOT_
lue_typeINS_12basic_stringIcNS_11char_traitsIcEENS7_IcEEEE27TargetDeviceListEntryRCarE2EES3_EEEEE5firstB8ne180100Ev
__ZNSt3__13mapINS_12basic_stringIcNS_11char_traitsIcEENS_9allocatorIcEEEE27TargetDeviceListEntryRCarE2NS_4lessIS6_EENS4_
__ZNSt3__16__treeINS_12__value_typeINS_12basic_stringIcNS_11char_traitsIcEENS_9allocatorIcEEEE27TargetDeviceListEntryRCa
__ZNSt3__16__treeINS_12__value_typeINS_12basic_stringIcNS_11char_traitsIcEENS_9allocatorIcEEEE27TargetDeviceListEntryRCa
__ZNSt3__16__treeINS_12__value_typeINS_12basic_stringIcNS_11char_traitsIcEENS_9allocatorIcEEEE27TargetDeviceListEntryRCa
__ZNKSt3__16__treeINS_12__value_typeINS_12basic_stringIcNS_11char_traitsIcEENS_9allocatorIcEEEE27TargetDeviceListEntryRC
__ZNSt3__16__treeINS_12__value_typeINS_12basic_stringIcNS_11char_traitsIcEENS_9allocatorIcEEEE27TargetDeviceListEntryRCa
_IcEEEE27TargetDeviceListEntryRCarE2EEPvEEEEE10deallocateB8ne180100ERSD_PSC_m
lue_typeINS_12basic_stringIcNS_11char_traitsIcEENS7_IcEEEE27TargetDeviceListEntryRCarE2EES3_EEEEE6secondB8ne180100Ev
cEENS1_IcEEEE27TargetDeviceListEntryRCarE2EEPvEEEELi1ELb1EE5__getB8ne180100Ev
__ZNSt3__112__destroy_atB8ne180100INS_4pairIKNS_12basic_stringIcNS_11char_traitsIcEENS_9allocatorIcEEEE27TargetDeviceLis
__ZNSt3__14pairIKNS_12basic_stringIcNS_11char_traitsIcEENS_9allocatorIcEEEE27TargetDeviceListEntryRCarE2ED1Ev
__ZNSt3__14pairIKNS_12basic_stringIcNS_11char_traitsIcEENS_9allocatorIcEEEE27TargetDeviceListEntryRCarE2ED2Ev
__ZNSt3__112__value_typeINS_12basic_stringIcNS_11char_traitsIcEENS_9allocatorIcEEEE27TargetDeviceListEntryRCarE2E11__get
__ZNSt3__19allocatorINS_11__tree_nodeINS_12__value_typeINS_12basic_stringIcNS_11char_traitsIcEENS0_IcEEEE27TargetDeviceL
__ZNKSt3__16__treeINS_12__value_typeINS_12basic_stringIcNS_11char_traitsIcEENS_9allocatorIcEEEE27TargetDeviceListEntryRC
alue_typeINS_12basic_stringIcNS_11char_traitsIcEENS7_IcEEEE27TargetDeviceListEntryRCarE2EES3_EEEEE5firstB8ne180100Ev
EEEE27TargetDeviceListEntryRCarE2EEPNS_11__tree_nodeISA_PvEElEEEC1B8ne180100ESF_
EE27TargetDeviceListEntryRCarE2EEPNS_11__tree_nodeIS9_PvEElEESG_
__ZNSt3__16__treeINS_12__value_typeINS_12basic_stringIcNS_11char_traitsIcEENS_9allocatorIcEEEE27TargetDeviceListEntryRCa
__ZNSt3__16__treeINS_12__value_typeINS_12basic_stringIcNS_11char_traitsIcEENS_9allocatorIcEEEE27TargetDeviceListEntryRCa
DeviceListEntryRCarE2EENS_4lessIS6_EELb1EEclB8ne180100ERKS6_RKS9_
__ZNKSt3__115__tree_iteratorINS_12__value_typeINS_12basic_stringIcNS_11char_traitsIcEENS_9allocatorIcEEEE27TargetDeviceL
DeviceListEntryRCarE2EENS_4lessIS6_EELb1EEclB8ne180100ERKS9_RKS6_
__ZNSt3__115__tree_iteratorINS_12__value_typeINS_12basic_stringIcNS_11char_traitsIcEENS_9allocatorIcEEEE27TargetDeviceLi
__ZNKSt3__112__value_typeINS_12basic_stringIcNS_11char_traitsIcEENS_9allocatorIcEEEE27TargetDeviceListEntryRCarE2E11__ge
__ZNSt3__115__tree_iteratorINS_12__value_typeINS_12basic_stringIcNS_11char_traitsIcEENS_9allocatorIcEEEE27TargetDeviceLi
EE27TargetDeviceListEntryRCarE2EEPNS_11__tree_nodeIS9_PvEElEESG_
_value_typeIS7_27TargetDeviceListEntryRCarE2EENS_4lessIS7_EELb1EEEE6secondB8ne180100Ev
_12__value_typeIS7_27TargetDeviceListEntryRCarE2EENS_4lessIS7_EELb1EEELi1ELb1EE5__getB8ne180100Ev
__ZNKSt3__115__tree_iteratorINS_12__value_typeINS_12basic_stringIcNS_11char_traitsIcEENS_9allocatorIcEEEE27TargetDeviceL
EEEE27TargetDeviceListEntryRCarE2EEPNS_11__tree_nodeISA_PvEElEEEC2B8ne180100ESF_
__ZNKSt3__115__tree_iteratorINS_12__value_typeINS_12basic_stringIcNS_11char_traitsIcEENS_9allocatorIcEEEE27TargetDeviceL
__ZNSt3__16__treeINS_12__value_typeINS_12basic_stringIcNS_11char_traitsIcEENS_9allocatorIcEEEE27TargetDeviceListEntryRCa
argetDeviceListEntryRCarE2EEPvEENS_22__tree_node_destructorINS6_ISC_EEEEE3getB8ne180100Ev
rgetDeviceListEntryRCarE2EEPvEENS_22__tree_node_destructorINS6_ISC_EEEEE7releaseB8ne180100Ev
rgetDeviceListEntryRCarE2EEPvEENS_22__tree_node_destructorINS6_ISC_EEEEED1B8ne180100Ev
__ZNSt3__115__tree_iteratorINS_12__value_typeINS_12basic_stringIcNS_11char_traitsIcEENS_9allocatorIcEEEE27TargetDeviceLi
tDeviceListEntryRCarE2EEPNS_11__tree_nodeISA_PvEElEEbEC1B8ne180100ISF_RbLi0EEEOT_OT0_
__ZNKSt3__16__treeINS_12__value_typeINS_12basic_stringIcNS_11char_traitsIcEENS_9allocatorIcEEEE27TargetDeviceListEntryRC
_IcEEEE27TargetDeviceListEntryRCarE2EEPvEEEEE8allocateB8ne180100ERSD_m
cEENS1_IcEEEE27TargetDeviceListEntryRCarE2EEPvEEEEEC1B8ne180100ERSD_b
rgetDeviceListEntryRCarE2EEPvEENS_22__tree_node_destructorINS6_ISC_EEEEEC1B8ne180100ILb1EvEEPSC_NS_16__dependent_typeINS
argetDeviceListEntryRCarE2EEPvEENS_22__tree_node_destructorINS6_ISC_EEEEEptB8ne180100Ev
rgetDeviceListEntryRCarE2EEPvEENS_22__tree_node_destructorINS6_ISC_EEEEE11get_deleterB8ne180100Ev
__ZNSt3__19allocatorINS_11__tree_nodeINS_12__value_typeINS_12basic_stringIcNS_11char_traitsIcEENS0_IcEEEE27TargetDeviceL
__ZNKSt3__19allocatorINS_11__tree_nodeINS_12__value_typeINS_12basic_stringIcNS_11char_traitsIcEENS0_IcEEEE27TargetDevice
cEENS1_IcEEEE27TargetDeviceListEntryRCarE2EEPvEEEEEC2B8ne180100ERSD_b
rgetDeviceListEntryRCarE2EEPvEENS_22__tree_node_destructorINS6_ISC_EEEEEC2B8ne180100ILb1EvEEPSC_NS_16__dependent_typeINS
EEEE27TargetDeviceListEntryRCarE2EEPvEENS_22__tree_node_destructorINS6_ISC_EEEEEC1B8ne180100IRSD_SG_EEOT_OT0_
EEEE27TargetDeviceListEntryRCarE2EEPvEENS_22__tree_node_destructorINS6_ISC_EEEEEC2B8ne180100IRSD_SG_EEOT_OT0_
torIcEEEE27TargetDeviceListEntryRCarE2EEPvEELi0ELb0EEC2B8ne180100IRSD_vEEOT_
ic_stringIcNS_11char_traitsIcEENS2_IcEEEE27TargetDeviceListEntryRCarE2EEPvEEEEEELi1ELb0EEC2B8ne180100ISF_vEEOT_
__ZNSt3__14pairIKNS_12basic_stringIcNS_11char_traitsIcEENS_9allocatorIcEEEE27TargetDeviceListEntryRCarE2EC1B8ne180100IJR
__ZNSt3__14pairIKNS_12basic_stringIcNS_11char_traitsIcEENS_9allocatorIcEEEE27TargetDeviceListEntryRCarE2EC1B8ne180100IJR
__ZNSt3__14pairIKNS_12basic_stringIcNS_11char_traitsIcEENS_9allocatorIcEEEE27TargetDeviceListEntryRCarE2EC2B8ne180100IJR
cEEEE27TargetDeviceListEntryRCarE2EEPvEENS_22__tree_node_destructorINS6_ISC_EEEEE5firstB8ne180100Ev
atorIcEEEE27TargetDeviceListEntryRCarE2EEPvEELi0ELb0EE5__getB8ne180100Ev
EEEE27TargetDeviceListEntryRCarE2EEPvEENS_22__tree_node_destructorINS6_ISC_EEEEE6secondB8ne180100Ev
ic_stringIcNS_11char_traitsIcEENS2_IcEEEE27TargetDeviceListEntryRCarE2EEPvEEEEEELi1ELb0EE5__getB8ne180100Ev
__ZNSt3__16__treeINS_12__value_typeINS_12basic_stringIcNS_11char_traitsIcEENS_9allocatorIcEEEE27TargetDeviceListEntryRCa
_value_typeIS7_27TargetDeviceListEntryRCarE2EENS_4lessIS7_EELb1EEEE5firstB8ne180100Ev
EEEE27TargetDeviceListEntryRCarE2EEPvEENS_22__tree_node_destructorINS6_ISC_EEEEE5firstB8ne180100Ev
torIcEEEE27TargetDeviceListEntryRCarE2EEPvEELi0ELb0EE5__getB8ne180100Ev
rgetDeviceListEntryRCarE2EEPvEENS_22__tree_node_destructorINS6_ISC_EEEEED2B8ne180100Ev
rgetDeviceListEntryRCarE2EEPvEENS_22__tree_node_destructorINS6_ISC_EEEEE5resetB8ne180100EPSC_
cEENS1_IcEEEE27TargetDeviceListEntryRCarE2EEPvEEEEEclB8ne180100EPSC_
__ZNSt3__115__tree_iteratorINS_12__value_typeINS_12basic_stringIcNS_11char_traitsIcEENS_9allocatorIcEEEE27TargetDeviceLi
tDeviceListEntryRCarE2EEPNS_11__tree_nodeISA_PvEElEEbEC2B8ne180100ISF_RbLi0EEEOT_OT0_
__ZNSt3__114pointer_traitsIPNS_12__value_typeINS_12basic_stringIcNS_11char_traitsIcEENS_9allocatorIcEEEE27TargetDeviceLi
9allocatorIcEEEE27TargetDeviceListEntryRCarE2EEPNS_11__tree_nodeISA_PvEElEEEC2B8ne180100Ev
__ZNKSt3__16__treeINS_12__value_typeINS_12basic_stringIcNS_11char_traitsIcEENS_9allocatorIcEEEE27TargetDeviceListEntryRC
9allocatorIcEEEE27TargetDeviceListEntryRCarE2EEPNS_11__tree_nodeISA_PvEElEEEC1B8ne180100ESF_
__ZNKSt3__16__treeINS_12__value_typeINS_12basic_stringIcNS_11char_traitsIcEENS_9allocatorIcEEEE27TargetDeviceListEntryRC
9allocatorIcEEEE27TargetDeviceListEntryRCarE2EEPNS_11__tree_nodeISA_PvEElEEEC2B8ne180100ESF_
__ZNKSt3__16__treeINS_12__value_typeINS_12basic_stringIcNS_11char_traitsIcEENS_9allocatorIcEEEE27TargetDeviceListEntryRC
orIcEEEE27TargetDeviceListEntryRCarE2EEPNS_11__tree_nodeIS9_PvEElEESG_
orIcEEEE27TargetDeviceListEntryRCarE2EEPNS_11__tree_nodeIS9_PvEElEESG_
__ZNSt3__114pointer_traitsIPKNS_4pairIKNS_12basic_stringIcNS_11char_traitsIcEENS_9allocatorIcEEEE27TargetDeviceListEntry
__ZNSt3__114pointer_traitsIPKNS_12__value_typeINS_12basic_stringIcNS_11char_traitsIcEENS_9allocatorIcEEEE27TargetDeviceL
__GLOBAL__sub_I_TargetDeviceListManagerRCarE2.cpp
__GLOBAL__sub_I_TargetDeviceListEntryRCarE2.cpp
__GLOBAL__sub_I_RCarE2TargetDeviceCore.cpp
__GLOBAL__sub_I_TargetDeviceListEntryRISCV.cpp
__ZNSt3__13mapINS_12basic_stringIcNS_11char_traitsIcEENS_9allocatorIcEEEE26TargetDeviceListEntryRISCVNS_4lessIS6_EENS4_I
__ZNSt3__13mapINS_12basic_stringIcNS_11char_traitsIcEENS_9allocatorIcEEEE26TargetDeviceListEntryRISCVNS_4lessIS6_EENS4_I
cEENS_9allocatorIcEEEE26TargetDeviceListEntryRISCVEEPNS_11__tree_nodeISA_PvEElEEEESI_
__ZNSt3__13mapINS_12basic_stringIcNS_11char_traitsIcEENS_9allocatorIcEEEE26TargetDeviceListEntryRISCVNS_4lessIS6_EENS4_I
__ZNSt3__13mapINS_12basic_stringIcNS_11char_traitsIcEENS_9allocatorIcEEEE26TargetDeviceListEntryRISCVNS_4lessIS6_EENS4_I
__ZNSt3__13mapINS_12basic_stringIcNS_11char_traitsIcEENS_9allocatorIcEEEE26TargetDeviceListEntryRISCVNS_4lessIS6_EENS4_I
9allocatorIcEEEE26TargetDeviceListEntryRISCVEEPNS_11__tree_nodeISA_PvEElEEEC1B8ne180100Ev
__ZNKSt3__13mapINS_12basic_stringIcNS_11char_traitsIcEENS_9allocatorIcEEEE26TargetDeviceListEntryRISCVNS_4lessIS6_EENS4_
char_traitsIcEENS_9allocatorIcEEEE26TargetDeviceListEntryRISCVEEPNS_11__tree_nodeISA_PvEElEEEESI_
__ZNKSt3__13mapINS_12basic_stringIcNS_11char_traitsIcEENS_9allocatorIcEEEE26TargetDeviceListEntryRISCVNS_4lessIS6_EENS4_
_9allocatorIcEEEE26TargetDeviceListEntryRISCVEEPNS_11__tree_nodeISA_PvEElEEEptB8ne180100Ev
9allocatorIcEEEE26TargetDeviceListEntryRISCVEEPNS_11__tree_nodeISA_PvEElEEEppB8ne180100Ev
__ZNSt3__13mapINS_12basic_stringIcNS_11char_traitsIcEENS_9allocatorIcEEEE26TargetDeviceListEntryRISCVNS_4lessIS6_EENS4_I
__ZNSt3__16__treeINS_12__value_typeINS_12basic_stringIcNS_11char_traitsIcEENS_9allocatorIcEEEE26TargetDeviceListEntryRIS
__ZNSt3__16__treeINS_12__value_typeINS_12basic_stringIcNS_11char_traitsIcEENS_9allocatorIcEEEE26TargetDeviceListEntryRIS
lue_typeINS_12basic_stringIcNS_11char_traitsIcEENS7_IcEEEE26TargetDeviceListEntryRISCVEES3_EEEEEC1B8ne180100ILb1EvEEv
_value_typeIS7_26TargetDeviceListEntryRISCVEENS_4lessIS7_EELb1EEEEC1B8ne180100IiRKSD_EEOT_OT0_
__ZNSt3__16__treeINS_12__value_typeINS_12basic_stringIcNS_11char_traitsIcEENS_9allocatorIcEEEE26TargetDeviceListEntryRIS
__ZNSt3__16__treeINS_12__value_typeINS_12basic_stringIcNS_11char_traitsIcEENS_9allocatorIcEEEE26TargetDeviceListEntryRIS
lue_typeINS_12basic_stringIcNS_11char_traitsIcEENS7_IcEEEE26TargetDeviceListEntryRISCVEES3_EEEEEC2B8ne180100ILb1EvEEv
cEENS1_IcEEEE26TargetDeviceListEntryRISCVEEPvEEEELi1ELb1EEC2B8ne180100ENS_16__value_init_tagE
__ZNSt3__19allocatorINS_11__tree_nodeINS_12__value_typeINS_12basic_stringIcNS_11char_traitsIcEENS0_IcEEEE26TargetDeviceL
ENS1_IcEEEE26TargetDeviceListEntryRISCVEEPvEEEEEC2B8ne180100Ev
_value_typeIS7_26TargetDeviceListEntryRISCVEENS_4lessIS7_EELb1EEEEC2B8ne180100IiRKSD_EEOT_OT0_
_12__value_typeIS7_26TargetDeviceListEntryRISCVEENS_4lessIS7_EELb1EEELi1ELb1EEC2B8ne180100IRKSD_vEEOT_
lue_typeINS_12basic_stringIcNS_11char_traitsIcEENS7_IcEEEE26TargetDeviceListEntryRISCVEES3_EEEEE5firstB8ne180100Ev
__ZNSt3__13mapINS_12basic_stringIcNS_11char_traitsIcEENS_9allocatorIcEEEE26TargetDeviceListEntryRISCVNS_4lessIS6_EENS4_I
__ZNSt3__16__treeINS_12__value_typeINS_12basic_stringIcNS_11char_traitsIcEENS_9allocatorIcEEEE26TargetDeviceListEntryRIS
__ZNSt3__16__treeINS_12__value_typeINS_12basic_stringIcNS_11char_traitsIcEENS_9allocatorIcEEEE26TargetDeviceListEntryRIS
__ZNSt3__16__treeINS_12__value_typeINS_12basic_stringIcNS_11char_traitsIcEENS_9allocatorIcEEEE26TargetDeviceListEntryRIS
__ZNKSt3__16__treeINS_12__value_typeINS_12basic_stringIcNS_11char_traitsIcEENS_9allocatorIcEEEE26TargetDeviceListEntryRI
__ZNSt3__16__treeINS_12__value_typeINS_12basic_stringIcNS_11char_traitsIcEENS_9allocatorIcEEEE26TargetDeviceListEntryRIS
_IcEEEE26TargetDeviceListEntryRISCVEEPvEEEEE10deallocateB8ne180100ERSD_PSC_m
lue_typeINS_12basic_stringIcNS_11char_traitsIcEENS7_IcEEEE26TargetDeviceListEntryRISCVEES3_EEEEE6secondB8ne180100Ev
cEENS1_IcEEEE26TargetDeviceListEntryRISCVEEPvEEEELi1ELb1EE5__getB8ne180100Ev
__ZNSt3__112__destroy_atB8ne180100INS_4pairIKNS_12basic_stringIcNS_11char_traitsIcEENS_9allocatorIcEEEE26TargetDeviceLis
__ZNSt3__14pairIKNS_12basic_stringIcNS_11char_traitsIcEENS_9allocatorIcEEEE26TargetDeviceListEntryRISCVED1Ev
__ZNSt3__14pairIKNS_12basic_stringIcNS_11char_traitsIcEENS_9allocatorIcEEEE26TargetDeviceListEntryRISCVED2Ev
__ZNSt3__112__value_typeINS_12basic_stringIcNS_11char_traitsIcEENS_9allocatorIcEEEE26TargetDeviceListEntryRISCVE11__get_
__ZNSt3__19allocatorINS_11__tree_nodeINS_12__value_typeINS_12basic_stringIcNS_11char_traitsIcEENS0_IcEEEE26TargetDeviceL
__ZNKSt3__16__treeINS_12__value_typeINS_12basic_stringIcNS_11char_traitsIcEENS_9allocatorIcEEEE26TargetDeviceListEntryRI
alue_typeINS_12basic_stringIcNS_11char_traitsIcEENS7_IcEEEE26TargetDeviceListEntryRISCVEES3_EEEEE5firstB8ne180100Ev
EEEE26TargetDeviceListEntryRISCVEEPNS_11__tree_nodeISA_PvEElEEEC1B8ne180100ESF_
EE26TargetDeviceListEntryRISCVEEPNS_11__tree_nodeIS9_PvEElEESG_
__ZNSt3__16__treeINS_12__value_typeINS_12basic_stringIcNS_11char_traitsIcEENS_9allocatorIcEEEE26TargetDeviceListEntryRIS
__ZNSt3__16__treeINS_12__value_typeINS_12basic_stringIcNS_11char_traitsIcEENS_9allocatorIcEEEE26TargetDeviceListEntryRIS
DeviceListEntryRISCVEENS_4lessIS6_EELb1EEclB8ne180100ERKS6_RKS9_
__ZNKSt3__115__tree_iteratorINS_12__value_typeINS_12basic_stringIcNS_11char_traitsIcEENS_9allocatorIcEEEE26TargetDeviceL
DeviceListEntryRISCVEENS_4lessIS6_EELb1EEclB8ne180100ERKS9_RKS6_
__ZNSt3__115__tree_iteratorINS_12__value_typeINS_12basic_stringIcNS_11char_traitsIcEENS_9allocatorIcEEEE26TargetDeviceLi
__ZNKSt3__112__value_typeINS_12basic_stringIcNS_11char_traitsIcEENS_9allocatorIcEEEE26TargetDeviceListEntryRISCVE11__get
__ZNSt3__115__tree_iteratorINS_12__value_typeINS_12basic_stringIcNS_11char_traitsIcEENS_9allocatorIcEEEE26TargetDeviceLi
EE26TargetDeviceListEntryRISCVEEPNS_11__tree_nodeIS9_PvEElEESG_
_value_typeIS7_26TargetDeviceListEntryRISCVEENS_4lessIS7_EELb1EEEE6secondB8ne180100Ev
_12__value_typeIS7_26TargetDeviceListEntryRISCVEENS_4lessIS7_EELb1EEELi1ELb1EE5__getB8ne180100Ev
__ZNKSt3__115__tree_iteratorINS_12__value_typeINS_12basic_stringIcNS_11char_traitsIcEENS_9allocatorIcEEEE26TargetDeviceL
EEEE26TargetDeviceListEntryRISCVEEPNS_11__tree_nodeISA_PvEElEEEC2B8ne180100ESF_
__ZNKSt3__115__tree_iteratorINS_12__value_typeINS_12basic_stringIcNS_11char_traitsIcEENS_9allocatorIcEEEE26TargetDeviceL
__ZNSt3__16__treeINS_12__value_typeINS_12basic_stringIcNS_11char_traitsIcEENS_9allocatorIcEEEE26TargetDeviceListEntryRIS
argetDeviceListEntryRISCVEEPvEENS_22__tree_node_destructorINS6_ISC_EEEEE3getB8ne180100Ev
rgetDeviceListEntryRISCVEEPvEENS_22__tree_node_destructorINS6_ISC_EEEEE7releaseB8ne180100Ev
rgetDeviceListEntryRISCVEEPvEENS_22__tree_node_destructorINS6_ISC_EEEEED1B8ne180100Ev
__ZNSt3__115__tree_iteratorINS_12__value_typeINS_12basic_stringIcNS_11char_traitsIcEENS_9allocatorIcEEEE26TargetDeviceLi
tDeviceListEntryRISCVEEPNS_11__tree_nodeISA_PvEElEEbEC1B8ne180100ISF_RbLi0EEEOT_OT0_
__ZNKSt3__16__treeINS_12__value_typeINS_12basic_stringIcNS_11char_traitsIcEENS_9allocatorIcEEEE26TargetDeviceListEntryRI
_IcEEEE26TargetDeviceListEntryRISCVEEPvEEEEE8allocateB8ne180100ERSD_m
cEENS1_IcEEEE26TargetDeviceListEntryRISCVEEPvEEEEEC1B8ne180100ERSD_b
rgetDeviceListEntryRISCVEEPvEENS_22__tree_node_destructorINS6_ISC_EEEEEC1B8ne180100ILb1EvEEPSC_NS_16__dependent_typeINS_
argetDeviceListEntryRISCVEEPvEENS_22__tree_node_destructorINS6_ISC_EEEEEptB8ne180100Ev
rgetDeviceListEntryRISCVEEPvEENS_22__tree_node_destructorINS6_ISC_EEEEE11get_deleterB8ne180100Ev
__ZNSt3__19allocatorINS_11__tree_nodeINS_12__value_typeINS_12basic_stringIcNS_11char_traitsIcEENS0_IcEEEE26TargetDeviceL
__ZNKSt3__19allocatorINS_11__tree_nodeINS_12__value_typeINS_12basic_stringIcNS_11char_traitsIcEENS0_IcEEEE26TargetDevice
cEENS1_IcEEEE26TargetDeviceListEntryRISCVEEPvEEEEEC2B8ne180100ERSD_b
rgetDeviceListEntryRISCVEEPvEENS_22__tree_node_destructorINS6_ISC_EEEEEC2B8ne180100ILb1EvEEPSC_NS_16__dependent_typeINS_
EEEE26TargetDeviceListEntryRISCVEEPvEENS_22__tree_node_destructorINS6_ISC_EEEEEC1B8ne180100IRSD_SG_EEOT_OT0_
EEEE26TargetDeviceListEntryRISCVEEPvEENS_22__tree_node_destructorINS6_ISC_EEEEEC2B8ne180100IRSD_SG_EEOT_OT0_
torIcEEEE26TargetDeviceListEntryRISCVEEPvEELi0ELb0EEC2B8ne180100IRSD_vEEOT_
ic_stringIcNS_11char_traitsIcEENS2_IcEEEE26TargetDeviceListEntryRISCVEEPvEEEEEELi1ELb0EEC2B8ne180100ISF_vEEOT_
__ZNSt3__14pairIKNS_12basic_stringIcNS_11char_traitsIcEENS_9allocatorIcEEEE26TargetDeviceListEntryRISCVEC1B8ne180100IJRS
__ZNSt3__14pairIKNS_12basic_stringIcNS_11char_traitsIcEENS_9allocatorIcEEEE26TargetDeviceListEntryRISCVEC1B8ne180100IJRS
__ZNSt3__14pairIKNS_12basic_stringIcNS_11char_traitsIcEENS_9allocatorIcEEEE26TargetDeviceListEntryRISCVEC2B8ne180100IJRS
cEEEE26TargetDeviceListEntryRISCVEEPvEENS_22__tree_node_destructorINS6_ISC_EEEEE5firstB8ne180100Ev
atorIcEEEE26TargetDeviceListEntryRISCVEEPvEELi0ELb0EE5__getB8ne180100Ev
EEEE26TargetDeviceListEntryRISCVEEPvEENS_22__tree_node_destructorINS6_ISC_EEEEE6secondB8ne180100Ev
ic_stringIcNS_11char_traitsIcEENS2_IcEEEE26TargetDeviceListEntryRISCVEEPvEEEEEELi1ELb0EE5__getB8ne180100Ev
__ZNSt3__16__treeINS_12__value_typeINS_12basic_stringIcNS_11char_traitsIcEENS_9allocatorIcEEEE26TargetDeviceListEntryRIS
_value_typeIS7_26TargetDeviceListEntryRISCVEENS_4lessIS7_EELb1EEEE5firstB8ne180100Ev
EEEE26TargetDeviceListEntryRISCVEEPvEENS_22__tree_node_destructorINS6_ISC_EEEEE5firstB8ne180100Ev
torIcEEEE26TargetDeviceListEntryRISCVEEPvEELi0ELb0EE5__getB8ne180100Ev
rgetDeviceListEntryRISCVEEPvEENS_22__tree_node_destructorINS6_ISC_EEEEED2B8ne180100Ev
rgetDeviceListEntryRISCVEEPvEENS_22__tree_node_destructorINS6_ISC_EEEEE5resetB8ne180100EPSC_
cEENS1_IcEEEE26TargetDeviceListEntryRISCVEEPvEEEEEclB8ne180100EPSC_
__ZNSt3__115__tree_iteratorINS_12__value_typeINS_12basic_stringIcNS_11char_traitsIcEENS_9allocatorIcEEEE26TargetDeviceLi
tDeviceListEntryRISCVEEPNS_11__tree_nodeISA_PvEElEEbEC2B8ne180100ISF_RbLi0EEEOT_OT0_
__ZNSt3__114pointer_traitsIPNS_12__value_typeINS_12basic_stringIcNS_11char_traitsIcEENS_9allocatorIcEEEE26TargetDeviceLi
9allocatorIcEEEE26TargetDeviceListEntryRISCVEEPNS_11__tree_nodeISA_PvEElEEEC2B8ne180100Ev
__ZNKSt3__16__treeINS_12__value_typeINS_12basic_stringIcNS_11char_traitsIcEENS_9allocatorIcEEEE26TargetDeviceListEntryRI
9allocatorIcEEEE26TargetDeviceListEntryRISCVEEPNS_11__tree_nodeISA_PvEElEEEC1B8ne180100ESF_
__ZNKSt3__16__treeINS_12__value_typeINS_12basic_stringIcNS_11char_traitsIcEENS_9allocatorIcEEEE26TargetDeviceListEntryRI
9allocatorIcEEEE26TargetDeviceListEntryRISCVEEPNS_11__tree_nodeISA_PvEElEEEC2B8ne180100ESF_
__ZNKSt3__16__treeINS_12__value_typeINS_12basic_stringIcNS_11char_traitsIcEENS_9allocatorIcEEEE26TargetDeviceListEntryRI
orIcEEEE26TargetDeviceListEntryRISCVEEPNS_11__tree_nodeIS9_PvEElEESG_
orIcEEEE26TargetDeviceListEntryRISCVEEPNS_11__tree_nodeIS9_PvEElEESG_
__ZNSt3__114pointer_traitsIPKNS_4pairIKNS_12basic_stringIcNS_11char_traitsIcEENS_9allocatorIcEEEE26TargetDeviceListEntry
__ZNSt3__114pointer_traitsIPKNS_12__value_typeINS_12basic_stringIcNS_11char_traitsIcEENS_9allocatorIcEEEE26TargetDeviceL
__GLOBAL__sub_I_TargetDeviceListManagerRISCV.cpp
__GLOBAL__sub_I_RISCVTargetDeviceCommon.cpp
__ZNSt3__16vectorIN19E2RISCVTargetDevice11CacheMemoryENS_9allocatorIS2_EEEC1B8ne180100Ev
__ZNSt3__16vectorIN19E2RISCVTargetDevice13CacheRegisterENS_9allocatorIS2_EEEC1B8ne180100Ev
__ZNSt3__16vectorIN19E2RISCVTargetDevice13CacheRegisterENS_9allocatorIS2_EEED1B8ne180100Ev
__ZNSt3__16vectorIN19E2RISCVTargetDevice11CacheMemoryENS_9allocatorIS2_EEED1B8ne180100Ev
__ZNSt3__16vectorIN19E2RISCVTargetDevice11CacheMemoryENS_9allocatorIS2_EEE9push_backB8ne180100ERKS2_
__ZNSt3__14sortB8ne180100INS_11__wrap_iterIPN19E2RISCVTargetDevice11CacheMemoryEEEPFbRKS3_S7_EEEvT_SA_T0_
__ZNSt3__16vectorIN19E2RISCVTargetDevice11CacheMemoryENS_9allocatorIS2_EEE5beginB8ne180100Ev
__ZNSt3__16vectorIN19E2RISCVTargetDevice11CacheMemoryENS_9allocatorIS2_EEE3endB8ne180100Ev
__ZNSt3__1neB8ne180100IPN19E2RISCVTargetDevice11CacheMemoryEEEbRKNS_11__wrap_iterIT_EES8_
__ZNKSt3__111__wrap_iterIPN19E2RISCVTargetDevice11CacheMemoryEEdeB8ne180100Ev
__ZNSt3__111__wrap_iterIPN19E2RISCVTargetDevice11CacheMemoryEEppB8ne180100Ei
__ZNSt3__16vectorIN19E2RISCVTargetDevice11CacheMemoryENS_9allocatorIS2_EEE5clearB8ne180100Ev
__ZN19E2RISCVTargetDevice13CacheRegisterC1Ev
__ZNSt3__16vectorIN19E2RISCVTargetDevice13CacheRegisterENS_9allocatorIS2_EEE9push_backB8ne180100ERKS2_
__ZN19E2RISCVTargetDevice13CacheRegisterD1Ev
__ZNSt3__16vectorIN19E2RISCVTargetDevice13CacheRegisterENS_9allocatorIS2_EEE5beginB8ne180100Ev
__ZNSt3__1neB8ne180100IPN19E2RISCVTargetDevice13CacheRegisterEEEbRKNS_11__wrap_iterIT_EES8_
__ZNSt3__16vectorIN19E2RISCVTargetDevice13CacheRegisterENS_9allocatorIS2_EEE3endB8ne180100Ev
__ZNKSt3__111__wrap_iterIPN19E2RISCVTargetDevice13CacheRegisterEEdeB8ne180100Ev
__ZN19E2RISCVTargetDevice13CacheRegisterC1ERKS0_
__ZNSt3__16vectorIN19E2RISCVTargetDevice13CacheRegisterENS_9allocatorIS2_EEE5clearB8ne180100Ev
__ZNSt3__111__wrap_iterIPN19E2RISCVTargetDevice13CacheRegisterEEppB8ne180100Ei
__ZNSt3__1eqB8ne180100IPN19E2RISCVTargetDevice11CacheMemoryEEEbRKNS_11__wrap_iterIT_EES8_
__ZNKSt3__111__wrap_iterIPN19E2RISCVTargetDevice11CacheMemoryEE4baseB8ne180100Ev
__ZNSt3__111__wrap_iterIPN19E2RISCVTargetDevice11CacheMemoryEEppB8ne180100Ev
__ZN19E2RISCVTargetDevice13CacheRegisterC2Ev
__ZN19E2RISCVTargetDevice13CacheRegisterD2Ev
__ZNSt3__1eqB8ne180100IPN19E2RISCVTargetDevice13CacheRegisterEEEbRKNS_11__wrap_iterIT_EES8_
__ZNKSt3__111__wrap_iterIPN19E2RISCVTargetDevice13CacheRegisterEE4baseB8ne180100Ev
__ZN19E2RISCVTargetDevice13CacheRegisterC2ERKS0_
__ZNSt3__111__wrap_iterIPN19E2RISCVTargetDevice13CacheRegisterEEppB8ne180100Ev
__ZNSt3__16vectorIN19E2RISCVTargetDevice11CacheMemoryENS_9allocatorIS2_EEEC2B8ne180100Ev
__ZNSt3__117__compressed_pairIPN19E2RISCVTargetDevice11CacheMemoryENS_9allocatorIS2_EEEC1B8ne180100IDnNS_18__default_ini
__ZNSt3__117__compressed_pairIPN19E2RISCVTargetDevice11CacheMemoryENS_9allocatorIS2_EEEC2B8ne180100IDnNS_18__default_ini
__ZNSt3__122__compressed_pair_elemIPN19E2RISCVTargetDevice11CacheMemoryELi0ELb0EEC2B8ne180100IDnvEEOT_
__ZNSt3__122__compressed_pair_elemINS_9allocatorIN19E2RISCVTargetDevice11CacheMemoryEEELi1ELb1EEC2B8ne180100ENS_18__defa
__ZNSt3__19allocatorIN19E2RISCVTargetDevice11CacheMemoryEEC2B8ne180100Ev
__ZNSt3__116__non_trivial_ifILb1ENS_9allocatorIN19E2RISCVTargetDevice11CacheMemoryEEEEC2B8ne180100Ev
__ZNSt3__16vectorIN19E2RISCVTargetDevice13CacheRegisterENS_9allocatorIS2_EEEC2B8ne180100Ev
__ZNSt3__117__compressed_pairIPN19E2RISCVTargetDevice13CacheRegisterENS_9allocatorIS2_EEEC1B8ne180100IDnNS_18__default_i
__ZNSt3__117__compressed_pairIPN19E2RISCVTargetDevice13CacheRegisterENS_9allocatorIS2_EEEC2B8ne180100IDnNS_18__default_i
__ZNSt3__122__compressed_pair_elemIPN19E2RISCVTargetDevice13CacheRegisterELi0ELb0EEC2B8ne180100IDnvEEOT_
__ZNSt3__122__compressed_pair_elemINS_9allocatorIN19E2RISCVTargetDevice13CacheRegisterEEELi1ELb1EEC2B8ne180100ENS_18__de
__ZNSt3__19allocatorIN19E2RISCVTargetDevice13CacheRegisterEEC2B8ne180100Ev
__ZNSt3__116__non_trivial_ifILb1ENS_9allocatorIN19E2RISCVTargetDevice13CacheRegisterEEEEC2B8ne180100Ev
__ZNSt3__16vectorIN19E2RISCVTargetDevice11CacheMemoryENS_9allocatorIS2_EEED2B8ne180100Ev
__ZNSt3__16vectorIN19E2RISCVTargetDevice11CacheMemoryENS_9allocatorIS2_EEE16__destroy_vectorC1B8ne180100ERS5_
__ZNSt3__16vectorIN19E2RISCVTargetDevice11CacheMemoryENS_9allocatorIS2_EEE16__destroy_vectorclB8ne180100Ev
__ZNSt3__16vectorIN19E2RISCVTargetDevice11CacheMemoryENS_9allocatorIS2_EEE16__destroy_vectorC2B8ne180100ERS5_
__ZNSt3__16vectorIN19E2RISCVTargetDevice11CacheMemoryENS_9allocatorIS2_EEE7__clearB8ne180100Ev
__ZNKSt3__16vectorIN19E2RISCVTargetDevice11CacheMemoryENS_9allocatorIS2_EEE17__annotate_deleteB8ne180100Ev
__ZNSt3__116allocator_traitsINS_9allocatorIN19E2RISCVTargetDevice11CacheMemoryEEEE10deallocateB8ne180100ERS4_PS3_m
__ZNSt3__16vectorIN19E2RISCVTargetDevice11CacheMemoryENS_9allocatorIS2_EEE7__allocB8ne180100Ev
__ZNKSt3__16vectorIN19E2RISCVTargetDevice11CacheMemoryENS_9allocatorIS2_EEE8capacityB8ne180100Ev
__ZNSt3__16vectorIN19E2RISCVTargetDevice11CacheMemoryENS_9allocatorIS2_EEE22__base_destruct_at_endB8ne180100EPS2_
__ZNSt3__112__to_addressB8ne180100IN19E2RISCVTargetDevice11CacheMemoryEEEPT_S4_
__ZNSt3__19allocatorIN19E2RISCVTargetDevice11CacheMemoryEE7destroyB8ne180100EPS2_
__ZNSt3__19allocatorIN19E2RISCVTargetDevice11CacheMemoryEE10deallocateB8ne180100EPS2_m
__ZNSt3__117__compressed_pairIPN19E2RISCVTargetDevice11CacheMemoryENS_9allocatorIS2_EEE6secondB8ne180100Ev
__ZNSt3__122__compressed_pair_elemINS_9allocatorIN19E2RISCVTargetDevice11CacheMemoryEEELi1ELb1EE5__getB8ne180100Ev
__ZNKSt3__16vectorIN19E2RISCVTargetDevice11CacheMemoryENS_9allocatorIS2_EEE9__end_capB8ne180100Ev
__ZNKSt3__117__compressed_pairIPN19E2RISCVTargetDevice11CacheMemoryENS_9allocatorIS2_EEE5firstB8ne180100Ev
__ZNKSt3__122__compressed_pair_elemIPN19E2RISCVTargetDevice11CacheMemoryELi0ELb0EE5__getB8ne180100Ev
__ZNSt3__16vectorIN19E2RISCVTargetDevice13CacheRegisterENS_9allocatorIS2_EEED2B8ne180100Ev
__ZNSt3__16vectorIN19E2RISCVTargetDevice13CacheRegisterENS_9allocatorIS2_EEE16__destroy_vectorC1B8ne180100ERS5_
__ZNSt3__16vectorIN19E2RISCVTargetDevice13CacheRegisterENS_9allocatorIS2_EEE16__destroy_vectorclB8ne180100Ev
__ZNSt3__16vectorIN19E2RISCVTargetDevice13CacheRegisterENS_9allocatorIS2_EEE16__destroy_vectorC2B8ne180100ERS5_
__ZNSt3__16vectorIN19E2RISCVTargetDevice13CacheRegisterENS_9allocatorIS2_EEE7__clearB8ne180100Ev
__ZNKSt3__16vectorIN19E2RISCVTargetDevice13CacheRegisterENS_9allocatorIS2_EEE17__annotate_deleteB8ne180100Ev
__ZNSt3__116allocator_traitsINS_9allocatorIN19E2RISCVTargetDevice13CacheRegisterEEEE10deallocateB8ne180100ERS4_PS3_m
__ZNSt3__16vectorIN19E2RISCVTargetDevice13CacheRegisterENS_9allocatorIS2_EEE7__allocB8ne180100Ev
__ZNKSt3__16vectorIN19E2RISCVTargetDevice13CacheRegisterENS_9allocatorIS2_EEE8capacityB8ne180100Ev
__ZNSt3__16vectorIN19E2RISCVTargetDevice13CacheRegisterENS_9allocatorIS2_EEE22__base_destruct_at_endB8ne180100EPS2_
__ZNSt3__112__to_addressB8ne180100IN19E2RISCVTargetDevice13CacheRegisterEEEPT_S4_
__ZNSt3__19allocatorIN19E2RISCVTargetDevice13CacheRegisterEE7destroyB8ne180100EPS2_
__ZNSt3__19allocatorIN19E2RISCVTargetDevice13CacheRegisterEE10deallocateB8ne180100EPS2_m
__ZNSt3__117__compressed_pairIPN19E2RISCVTargetDevice13CacheRegisterENS_9allocatorIS2_EEE6secondB8ne180100Ev
__ZNSt3__122__compressed_pair_elemINS_9allocatorIN19E2RISCVTargetDevice13CacheRegisterEEELi1ELb1EE5__getB8ne180100Ev
__ZNKSt3__16vectorIN19E2RISCVTargetDevice13CacheRegisterENS_9allocatorIS2_EEE9__end_capB8ne180100Ev
__ZNKSt3__117__compressed_pairIPN19E2RISCVTargetDevice13CacheRegisterENS_9allocatorIS2_EEE5firstB8ne180100Ev
__ZNKSt3__122__compressed_pair_elemIPN19E2RISCVTargetDevice13CacheRegisterELi0ELb0EE5__getB8ne180100Ev
__ZNSt3__16vectorIN19E2RISCVTargetDevice11CacheMemoryENS_9allocatorIS2_EEE9__end_capB8ne180100Ev
__ZNSt3__117__compressed_pairIPN19E2RISCVTargetDevice11CacheMemoryENS_9allocatorIS2_EEE5firstB8ne180100Ev
__ZNSt3__122__compressed_pair_elemIPN19E2RISCVTargetDevice11CacheMemoryELi0ELb0EE5__getB8ne180100Ev
__ZNSt3__16vectorIN19E2RISCVTargetDevice11CacheMemoryENS_9allocatorIS2_EEE21_ConstructTransactionC1B8ne180100ERS5_m
__ZNSt3__16vectorIN19E2RISCVTargetDevice11CacheMemoryENS_9allocatorIS2_EEE21_ConstructTransactionD1B8ne180100Ev
__ZNSt3__16vectorIN19E2RISCVTargetDevice11CacheMemoryENS_9allocatorIS2_EEE21_ConstructTransactionC2B8ne180100ERS5_m
__ZNSt3__16vectorIN19E2RISCVTargetDevice11CacheMemoryENS_9allocatorIS2_EEE21_ConstructTransactionD2B8ne180100Ev
__ZNKSt3__16vectorIN19E2RISCVTargetDevice11CacheMemoryENS_9allocatorIS2_EEE11__recommendB8ne180100Em
__ZNKSt3__16vectorIN19E2RISCVTargetDevice11CacheMemoryENS_9allocatorIS2_EEE4sizeB8ne180100Ev
__ZNSt3__114__split_bufferIN19E2RISCVTargetDevice11CacheMemoryERNS_9allocatorIS2_EEEC1EmmS5_
__ZNSt3__16vectorIN19E2RISCVTargetDevice11CacheMemoryENS_9allocatorIS2_EEE26__swap_out_circular_bufferERNS_14__split_buf
__ZNSt3__114__split_bufferIN19E2RISCVTargetDevice11CacheMemoryERNS_9allocatorIS2_EEED1Ev
__ZNKSt3__16vectorIN19E2RISCVTargetDevice11CacheMemoryENS_9allocatorIS2_EEE8max_sizeEv
__ZNKSt3__16vectorIN19E2RISCVTargetDevice11CacheMemoryENS_9allocatorIS2_EEE20__throw_length_errorB8ne180100Ev
__ZNKSt3__16vectorIN19E2RISCVTargetDevice11CacheMemoryENS_9allocatorIS2_EEE7__allocB8ne180100Ev
__ZNKSt3__19allocatorIN19E2RISCVTargetDevice11CacheMemoryEE8max_sizeB8ne180100Ev
__ZNKSt3__117__compressed_pairIPN19E2RISCVTargetDevice11CacheMemoryENS_9allocatorIS2_EEE6secondB8ne180100Ev
__ZNKSt3__122__compressed_pair_elemINS_9allocatorIN19E2RISCVTargetDevice11CacheMemoryEEELi1ELb1EE5__getB8ne180100Ev
__ZNSt3__114__split_bufferIN19E2RISCVTargetDevice11CacheMemoryERNS_9allocatorIS2_EEEC2EmmS5_
__ZNSt3__117__compressed_pairIPN19E2RISCVTargetDevice11CacheMemoryERNS_9allocatorIS2_EEEC1B8ne180100IDnS6_EEOT_OT0_
__ZNSt3__119__allocate_at_leastB8ne180100INS_9allocatorIN19E2RISCVTargetDevice11CacheMemoryEEEEENS_19__allocation_result
__ZNSt3__114__split_bufferIN19E2RISCVTargetDevice11CacheMemoryERNS_9allocatorIS2_EEE7__allocB8ne180100Ev
__ZNSt3__114__split_bufferIN19E2RISCVTargetDevice11CacheMemoryERNS_9allocatorIS2_EEE9__end_capB8ne180100Ev
__ZNSt3__117__compressed_pairIPN19E2RISCVTargetDevice11CacheMemoryERNS_9allocatorIS2_EEEC2B8ne180100IDnS6_EEOT_OT0_
__ZNSt3__122__compressed_pair_elemIRNS_9allocatorIN19E2RISCVTargetDevice11CacheMemoryEEELi1ELb0EEC2B8ne180100IS5_vEEOT_
__ZNSt3__19allocatorIN19E2RISCVTargetDevice11CacheMemoryEE8allocateB8ne180100Em
__ZNSt3__117__compressed_pairIPN19E2RISCVTargetDevice11CacheMemoryERNS_9allocatorIS2_EEE6secondB8ne180100Ev
__ZNSt3__122__compressed_pair_elemIRNS_9allocatorIN19E2RISCVTargetDevice11CacheMemoryEEELi1ELb0EE5__getB8ne180100Ev
__ZNSt3__117__compressed_pairIPN19E2RISCVTargetDevice11CacheMemoryERNS_9allocatorIS2_EEE5firstB8ne180100Ev
__ZNSt3__142__uninitialized_allocator_move_if_noexceptB8ne180100INS_9allocatorIN19E2RISCVTargetDevice11CacheMemoryEEENS_
__ZNSt3__116reverse_iteratorIPN19E2RISCVTargetDevice11CacheMemoryEEC1B8ne180100ES3_
__ZNKSt3__116reverse_iteratorIPN19E2RISCVTargetDevice11CacheMemoryEE4baseB8ne180100Ev
__ZNSt3__14swapB8ne180100IPN19E2RISCVTargetDevice11CacheMemoryEEENS_9enable_ifIXaasr21is_move_constructibleIT_EE5valuesr
__ZNKSt3__16vectorIN19E2RISCVTargetDevice11CacheMemoryENS_9allocatorIS2_EEE14__annotate_newB8ne180100Em
__ZNSt3__14moveB8ne180100INS_16reverse_iteratorIPN19E2RISCVTargetDevice11CacheMemoryEEES5_EET0_T_S7_S6_
__ZNSt3__16__moveB8ne180100INS_17_ClassicAlgPolicyENS_16reverse_iteratorIPN19E2RISCVTargetDevice11CacheMemoryEEES6_S6_EE
rse_iteratorIPN19E2RISCVTargetDevice11CacheMemoryEEES9_S9_EENS_4pairIT2_T4_EESB_T3_SC_
lEEENS_16reverse_iteratorIPN19E2RISCVTargetDevice11CacheMemoryEEESB_SB_Li0EEENS_4pairIT0_T2_EESD_T1_SE_
__ZNSt3__114__unwrap_rangeB8ne180100INS_16reverse_iteratorIPN19E2RISCVTargetDevice11CacheMemoryEEES5_EENS_4pairIT0_S7_EE
__ZNSt3__113__unwrap_iterB8ne180100INS_16reverse_iteratorIPN19E2RISCVTargetDevice11CacheMemoryEEENS_18__unwrap_iter_impl
__ZNSt3__19make_pairB8ne180100INS_16reverse_iteratorIPN19E2RISCVTargetDevice11CacheMemoryEEES5_EENS_4pairINS_18__unwrap_
__ZNSt3__114__rewrap_rangeB8ne180100INS_16reverse_iteratorIPN19E2RISCVTargetDevice11CacheMemoryEEES5_EET_S6_T0_
__ZNSt3__113__rewrap_iterB8ne180100INS_16reverse_iteratorIPN19E2RISCVTargetDevice11CacheMemoryEEES5_NS_18__unwrap_iter_i
__ZNSt3__1neB8ne180100IPN19E2RISCVTargetDevice11CacheMemoryES3_EEbRKNS_16reverse_iteratorIT_EERKNS4_IT0_EE
__ZNSt3__18_IterOpsINS_17_ClassicAlgPolicyEE11__iter_moveB8ne180100IRNS_16reverse_iteratorIPN19E2RISCVTargetDevice11Cach
__ZNKSt3__116reverse_iteratorIPN19E2RISCVTargetDevice11CacheMemoryEEdeB8ne180100Ev
__ZNSt3__116reverse_iteratorIPN19E2RISCVTargetDevice11CacheMemoryEEppB8ne180100Ev
etDevice11CacheMemoryEEEEEvv
__ZNSt3__118__unwrap_iter_implINS_16reverse_iteratorIPN19E2RISCVTargetDevice11CacheMemoryEEELb0EE8__unwrapB8ne180100ES5_
__ZNSt3__14pairINS_16reverse_iteratorIPN19E2RISCVTargetDevice11CacheMemoryEEES5_EC1B8ne180100IS5_S5_Li0EEEOT_OT0_
__ZNSt3__14pairINS_16reverse_iteratorIPN19E2RISCVTargetDevice11CacheMemoryEEES5_EC2B8ne180100IS5_S5_Li0EEEOT_OT0_
__ZNSt3__118__unwrap_iter_implINS_16reverse_iteratorIPN19E2RISCVTargetDevice11CacheMemoryEEELb0EE8__rewrapB8ne180100ES5_
__ZNSt3__116reverse_iteratorIPN19E2RISCVTargetDevice11CacheMemoryEEC2B8ne180100ES3_
__ZNSt3__114__split_bufferIN19E2RISCVTargetDevice11CacheMemoryERNS_9allocatorIS2_EEED2Ev
__ZNSt3__114__split_bufferIN19E2RISCVTargetDevice11CacheMemoryERNS_9allocatorIS2_EEE5clearB8ne180100Ev
__ZNKSt3__114__split_bufferIN19E2RISCVTargetDevice11CacheMemoryERNS_9allocatorIS2_EEE8capacityB8ne180100Ev
__ZNSt3__114__split_bufferIN19E2RISCVTargetDevice11CacheMemoryERNS_9allocatorIS2_EEE17__destruct_at_endB8ne180100EPS2_
__ZNSt3__114__split_bufferIN19E2RISCVTargetDevice11CacheMemoryERNS_9allocatorIS2_EEE17__destruct_at_endB8ne180100EPS2_NS
__ZNKSt3__114__split_bufferIN19E2RISCVTargetDevice11CacheMemoryERNS_9allocatorIS2_EEE9__end_capB8ne180100Ev
__ZNKSt3__117__compressed_pairIPN19E2RISCVTargetDevice11CacheMemoryERNS_9allocatorIS2_EEE5firstB8ne180100Ev
__ZNSt3__16vectorIN19E2RISCVTargetDevice11CacheMemoryENS_9allocatorIS2_EEE11__make_iterB8ne180100EPS2_
__ZNSt3__111__wrap_iterIPN19E2RISCVTargetDevice11CacheMemoryEEC1B8ne180100ES3_
__ZNSt3__111__wrap_iterIPN19E2RISCVTargetDevice11CacheMemoryEEC2B8ne180100ES3_
__ZNSt3__111__sort_implB8ne180100INS_17_ClassicAlgPolicyENS_11__wrap_iterIPN19E2RISCVTargetDevice11CacheMemoryEEEPFbRKS4
__ZNSt3__123__debug_randomize_rangeB8ne180100INS_17_ClassicAlgPolicyENS_11__wrap_iterIPN19E2RISCVTargetDevice11CacheMemo
__ZNSt3__115__sort_dispatchB8ne180100INS_17_ClassicAlgPolicyEPN19E2RISCVTargetDevice11CacheMemoryEPFbRKS3_S6_EEEvT0_S9_R
__ZNSt3__113__unwrap_iterB8ne180100INS_11__wrap_iterIPN19E2RISCVTargetDevice11CacheMemoryEEENS_18__unwrap_iter_implIS5_L
__ZNSt3__135__check_strict_weak_ordering_sortedB8ne180100IPN19E2RISCVTargetDevice11CacheMemoryEPFbRKS2_S5_EEEvT_S8_RT0_
__ZNSt3__18_IterOpsINS_17_ClassicAlgPolicyEE9iter_swapB8ne180100IRPN19E2RISCVTargetDevice11CacheMemoryES7_EEvOT_OT0_
__ZNSt3__124__sort3_maybe_branchlessB8ne180100INS_17_ClassicAlgPolicyERPFbRKN19E2RISCVTargetDevice11CacheMemoryES5_EPS3_
__ZNSt3__124__sort4_maybe_branchlessB8ne180100INS_17_ClassicAlgPolicyERPFbRKN19E2RISCVTargetDevice11CacheMemoryES5_EPS3_
__ZNSt3__124__sort5_maybe_branchlessB8ne180100INS_17_ClassicAlgPolicyERPFbRKN19E2RISCVTargetDevice11CacheMemoryES5_EPS3_
__ZNSt3__116__insertion_sortB8ne180100INS_17_ClassicAlgPolicyERPFbRKN19E2RISCVTargetDevice11CacheMemoryES5_EPS3_EEvT1_SA
__ZNSt3__126__insertion_sort_unguardedB8ne180100INS_17_ClassicAlgPolicyERPFbRKN19E2RISCVTargetDevice11CacheMemoryES5_EPS
__ZNSt3__114__partial_sortB8ne180100INS_17_ClassicAlgPolicyERPFbRKN19E2RISCVTargetDevice11CacheMemoryES5_EPS3_S9_EET1_SA
__ZNSt3__17__sort3B8ne180100INS_17_ClassicAlgPolicyERPFbRKN19E2RISCVTargetDevice11CacheMemoryES5_EPS3_EEjT1_SA_SA_T0_
__ZNSt3__18_IterOpsINS_17_ClassicAlgPolicyEE9iter_swapB8ne180100IRPN19E2RISCVTargetDevice11CacheMemoryES6_EEvOT_OT0_
__ZNSt3__131__partition_with_equals_on_leftB8ne180100INS_17_ClassicAlgPolicyEPN19E2RISCVTargetDevice11CacheMemoryERPFbRK
__ZNSt3__118__bitset_partitionB8ne180100INS_17_ClassicAlgPolicyEPN19E2RISCVTargetDevice11CacheMemoryERPFbRKS3_S6_EEENS_4
__ZNSt3__132__partition_with_equals_on_rightB8ne180100INS_17_ClassicAlgPolicyEPN19E2RISCVTargetDevice11CacheMemoryERPFbR
__ZNSt3__127__insertion_sort_incompleteB8ne180100INS_17_ClassicAlgPolicyERPFbRKN19E2RISCVTargetDevice11CacheMemoryES5_EP
__ZNSt3__19iter_swapB8ne180100IPN19E2RISCVTargetDevice11CacheMemoryES3_EEvT_T0_
__ZNSt3__14swapB8ne180100IN19E2RISCVTargetDevice11CacheMemoryEEENS_9enable_ifIXaasr21is_move_constructibleIT_EE5valuesr1
__ZNSt3__17__sort4B8ne180100INS_17_ClassicAlgPolicyERPFbRKN19E2RISCVTargetDevice11CacheMemoryES5_EPS3_EEvT1_SA_SA_SA_T0_
__ZNSt3__17__sort5B8ne180100INS_17_ClassicAlgPolicyERPFbRKN19E2RISCVTargetDevice11CacheMemoryES5_EPS3_EEvT1_SA_SA_SA_SA_
__ZNSt3__18_IterOpsINS_17_ClassicAlgPolicyEE11__iter_moveB8ne180100IRPN19E2RISCVTargetDevice11CacheMemoryELi0EEEDTclsr3s
__ZNSt3__18_IterOpsINS_17_ClassicAlgPolicyEE25__validate_iter_referenceB8ne180100IRPN19E2RISCVTargetDevice11CacheMemoryE
__ZNSt3__18_IterOpsINS_17_ClassicAlgPolicyEE4nextB8ne180100IPN19E2RISCVTargetDevice11CacheMemoryEEET_S7_S7_
__ZNSt3__123__debug_randomize_rangeB8ne180100INS_17_ClassicAlgPolicyEPN19E2RISCVTargetDevice11CacheMemoryES4_EEvT0_T1_
__ZNSt3__119__partial_sort_implB8ne180100INS_17_ClassicAlgPolicyERPFbRKN19E2RISCVTargetDevice11CacheMemoryES5_EPS3_S9_EE
__ZNSt3__111__make_heapB8ne180100INS_17_ClassicAlgPolicyERPFbRKN19E2RISCVTargetDevice11CacheMemoryES5_EPS3_EEvT1_SA_OT0_
__ZNSt3__111__sift_downB8ne180100INS_17_ClassicAlgPolicyERPFbRKN19E2RISCVTargetDevice11CacheMemoryES5_EPS3_EEvT1_OT0_NS_
__ZNSt3__111__sort_heapB8ne180100INS_17_ClassicAlgPolicyERPFbRKN19E2RISCVTargetDevice11CacheMemoryES5_EPS3_EEvT1_SA_OT0_
__ZNSt3__110__pop_heapB8ne180100INS_17_ClassicAlgPolicyEPFbRKN19E2RISCVTargetDevice11CacheMemoryES5_EPS3_EEvT1_S9_RT0_NS
__ZNSt3__117__floyd_sift_downB8ne180100INS_17_ClassicAlgPolicyERPFbRKN19E2RISCVTargetDevice11CacheMemoryES5_EPS3_EET1_SA
__ZNSt3__19__sift_upB8ne180100INS_17_ClassicAlgPolicyERPFbRKN19E2RISCVTargetDevice11CacheMemoryES5_EPS3_EEvT1_SA_OT0_NS_
__ZNSt3__122__populate_left_bitsetB8ne180100IRPFbRKN19E2RISCVTargetDevice11CacheMemoryES4_EPS2_S2_EEvT0_T_RT1_Ry
__ZNSt3__123__populate_right_bitsetB8ne180100IRPFbRKN19E2RISCVTargetDevice11CacheMemoryES4_EPS2_S2_EEvT0_T_RT1_Ry
__ZNSt3__117__swap_bitmap_posB8ne180100INS_17_ClassicAlgPolicyEPN19E2RISCVTargetDevice11CacheMemoryEEEvT0_S5_RyS6_
__ZNSt3__133__bitset_partition_partial_blocksB8ne180100INS_17_ClassicAlgPolicyERPFbRKN19E2RISCVTargetDevice11CacheMemory
__ZNSt3__124__swap_bitmap_pos_withinB8ne180100INS_17_ClassicAlgPolicyEPN19E2RISCVTargetDevice11CacheMemoryEEEvRT0_S6_RyS
__ZNSt3__19make_pairB8ne180100IRPN19E2RISCVTargetDevice11CacheMemoryERbEENS_4pairINS_18__unwrap_ref_decayIT_E4typeENS7_I
__ZNSt3__18_IterOpsINS_17_ClassicAlgPolicyEE9iter_swapB8ne180100IPN19E2RISCVTargetDevice11CacheMemoryES6_EEvOT_OT0_
__ZNSt3__14pairIPN19E2RISCVTargetDevice11CacheMemoryEbEC1B8ne180100IRS3_RbLi0EEEOT_OT0_
__ZNSt3__14pairIPN19E2RISCVTargetDevice11CacheMemoryEbEC2B8ne180100IRS3_RbLi0EEEOT_OT0_
__ZNSt3__118__unwrap_iter_implINS_11__wrap_iterIPN19E2RISCVTargetDevice11CacheMemoryEEELb1EE8__unwrapB8ne180100ES5_
__ZNSt3__112__to_addressB8ne180100INS_11__wrap_iterIPN19E2RISCVTargetDevice11CacheMemoryEEEvEEu7__decayIDTclsr19__to_add
__ZNSt3__119__to_address_helperINS_11__wrap_iterIPN19E2RISCVTargetDevice11CacheMemoryEEEvE6__callB8ne180100ERKS5_
__ZNSt3__114pointer_traitsINS_11__wrap_iterIPN19E2RISCVTargetDevice11CacheMemoryEEEE10to_addressB8ne180100ES5_
__ZNKSt3__16vectorIN19E2RISCVTargetDevice11CacheMemoryENS_9allocatorIS2_EEE17__annotate_shrinkB8ne180100Em
__ZNSt3__16vectorIN19E2RISCVTargetDevice13CacheRegisterENS_9allocatorIS2_EEE9__end_capB8ne180100Ev
__ZNSt3__117__compressed_pairIPN19E2RISCVTargetDevice13CacheRegisterENS_9allocatorIS2_EEE5firstB8ne180100Ev
__ZNSt3__122__compressed_pair_elemIPN19E2RISCVTargetDevice13CacheRegisterELi0ELb0EE5__getB8ne180100Ev
__ZNSt3__16vectorIN19E2RISCVTargetDevice13CacheRegisterENS_9allocatorIS2_EEE21_ConstructTransactionC1B8ne180100ERS5_m
__ZNSt3__16vectorIN19E2RISCVTargetDevice13CacheRegisterENS_9allocatorIS2_EEE21_ConstructTransactionD1B8ne180100Ev
__ZNSt3__16vectorIN19E2RISCVTargetDevice13CacheRegisterENS_9allocatorIS2_EEE21_ConstructTransactionC2B8ne180100ERS5_m
__ZNSt3__16vectorIN19E2RISCVTargetDevice13CacheRegisterENS_9allocatorIS2_EEE21_ConstructTransactionD2B8ne180100Ev
__ZNKSt3__16vectorIN19E2RISCVTargetDevice13CacheRegisterENS_9allocatorIS2_EEE11__recommendB8ne180100Em
__ZNKSt3__16vectorIN19E2RISCVTargetDevice13CacheRegisterENS_9allocatorIS2_EEE4sizeB8ne180100Ev
__ZNSt3__114__split_bufferIN19E2RISCVTargetDevice13CacheRegisterERNS_9allocatorIS2_EEEC1EmmS5_
__ZNSt3__16vectorIN19E2RISCVTargetDevice13CacheRegisterENS_9allocatorIS2_EEE26__swap_out_circular_bufferERNS_14__split_b
__ZNSt3__114__split_bufferIN19E2RISCVTargetDevice13CacheRegisterERNS_9allocatorIS2_EEED1Ev
__ZNKSt3__16vectorIN19E2RISCVTargetDevice13CacheRegisterENS_9allocatorIS2_EEE8max_sizeEv
__ZNKSt3__16vectorIN19E2RISCVTargetDevice13CacheRegisterENS_9allocatorIS2_EEE20__throw_length_errorB8ne180100Ev
__ZNKSt3__16vectorIN19E2RISCVTargetDevice13CacheRegisterENS_9allocatorIS2_EEE7__allocB8ne180100Ev
__ZNKSt3__19allocatorIN19E2RISCVTargetDevice13CacheRegisterEE8max_sizeB8ne180100Ev
__ZNKSt3__117__compressed_pairIPN19E2RISCVTargetDevice13CacheRegisterENS_9allocatorIS2_EEE6secondB8ne180100Ev
__ZNKSt3__122__compressed_pair_elemINS_9allocatorIN19E2RISCVTargetDevice13CacheRegisterEEELi1ELb1EE5__getB8ne180100Ev
__ZNSt3__114__split_bufferIN19E2RISCVTargetDevice13CacheRegisterERNS_9allocatorIS2_EEEC2EmmS5_
__ZNSt3__117__compressed_pairIPN19E2RISCVTargetDevice13CacheRegisterERNS_9allocatorIS2_EEEC1B8ne180100IDnS6_EEOT_OT0_
__ZNSt3__119__allocate_at_leastB8ne180100INS_9allocatorIN19E2RISCVTargetDevice13CacheRegisterEEEEENS_19__allocation_resu
__ZNSt3__114__split_bufferIN19E2RISCVTargetDevice13CacheRegisterERNS_9allocatorIS2_EEE7__allocB8ne180100Ev
__ZNSt3__114__split_bufferIN19E2RISCVTargetDevice13CacheRegisterERNS_9allocatorIS2_EEE9__end_capB8ne180100Ev
__ZNSt3__117__compressed_pairIPN19E2RISCVTargetDevice13CacheRegisterERNS_9allocatorIS2_EEEC2B8ne180100IDnS6_EEOT_OT0_
__ZNSt3__122__compressed_pair_elemIRNS_9allocatorIN19E2RISCVTargetDevice13CacheRegisterEEELi1ELb0EEC2B8ne180100IS5_vEEOT
__ZNSt3__19allocatorIN19E2RISCVTargetDevice13CacheRegisterEE8allocateB8ne180100Em
__ZNSt3__117__compressed_pairIPN19E2RISCVTargetDevice13CacheRegisterERNS_9allocatorIS2_EEE6secondB8ne180100Ev
__ZNSt3__122__compressed_pair_elemIRNS_9allocatorIN19E2RISCVTargetDevice13CacheRegisterEEELi1ELb0EE5__getB8ne180100Ev
__ZNSt3__117__compressed_pairIPN19E2RISCVTargetDevice13CacheRegisterERNS_9allocatorIS2_EEE5firstB8ne180100Ev
__ZNSt3__142__uninitialized_allocator_move_if_noexceptB8ne180100INS_9allocatorIN19E2RISCVTargetDevice13CacheRegisterEEEN
__ZNSt3__116reverse_iteratorIPN19E2RISCVTargetDevice13CacheRegisterEEC1B8ne180100ES3_
__ZNKSt3__116reverse_iteratorIPN19E2RISCVTargetDevice13CacheRegisterEE4baseB8ne180100Ev
__ZNSt3__14swapB8ne180100IPN19E2RISCVTargetDevice13CacheRegisterEEENS_9enable_ifIXaasr21is_move_constructibleIT_EE5value
__ZNKSt3__16vectorIN19E2RISCVTargetDevice13CacheRegisterENS_9allocatorIS2_EEE14__annotate_newB8ne180100Em
__ZNSt3__122__make_exception_guardB8ne180100INS_29_AllocatorDestroyRangeReverseINS_9allocatorIN19E2RISCVTargetDevice13Ca
__ZNSt3__129_AllocatorDestroyRangeReverseINS_9allocatorIN19E2RISCVTargetDevice13CacheRegisterEEENS_16reverse_iteratorIPS
__ZNSt3__1neB8ne180100IPN19E2RISCVTargetDevice13CacheRegisterES3_EEbRKNS_16reverse_iteratorIT_EERKNS4_IT0_EE
__ZNSt3__112__to_addressB8ne180100INS_16reverse_iteratorIPN19E2RISCVTargetDevice13CacheRegisterEEEvEEu7__decayIDTclsr19_
__ZNKSt3__116reverse_iteratorIPN19E2RISCVTargetDevice13CacheRegisterEEdeB8ne180100Ev
__ZNSt3__116reverse_iteratorIPN19E2RISCVTargetDevice13CacheRegisterEEppB8ne180100Ev
__ZNSt3__128__exception_guard_exceptionsINS_29_AllocatorDestroyRangeReverseINS_9allocatorIN19E2RISCVTargetDevice13CacheR
__ZNSt3__128__exception_guard_exceptionsINS_29_AllocatorDestroyRangeReverseINS_9allocatorIN19E2RISCVTargetDevice13CacheR
__ZNSt3__128__exception_guard_exceptionsINS_29_AllocatorDestroyRangeReverseINS_9allocatorIN19E2RISCVTargetDevice13CacheR
__ZNSt3__128__exception_guard_exceptionsINS_29_AllocatorDestroyRangeReverseINS_9allocatorIN19E2RISCVTargetDevice13CacheR
__ZNSt3__129_AllocatorDestroyRangeReverseINS_9allocatorIN19E2RISCVTargetDevice13CacheRegisterEEENS_16reverse_iteratorIPS
__ZN19E2RISCVTargetDevice13CacheRegisterC1EOS0_
__ZN19E2RISCVTargetDevice13CacheRegisterC2EOS0_
__ZNSt3__119__to_address_helperINS_16reverse_iteratorIPN19E2RISCVTargetDevice13CacheRegisterEEEvE6__callB8ne180100ERKS5_
__ZNKSt3__116reverse_iteratorIPN19E2RISCVTargetDevice13CacheRegisterEEptB8ne180100Ev
__ZNSt3__128__exception_guard_exceptionsINS_29_AllocatorDestroyRangeReverseINS_9allocatorIN19E2RISCVTargetDevice13CacheR
__ZNKSt3__129_AllocatorDestroyRangeReverseINS_9allocatorIN19E2RISCVTargetDevice13CacheRegisterEEENS_16reverse_iteratorIP
__ZNSt3__119__allocator_destroyB8ne180100INS_9allocatorIN19E2RISCVTargetDevice13CacheRegisterEEENS_16reverse_iteratorINS
__ZNSt3__116reverse_iteratorINS0_IPN19E2RISCVTargetDevice13CacheRegisterEEEEC1B8ne180100ES4_
__ZNSt3__1neB8ne180100INS_16reverse_iteratorIPN19E2RISCVTargetDevice13CacheRegisterEEES5_EEbRKNS1_IT_EERKNS1_IT0_EE
__ZNSt3__112__to_addressB8ne180100INS_16reverse_iteratorINS1_IPN19E2RISCVTargetDevice13CacheRegisterEEEEEvEEu7__decayIDT
__ZNSt3__116reverse_iteratorINS0_IPN19E2RISCVTargetDevice13CacheRegisterEEEEppB8ne180100Ev
__ZNKSt3__116reverse_iteratorINS0_IPN19E2RISCVTargetDevice13CacheRegisterEEEE4baseB8ne180100Ev
__ZNSt3__119__to_address_helperINS_16reverse_iteratorINS1_IPN19E2RISCVTargetDevice13CacheRegisterEEEEEvE6__callB8ne18010
__ZNKSt3__116reverse_iteratorINS0_IPN19E2RISCVTargetDevice13CacheRegisterEEEEptB8ne180100Ev
__ZNKSt3__116reverse_iteratorINS0_IPN19E2RISCVTargetDevice13CacheRegisterEEEEdeB8ne180100Ev
__ZNSt3__116reverse_iteratorIPN19E2RISCVTargetDevice13CacheRegisterEEmmB8ne180100Ev
__ZNSt3__116reverse_iteratorINS0_IPN19E2RISCVTargetDevice13CacheRegisterEEEEC2B8ne180100ES4_
__ZNSt3__116reverse_iteratorIPN19E2RISCVTargetDevice13CacheRegisterEEC2B8ne180100ES3_
__ZNSt3__114__split_bufferIN19E2RISCVTargetDevice13CacheRegisterERNS_9allocatorIS2_EEED2Ev
__ZNSt3__114__split_bufferIN19E2RISCVTargetDevice13CacheRegisterERNS_9allocatorIS2_EEE5clearB8ne180100Ev
__ZNKSt3__114__split_bufferIN19E2RISCVTargetDevice13CacheRegisterERNS_9allocatorIS2_EEE8capacityB8ne180100Ev
__ZNSt3__114__split_bufferIN19E2RISCVTargetDevice13CacheRegisterERNS_9allocatorIS2_EEE17__destruct_at_endB8ne180100EPS2_
__ZNSt3__114__split_bufferIN19E2RISCVTargetDevice13CacheRegisterERNS_9allocatorIS2_EEE17__destruct_at_endB8ne180100EPS2_
__ZNKSt3__114__split_bufferIN19E2RISCVTargetDevice13CacheRegisterERNS_9allocatorIS2_EEE9__end_capB8ne180100Ev
__ZNKSt3__117__compressed_pairIPN19E2RISCVTargetDevice13CacheRegisterERNS_9allocatorIS2_EEE5firstB8ne180100Ev
__ZNSt3__16vectorIN19E2RISCVTargetDevice13CacheRegisterENS_9allocatorIS2_EEE11__make_iterB8ne180100EPS2_
__ZNSt3__111__wrap_iterIPN19E2RISCVTargetDevice13CacheRegisterEEC1B8ne180100ES3_
__ZNSt3__111__wrap_iterIPN19E2RISCVTargetDevice13CacheRegisterEEC2B8ne180100ES3_
__ZNKSt3__16vectorIN19E2RISCVTargetDevice13CacheRegisterENS_9allocatorIS2_EEE17__annotate_shrinkB8ne180100Em
__GLOBAL__sub_I_E2RISCVTargetDevice.cpp
__GLOBAL__sub_I_JLinkRISCVTargetDevice.cpp
__ZTSN5boost10wrapexceptINS_13property_tree10xml_parser16xml_parser_errorEEE
__ZTSN5boost13property_tree6detail8rapidxml11parse_errorE
__ZTS25ITrustZoneDeviceListEntry
__ZTS16ITargetDeviceARM
__ZTS24ITargetDevicePassThrough
__ZTS15ITargetDevice64
__ZZN15ARMTargetDevice42isCoreInQuiescentStateForRAMulticoreDeviceEvE20CPUnWAITCR_BASE_ADDR
__ZTS13ITargetDevice
__ZTS15ITZTargetDevice
__ZTS21TargetDeviceListEntry
__ZTS15IPZTargetDevice
__ZTS27IProtectZoneDeviceListEntry
__ZZN19T32TargetDeviceCore16GetT32ConfigFileEPcE15chPathSeparator
__ZZN19T32TargetDeviceCore32waitForPowerViewAndConfigChannelEiE21cMaxAttachDuration_ms
__ZZN19T32TargetDeviceCore32waitForPowerViewAndConfigChannelEiE19cAttachInterval0_ms
__ZZN19T32TargetDeviceCore32waitForPowerViewAndConfigChannelEiE19cAttachInterval1_ms
__ZZN19T32TargetDeviceCore32waitForPowerViewAndConfigChannelEiE15szAttachTimeOut
__ZZN19T32TargetDeviceCore32waitForPowerViewAndConfigChannelEiE23cMaxNopTriesDuration_ms
__ZZN19T32TargetDeviceCore32waitForPowerViewAndConfigChannelEiE12cMaxNopTries
__ZZN19T32TargetDeviceCore32waitForPowerViewAndConfigChannelEiE15cNopInterval_ms
__ZZN19T32TargetDeviceCore32waitForPowerViewAndConfigChannelEiE12szNopTimeOut
__ZTS24TargetDeviceListEntryT32
__ZTS24IPassthroughTargetDevice
__ZTSN5boost13property_tree10xml_parser16xml_parser_errorE
__ZTS25TargetDeviceListEntryRL78
__ZTSN5boost6detail11thread_dataINS_3_bi6bind_tIvNS_4_mfi2mfIM24RCarE2TargetDeviceMC_CPUFvNSt3__112basic_stringIcNS7_11c
__ZTSN5boost6detail17sp_counted_impl_pINS0_11thread_dataINS_3_bi6bind_tIvNS_4_mfi2mfIM24RCarE2TargetDeviceMC_CPUFvNSt3__
__ZN18RenesasElectronics21RenesasTrustZoneDebugL25MASTER_CPU_SELECTION_PMIDE
__ZTI15ITargetDevice64
__ZTI13ITargetDevice
__ZTV13ITargetDevice
__ZTV15ITargetDevice64
__ZTV21TargetDeviceListEntry
__ZTI21TargetDeviceListEntry
__ZTIN5boost13property_tree10xml_parser16xml_parser_errorE
__ZTIN5boost10wrapexceptINS_13property_tree10xml_parser16xml_parser_errorEEE
__ZTVN5boost10wrapexceptINS_13property_tree10xml_parser16xml_parser_errorEEE
__ZTVN5boost13property_tree10xml_parser16xml_parser_errorE
__ZTIN5boost13property_tree6detail8rapidxml11parse_errorE
__ZTVN5boost13property_tree6detail8rapidxml11parse_errorE
__ZTI25ITrustZoneDeviceListEntry
__ZTI16ITargetDeviceARM
__ZTI24ITargetDevicePassThrough
__ZTV25ITrustZoneDeviceListEntry
__ZTI15ITZTargetDevice
__ZTV15ITZTargetDevice
__ZTI27IProtectZoneDeviceListEntry
__ZTV27IProtectZoneDeviceListEntry
__ZTI15IPZTargetDevice
__ZTV15IPZTargetDevice
__ZTV24TargetDeviceListEntryT32
__ZTI24TargetDeviceListEntryT32
__ZTV16ITargetDeviceARM
__ZTV24ITargetDevicePassThrough
__ZTI24IPassthroughTargetDevice
__ZTV24IPassthroughTargetDevice
__ZTV25TargetDeviceListEntryRL78
__ZTI25TargetDeviceListEntryRL78
__ZTVN5boost6detail11thread_dataINS_3_bi6bind_tIvNS_4_mfi2mfIM24RCarE2TargetDeviceMC_CPUFvNSt3__112basic_stringIcNS7_11c
__ZTIN5boost6detail11thread_dataINS_3_bi6bind_tIvNS_4_mfi2mfIM24RCarE2TargetDeviceMC_CPUFvNSt3__112basic_stringIcNS7_11c
__ZTVN5boost6detail17sp_counted_impl_pINS0_11thread_dataINS_3_bi6bind_tIvNS_4_mfi2mfIM24RCarE2TargetDeviceMC_CPUFvNSt3__
__ZTIN5boost6detail17sp_counted_impl_pINS0_11thread_dataINS_3_bi6bind_tIvNS_4_mfi2mfIM24RCarE2TargetDeviceMC_CPUFvNSt3__
__ZZN22E1RxTargetDeviceMC_CPU9displayPCEvE19bCPU0DisplaySuspend
__ZZN22E1RxTargetDeviceMC_CPU9displayPCEvE19bCPU1DisplaySuspend
__ZN33TargetDeviceListEntryARMConstantsL13CM_ARM_FAMILYE
__ZN33TargetDeviceListEntryARMConstantsL13CM0_ARMFAMILYE
__ZN33TargetDeviceListEntryARMConstantsL18CM0_PLUS_ARMFAMILYE
__ZN33TargetDeviceListEntryARMConstantsL13CM3_ARMFAMILYE
__ZN33TargetDeviceListEntryARMConstantsL13CM4_ARMFAMILYE
__ZN33TargetDeviceListEntryARMConstantsL14CM23_ARMFAMILYE
__ZN33TargetDeviceListEntryARMConstantsL14CM33_ARMFAMILYE
__ZN33TargetDeviceListEntryARMConstantsL14CM55_ARMFAMILYE
__ZN33TargetDeviceListEntryARMConstantsL14CM85_ARMFAMILYE
__ZN33TargetDeviceListEntryARMConstantsL14CA55_ARMFAMILYE
__ZN33TargetDeviceListEntryARMConstantsL12A7_ARMFAMILYE
__ZN33TargetDeviceListEntryARMConstantsL12A9_ARMFAMILYE
__ZN33TargetDeviceListEntryARMConstantsL13A15_ARMFAMILYE
__ZN33TargetDeviceListEntryARMConstantsL12R4_ARMFAMILYE
__ZN33TargetDeviceListEntryARMConstantsL14CR52_ARMFAMILYE
__ZN33TargetDeviceListEntryARMConstantsL13CR8_ARMFAMILYE
__ZN33TargetDeviceListEntryARMConstantsL11CM23_REGSETE
__ZN33TargetDeviceListEntryARMConstantsL20ARMV8M_REGSET_PREFIXE
__ZN33TargetDeviceListEntryARMConstantsL20ARMV8A_REGSET_PREFIXE
__ZN33TargetDeviceListEntryARMConstantsL21FPU_EXT_REGSET_SUFFIXE
__ZN33TargetDeviceListEntryARMConstantsL27TRUSTZONE_EXT_REGSET_SUFFIXE
__ZN33TargetDeviceListEntryARMConstantsL21MVE_EXT_REGSET_SUFFIXE
__ZN33TargetDeviceListEntryARMConstantsL24PACBTI_EXT_REGSET_SUFFIXE
__ZN33TargetDeviceListEntryARMConstantsL20ARMV8M_REGSET_SUFFIXE
__ZN33TargetDeviceListEntryARMConstantsL19armFamilyListARMv6ME
__ZN33TargetDeviceListEntryARMConstantsL19armFamilyListARMv7ME
__ZN33TargetDeviceListEntryARMConstantsL19armFamilyListARMv8ME
__ZN33TargetDeviceListEntryARMConstantsL20armFamilyListARMv81ME
__ZN33TargetDeviceListEntryARMConstantsL19armFamilyListARMv8RE
__ZN26TargetDeviceFileConstanstsL13DeviceListTagE
__ZN26TargetDeviceFileConstanstsL9DeviceTagE
__ZN26TargetDeviceFileConstanstsL17DeviceFileInfoTagE
__ZN26TargetDeviceFileConstanstsL16CpuNameAttributeE
__ZN26TargetDeviceFileConstanstsL9headerTagE
__ZN26TargetDeviceFileConstanstsL16headerSupportTagE
__ZN26TargetDeviceFileConstanstsL18headerGeneratedTagE
__ZN26TargetDeviceFileConstanstsL16headerToolVerTagE
__ZN26TargetDeviceFileConstanstsL15McuFilesPathTagE
__ZN26TargetDeviceFileConstanstsL16McuFileAttributeE
__ZN26TargetDeviceFileConstanstsL7PathTagE
__ZN26TargetDeviceFileConstanstsL11FileNameTagE
__ZN26TargetDeviceFileConstanstsL17DriverFileNameTagE
__ZN26TargetDeviceFileConstanstsL9TargetTagE
__ZN26TargetDeviceFileConstanstsL8CoresTagE
__ZN26TargetDeviceFileConstanstsL7CoreTagE
__ZN26TargetDeviceFileConstanstsL19CoreNumberAttributeE
__ZN26TargetDeviceFileConstanstsL17CoreNameAttributeE
__ZN26TargetDeviceFileConstanstsL18CoreDebugAttributeE
__ZN26TargetDeviceFileConstanstsL16CoreCTIAttributeE
__ZN26TargetDeviceFileConstanstsL16CoreEXEAttributeE
__ZN26TargetDeviceFileConstanstsL16CoreOCVAttributeE
__ZN26TargetDeviceFileConstanstsL14GroupAttributeE
__ZN26TargetDeviceFileConstanstsL19Attribute1AttributeE
__ZN26TargetDeviceFileConstanstsL13NameAttributeE
__ZN26TargetDeviceFileConstanstsL13TypeAttributeE
__ZN26TargetDeviceFileConstanstsL15ExecIdAttributeE
__ZN26TargetDeviceFileConstanstsL20DvfFileNameAttributeE
__ZN26TargetDeviceFileConstanstsL21DdfxFileNameAttributeE
__ZN26TargetDeviceFileConstanstsL41IsRHG4ResponseDataVariableLengthAttributeE
__ZN26TargetDeviceFileConstanstsL10DvfPathTagE
__ZN26TargetDeviceFileConstanstsL11DdfxPathTagE
__ZN26TargetDeviceFileConstanstsL12MultiCoreTagE
__ZN26TargetDeviceFileConstanstsL19DeviceAttributesTagE
__ZN26TargetDeviceFileConstanstsL14DifferentFWTagE
__ZN26TargetDeviceFileConstanstsL22ShaderR4R5SupportedTagE
__ZN26TargetDeviceFileConstanstsL18ShaderLWMStrideTagE
__ZN26TargetDeviceFileConstanstsL24ShaderLWMStrideLengthTagE
__ZN26TargetDeviceFileConstanstsL28ShaderScratchpadCommonEndTagE
__ZN26TargetDeviceFileConstanstsL31ShaderScratchpadNonCommonEndTagE
__ZN26TargetDeviceFileConstanstsL26BusMonitorQOSRecordSizeTagE
__ZN26TargetDeviceFileConstanstsL28BusMonitorDBSC4RecordSizeTagE
__ZN26TargetDeviceFileConstanstsL18InitHSSTPScriptTagE
__ZN26TargetDeviceFileConstanstsL21PreInitHSSTPScriptTagE
__ZN26TargetDeviceFileConstanstsL18ArmFamilyAttributeE
__ZN26TargetDeviceFileConstanstsL15ArmFpuAttributeE
__ZN26TargetDeviceFileConstanstsL21ArmTrustZoneAttributeE
__ZN26TargetDeviceFileConstanstsL15ArmMveAttributeE
__ZN26TargetDeviceFileConstanstsL18ArmPacbtiAttributeE
__ZN26TargetDeviceFileConstanstsL20ArmJtagBootAttributeE
__ZN26TargetDeviceFileConstanstsL23ArmComportBootAttributeE
__ZN26TargetDeviceFileConstanstsL16ArmNeonAttributeE
__ZN26TargetDeviceFileConstanstsL15RegSetAttributeE
__ZN26TargetDeviceFileConstanstsL15ScriptAttributeE
__ZN26TargetDeviceFileConstanstsL11PCAttributeE
__ZN26TargetDeviceFileConstanstsL21ArchitectureAttributeE
__ZN26TargetDeviceFileConstanstsL19ExtensionsAttributeE
__ZN26TargetDeviceFileConstanstsL13ArmMonitorTagE
__ZN26TargetDeviceFileConstanstsL26ArmMonitorAddressAttributeE
__ZN26TargetDeviceFileConstanstsL23ArmMonitorSizeAttributeE
__ZN26TargetDeviceFileConstanstsL23ArmMonitorNameAttributeE
__ZN26TargetDeviceFileConstanstsL24ArmMonitorWriteAttributeE
__ZN26TargetDeviceFileConstanstsL13PartNumberTagE
__ZN26TargetDeviceFileConstanstsL26PartNumberAddressAttributeE
__ZN26TargetDeviceFileConstanstsL24PartNumberDerefAttributeE
__ZN26TargetDeviceFileConstanstsL25PartNumberOffsetAttributeE
__ZN26TargetDeviceFileConstanstsL25PartNumberFormatAttributeE
__ZN26TargetDeviceFileConstanstsL18MonitorRegisterTagE
__ZN26TargetDeviceFileConstanstsL31MonitorRegisterAddressAttributeE
__ZN26TargetDeviceFileConstanstsL28MonitorRegisterSizeAttributeE
__ZN26TargetDeviceFileConstanstsL28MonitorRegisterNameAttributeE
__ZN26TargetDeviceFileConstanstsL28MonitorRegisterMaskAttributeE
__ZN26TargetDeviceFileConstanstsL28MonitorRegisterUnitAttributeE
__ZN26TargetDeviceFileConstanstsL32MonitorRegisterKilobyteUnitValueE
__ZN26TargetDeviceFileConstanstsL22SecureVectorAddressTagE
__ZN26TargetDeviceFileConstanstsL35SecureVectorAddressAddressAttributeE
__ZN26TargetDeviceFileConstanstsL32SecureVectorAddressSizeAttributeE
__ZN26TargetDeviceFileConstanstsL32SecureVectorAddressMaskAttributeE
__ZN26TargetDeviceFileConstanstsL34SecureVectorAddressLockRegisterTagE
__ZN26TargetDeviceFileConstanstsL44SecureVectorAddressLockRegisterNameAttributeE
__ZN26TargetDeviceFileConstanstsL47SecureVectorAddressLockRegisterAddressAttributeE
__ZN26TargetDeviceFileConstanstsL44SecureVectorAddressLockRegisterSizeAttributeE
__ZN26TargetDeviceFileConstanstsL44SecureVectorAddressLockRegisterMaskAttributeE
__ZN26TargetDeviceFileConstanstsL51SecureVectorAddressLockRegisterUnlockValueAttributeE
__ZN26TargetDeviceFileConstanstsL49SecureVectorAddressLockRegisterLockValueAttributeE
__ZN26TargetDeviceFileConstanstsL25NonsecureVectorAddressTagE
__ZN26TargetDeviceFileConstanstsL38NonsecureVectorAddressAddressAttributeE
__ZN26TargetDeviceFileConstanstsL35NonsecureVectorAddressSizeAttributeE
__ZN26TargetDeviceFileConstanstsL35NonsecureVectorAddressMaskAttributeE
__ZN26TargetDeviceFileConstanstsL37NonsecureVectorAddressLockRegisterTagE
__ZN26TargetDeviceFileConstanstsL47NonsecureVectorAddressLockRegisterNameAttributeE
__ZN26TargetDeviceFileConstanstsL50NonsecureVectorAddressLockRegisterAddressAttributeE
__ZN26TargetDeviceFileConstanstsL47NonsecureVectorAddressLockRegisterSizeAttributeE
__ZN26TargetDeviceFileConstanstsL47NonsecureVectorAddressLockRegisterMaskAttributeE
__ZN26TargetDeviceFileConstanstsL54NonsecureVectorAddressLockRegisterUnlockValueAttributeE
__ZN26TargetDeviceFileConstanstsL52NonsecureVectorAddressLockRegisterLockValueAttributeE
__ZN26TargetDeviceFileConstanstsL12TrustZoneTagE
__ZN26TargetDeviceFileConstanstsL16TzStateAttributeE
__ZN26TargetDeviceFileConstanstsL18TzCpuNameAttributeE
__ZN26TargetDeviceFileConstanstsL14IgnoreResetTagE
__ZN26TargetDeviceFileConstanstsL22IgnoreResetPcAttributeE
__ZN26TargetDeviceFileConstanstsL20ResumeBeforeResetTagE
__ZN26TargetDeviceFileConstanstsL10BinPathTagE
__ZN26TargetDeviceFileConstanstsL10DllPathTagE
__ZN26TargetDeviceFileConstanstsL6DllTagE
__ZN26TargetDeviceFileConstanstsL14RFPInformationE
__ZN26TargetDeviceFileConstanstsL19FlashBankAddressTagE
__ZN26TargetDeviceFileConstanstsL29FlashBankAddressNameAttributeE
__ZN26TargetDeviceFileConstanstsL32FlashBankAddressAddressAttributeE
__ZN26TargetDeviceFileConstanstsL18FlashLoaderTypeTagE
__ZN26TargetDeviceFileConstanstsL34FlashLoaderTypeMemoryTypeAttributeE
__ZN26TargetDeviceFileConstanstsL34FlashLoaderTypeLoaderNameAttributeE
__ZN26TargetDeviceFileConstanstsL32ZonedMemoryAccessWhileRunningTagE
__ZN26TargetDeviceFileConstanstsL42ZonedMemoryAccessWhileRunningZoneAttributeE
__ZN26TargetDeviceFileConstanstsL24ZonedAccessWithOffsetTagE
__ZN26TargetDeviceFileConstanstsL42ZonedAccessWithOffsetStartAddressAttributeE
__ZN26TargetDeviceFileConstanstsL40ZonedAccessWithOffsetEndAddressAttributeE
__ZN26TargetDeviceFileConstanstsL37ZonedAccessWithOffsetAddressAttributeE
__ZN26TargetDeviceFileConstanstsL24ArmMulticoreCortexPrefixE
__ZN26TargetDeviceFileConstanstsL36ArmMulticoreCortexPrefixAbbreviationE
__ZN33TargetDeviceListEntryARMConstantsL13CM_ARM_FAMILYE
__ZN33TargetDeviceListEntryARMConstantsL13CM0_ARMFAMILYE
__ZN33TargetDeviceListEntryARMConstantsL18CM0_PLUS_ARMFAMILYE
__ZN33TargetDeviceListEntryARMConstantsL13CM3_ARMFAMILYE
__ZN33TargetDeviceListEntryARMConstantsL13CM4_ARMFAMILYE
__ZN33TargetDeviceListEntryARMConstantsL14CM23_ARMFAMILYE
__ZN33TargetDeviceListEntryARMConstantsL14CM33_ARMFAMILYE
__ZN33TargetDeviceListEntryARMConstantsL14CM55_ARMFAMILYE
__ZN33TargetDeviceListEntryARMConstantsL14CM85_ARMFAMILYE
__ZN33TargetDeviceListEntryARMConstantsL14CA55_ARMFAMILYE
__ZN33TargetDeviceListEntryARMConstantsL12A7_ARMFAMILYE
__ZN33TargetDeviceListEntryARMConstantsL12A9_ARMFAMILYE
__ZN33TargetDeviceListEntryARMConstantsL13A15_ARMFAMILYE
__ZN33TargetDeviceListEntryARMConstantsL12R4_ARMFAMILYE
__ZN33TargetDeviceListEntryARMConstantsL14CR52_ARMFAMILYE
__ZN33TargetDeviceListEntryARMConstantsL13CR8_ARMFAMILYE
__ZN33TargetDeviceListEntryARMConstantsL11CM23_REGSETE
__ZN33TargetDeviceListEntryARMConstantsL20ARMV8M_REGSET_PREFIXE
__ZN33TargetDeviceListEntryARMConstantsL20ARMV8A_REGSET_PREFIXE
__ZN33TargetDeviceListEntryARMConstantsL21FPU_EXT_REGSET_SUFFIXE
__ZN33TargetDeviceListEntryARMConstantsL27TRUSTZONE_EXT_REGSET_SUFFIXE
__ZN33TargetDeviceListEntryARMConstantsL21MVE_EXT_REGSET_SUFFIXE
__ZN33TargetDeviceListEntryARMConstantsL24PACBTI_EXT_REGSET_SUFFIXE
__ZN33TargetDeviceListEntryARMConstantsL20ARMV8M_REGSET_SUFFIXE
__ZN33TargetDeviceListEntryARMConstantsL19armFamilyListARMv6ME
__ZN33TargetDeviceListEntryARMConstantsL19armFamilyListARMv7ME
__ZN33TargetDeviceListEntryARMConstantsL19armFamilyListARMv8ME
__ZN33TargetDeviceListEntryARMConstantsL20armFamilyListARMv81ME
__ZN33TargetDeviceListEntryARMConstantsL19armFamilyListARMv8RE
__ZN33TargetDeviceListEntryARMConstantsL13CM_ARM_FAMILYE
__ZN33TargetDeviceListEntryARMConstantsL13CM0_ARMFAMILYE
__ZN33TargetDeviceListEntryARMConstantsL18CM0_PLUS_ARMFAMILYE
__ZN33TargetDeviceListEntryARMConstantsL13CM3_ARMFAMILYE
__ZN33TargetDeviceListEntryARMConstantsL13CM4_ARMFAMILYE
__ZN33TargetDeviceListEntryARMConstantsL14CM23_ARMFAMILYE
__ZN33TargetDeviceListEntryARMConstantsL14CM33_ARMFAMILYE
__ZN33TargetDeviceListEntryARMConstantsL14CM55_ARMFAMILYE
__ZN33TargetDeviceListEntryARMConstantsL14CM85_ARMFAMILYE
__ZN33TargetDeviceListEntryARMConstantsL14CA55_ARMFAMILYE
__ZN33TargetDeviceListEntryARMConstantsL12A7_ARMFAMILYE
__ZN33TargetDeviceListEntryARMConstantsL12A9_ARMFAMILYE
__ZN33TargetDeviceListEntryARMConstantsL13A15_ARMFAMILYE
__ZN33TargetDeviceListEntryARMConstantsL12R4_ARMFAMILYE
__ZN33TargetDeviceListEntryARMConstantsL14CR52_ARMFAMILYE
__ZN33TargetDeviceListEntryARMConstantsL13CR8_ARMFAMILYE
__ZN33TargetDeviceListEntryARMConstantsL11CM23_REGSETE
__ZN33TargetDeviceListEntryARMConstantsL20ARMV8M_REGSET_PREFIXE
__ZN33TargetDeviceListEntryARMConstantsL20ARMV8A_REGSET_PREFIXE
__ZN33TargetDeviceListEntryARMConstantsL21FPU_EXT_REGSET_SUFFIXE
__ZN33TargetDeviceListEntryARMConstantsL27TRUSTZONE_EXT_REGSET_SUFFIXE
__ZN33TargetDeviceListEntryARMConstantsL21MVE_EXT_REGSET_SUFFIXE
__ZN33TargetDeviceListEntryARMConstantsL24PACBTI_EXT_REGSET_SUFFIXE
__ZN33TargetDeviceListEntryARMConstantsL20ARMV8M_REGSET_SUFFIXE
__ZN33TargetDeviceListEntryARMConstantsL19armFamilyListARMv6ME
__ZN33TargetDeviceListEntryARMConstantsL19armFamilyListARMv7ME
__ZN33TargetDeviceListEntryARMConstantsL19armFamilyListARMv8ME
__ZN33TargetDeviceListEntryARMConstantsL20armFamilyListARMv81ME
__ZN33TargetDeviceListEntryARMConstantsL19armFamilyListARMv8RE
__ZN33TargetDeviceListEntryARMConstantsL13CM_ARM_FAMILYE
__ZN33TargetDeviceListEntryARMConstantsL13CM0_ARMFAMILYE
__ZN33TargetDeviceListEntryARMConstantsL18CM0_PLUS_ARMFAMILYE
__ZN33TargetDeviceListEntryARMConstantsL13CM3_ARMFAMILYE
__ZN33TargetDeviceListEntryARMConstantsL13CM4_ARMFAMILYE
__ZN33TargetDeviceListEntryARMConstantsL14CM23_ARMFAMILYE
__ZN33TargetDeviceListEntryARMConstantsL14CM33_ARMFAMILYE
__ZN33TargetDeviceListEntryARMConstantsL14CM55_ARMFAMILYE
__ZN33TargetDeviceListEntryARMConstantsL14CM85_ARMFAMILYE
__ZN33TargetDeviceListEntryARMConstantsL14CA55_ARMFAMILYE
__ZN33TargetDeviceListEntryARMConstantsL12A7_ARMFAMILYE
__ZN33TargetDeviceListEntryARMConstantsL12A9_ARMFAMILYE
__ZN33TargetDeviceListEntryARMConstantsL13A15_ARMFAMILYE
__ZN33TargetDeviceListEntryARMConstantsL12R4_ARMFAMILYE
__ZN33TargetDeviceListEntryARMConstantsL14CR52_ARMFAMILYE
__ZN33TargetDeviceListEntryARMConstantsL13CR8_ARMFAMILYE
__ZN33TargetDeviceListEntryARMConstantsL11CM23_REGSETE
__ZN33TargetDeviceListEntryARMConstantsL20ARMV8M_REGSET_PREFIXE
__ZN33TargetDeviceListEntryARMConstantsL20ARMV8A_REGSET_PREFIXE
__ZN33TargetDeviceListEntryARMConstantsL21FPU_EXT_REGSET_SUFFIXE
__ZN33TargetDeviceListEntryARMConstantsL27TRUSTZONE_EXT_REGSET_SUFFIXE
__ZN33TargetDeviceListEntryARMConstantsL21MVE_EXT_REGSET_SUFFIXE
__ZN33TargetDeviceListEntryARMConstantsL24PACBTI_EXT_REGSET_SUFFIXE
__ZN33TargetDeviceListEntryARMConstantsL20ARMV8M_REGSET_SUFFIXE
__ZN33TargetDeviceListEntryARMConstantsL19armFamilyListARMv6ME
__ZN33TargetDeviceListEntryARMConstantsL19armFamilyListARMv7ME
__ZN33TargetDeviceListEntryARMConstantsL19armFamilyListARMv8ME
__ZN33TargetDeviceListEntryARMConstantsL20armFamilyListARMv81ME
__ZN33TargetDeviceListEntryARMConstantsL19armFamilyListARMv8RE
__ZN33TargetDeviceListEntryARMConstantsL13CM_ARM_FAMILYE
__ZN33TargetDeviceListEntryARMConstantsL13CM0_ARMFAMILYE
__ZN33TargetDeviceListEntryARMConstantsL18CM0_PLUS_ARMFAMILYE
__ZN33TargetDeviceListEntryARMConstantsL13CM3_ARMFAMILYE
__ZN33TargetDeviceListEntryARMConstantsL13CM4_ARMFAMILYE
__ZN33TargetDeviceListEntryARMConstantsL14CM23_ARMFAMILYE
__ZN33TargetDeviceListEntryARMConstantsL14CM33_ARMFAMILYE
__ZN33TargetDeviceListEntryARMConstantsL14CM55_ARMFAMILYE
__ZN33TargetDeviceListEntryARMConstantsL14CM85_ARMFAMILYE
__ZN33TargetDeviceListEntryARMConstantsL14CA55_ARMFAMILYE
__ZN33TargetDeviceListEntryARMConstantsL12A7_ARMFAMILYE
__ZN33TargetDeviceListEntryARMConstantsL12A9_ARMFAMILYE
__ZN33TargetDeviceListEntryARMConstantsL13A15_ARMFAMILYE
__ZN33TargetDeviceListEntryARMConstantsL12R4_ARMFAMILYE
__ZN33TargetDeviceListEntryARMConstantsL14CR52_ARMFAMILYE
__ZN33TargetDeviceListEntryARMConstantsL13CR8_ARMFAMILYE
__ZN33TargetDeviceListEntryARMConstantsL11CM23_REGSETE
__ZN33TargetDeviceListEntryARMConstantsL20ARMV8M_REGSET_PREFIXE
__ZN33TargetDeviceListEntryARMConstantsL20ARMV8A_REGSET_PREFIXE
__ZN33TargetDeviceListEntryARMConstantsL21FPU_EXT_REGSET_SUFFIXE
__ZN33TargetDeviceListEntryARMConstantsL27TRUSTZONE_EXT_REGSET_SUFFIXE
__ZN33TargetDeviceListEntryARMConstantsL21MVE_EXT_REGSET_SUFFIXE
__ZN33TargetDeviceListEntryARMConstantsL24PACBTI_EXT_REGSET_SUFFIXE
__ZN33TargetDeviceListEntryARMConstantsL20ARMV8M_REGSET_SUFFIXE
__ZN33TargetDeviceListEntryARMConstantsL19armFamilyListARMv6ME
__ZN33TargetDeviceListEntryARMConstantsL19armFamilyListARMv7ME
__ZN33TargetDeviceListEntryARMConstantsL19armFamilyListARMv8ME
__ZN33TargetDeviceListEntryARMConstantsL20armFamilyListARMv81ME
__ZN33TargetDeviceListEntryARMConstantsL19armFamilyListARMv8RE
__ZN33TargetDeviceListEntryARMConstantsL13CM_ARM_FAMILYE
__ZN33TargetDeviceListEntryARMConstantsL13CM0_ARMFAMILYE
__ZN33TargetDeviceListEntryARMConstantsL18CM0_PLUS_ARMFAMILYE
__ZN33TargetDeviceListEntryARMConstantsL13CM3_ARMFAMILYE
__ZN33TargetDeviceListEntryARMConstantsL13CM4_ARMFAMILYE
__ZN33TargetDeviceListEntryARMConstantsL14CM23_ARMFAMILYE
__ZN33TargetDeviceListEntryARMConstantsL14CM33_ARMFAMILYE
__ZN33TargetDeviceListEntryARMConstantsL14CM55_ARMFAMILYE
__ZN33TargetDeviceListEntryARMConstantsL14CM85_ARMFAMILYE
__ZN33TargetDeviceListEntryARMConstantsL14CA55_ARMFAMILYE
__ZN33TargetDeviceListEntryARMConstantsL12A7_ARMFAMILYE
__ZN33TargetDeviceListEntryARMConstantsL12A9_ARMFAMILYE
__ZN33TargetDeviceListEntryARMConstantsL13A15_ARMFAMILYE
__ZN33TargetDeviceListEntryARMConstantsL12R4_ARMFAMILYE
__ZN33TargetDeviceListEntryARMConstantsL14CR52_ARMFAMILYE
__ZN33TargetDeviceListEntryARMConstantsL13CR8_ARMFAMILYE
__ZN33TargetDeviceListEntryARMConstantsL11CM23_REGSETE
__ZN33TargetDeviceListEntryARMConstantsL20ARMV8M_REGSET_PREFIXE
__ZN33TargetDeviceListEntryARMConstantsL20ARMV8A_REGSET_PREFIXE
__ZN33TargetDeviceListEntryARMConstantsL21FPU_EXT_REGSET_SUFFIXE
__ZN33TargetDeviceListEntryARMConstantsL27TRUSTZONE_EXT_REGSET_SUFFIXE
__ZN33TargetDeviceListEntryARMConstantsL21MVE_EXT_REGSET_SUFFIXE
__ZN33TargetDeviceListEntryARMConstantsL24PACBTI_EXT_REGSET_SUFFIXE
__ZN33TargetDeviceListEntryARMConstantsL20ARMV8M_REGSET_SUFFIXE
__ZN33TargetDeviceListEntryARMConstantsL19armFamilyListARMv6ME
__ZN33TargetDeviceListEntryARMConstantsL19armFamilyListARMv7ME
__ZN33TargetDeviceListEntryARMConstantsL19armFamilyListARMv8ME
__ZN33TargetDeviceListEntryARMConstantsL20armFamilyListARMv81ME
__ZN33TargetDeviceListEntryARMConstantsL19armFamilyListARMv8RE
__ZN26TargetDeviceFileConstanstsL13DeviceListTagE
__ZN26TargetDeviceFileConstanstsL9DeviceTagE
__ZN26TargetDeviceFileConstanstsL17DeviceFileInfoTagE
__ZN26TargetDeviceFileConstanstsL16CpuNameAttributeE
__ZN26TargetDeviceFileConstanstsL9headerTagE
__ZN26TargetDeviceFileConstanstsL16headerSupportTagE
__ZN26TargetDeviceFileConstanstsL18headerGeneratedTagE
__ZN26TargetDeviceFileConstanstsL16headerToolVerTagE
__ZN26TargetDeviceFileConstanstsL15McuFilesPathTagE
__ZN26TargetDeviceFileConstanstsL16McuFileAttributeE
__ZN26TargetDeviceFileConstanstsL7PathTagE
__ZN26TargetDeviceFileConstanstsL11FileNameTagE
__ZN26TargetDeviceFileConstanstsL17DriverFileNameTagE
__ZN26TargetDeviceFileConstanstsL9TargetTagE
__ZN26TargetDeviceFileConstanstsL8CoresTagE
__ZN26TargetDeviceFileConstanstsL7CoreTagE
__ZN26TargetDeviceFileConstanstsL19CoreNumberAttributeE
__ZN26TargetDeviceFileConstanstsL17CoreNameAttributeE
__ZN26TargetDeviceFileConstanstsL18CoreDebugAttributeE
__ZN26TargetDeviceFileConstanstsL16CoreCTIAttributeE
__ZN26TargetDeviceFileConstanstsL16CoreEXEAttributeE
__ZN26TargetDeviceFileConstanstsL16CoreOCVAttributeE
__ZN26TargetDeviceFileConstanstsL14GroupAttributeE
__ZN26TargetDeviceFileConstanstsL19Attribute1AttributeE
__ZN26TargetDeviceFileConstanstsL13NameAttributeE
__ZN26TargetDeviceFileConstanstsL13TypeAttributeE
__ZN26TargetDeviceFileConstanstsL15ExecIdAttributeE
__ZN26TargetDeviceFileConstanstsL20DvfFileNameAttributeE
__ZN26TargetDeviceFileConstanstsL21DdfxFileNameAttributeE
__ZN26TargetDeviceFileConstanstsL41IsRHG4ResponseDataVariableLengthAttributeE
__ZN26TargetDeviceFileConstanstsL10DvfPathTagE
__ZN26TargetDeviceFileConstanstsL11DdfxPathTagE
__ZN26TargetDeviceFileConstanstsL12MultiCoreTagE
__ZN26TargetDeviceFileConstanstsL19DeviceAttributesTagE
__ZN26TargetDeviceFileConstanstsL14DifferentFWTagE
__ZN26TargetDeviceFileConstanstsL22ShaderR4R5SupportedTagE
__ZN26TargetDeviceFileConstanstsL18ShaderLWMStrideTagE
__ZN26TargetDeviceFileConstanstsL24ShaderLWMStrideLengthTagE
__ZN26TargetDeviceFileConstanstsL28ShaderScratchpadCommonEndTagE
__ZN26TargetDeviceFileConstanstsL31ShaderScratchpadNonCommonEndTagE
__ZN26TargetDeviceFileConstanstsL26BusMonitorQOSRecordSizeTagE
__ZN26TargetDeviceFileConstanstsL28BusMonitorDBSC4RecordSizeTagE
__ZN26TargetDeviceFileConstanstsL18InitHSSTPScriptTagE
__ZN26TargetDeviceFileConstanstsL21PreInitHSSTPScriptTagE
__ZN26TargetDeviceFileConstanstsL18ArmFamilyAttributeE
__ZN26TargetDeviceFileConstanstsL15ArmFpuAttributeE
__ZN26TargetDeviceFileConstanstsL21ArmTrustZoneAttributeE
__ZN26TargetDeviceFileConstanstsL15ArmMveAttributeE
__ZN26TargetDeviceFileConstanstsL18ArmPacbtiAttributeE
__ZN26TargetDeviceFileConstanstsL20ArmJtagBootAttributeE
__ZN26TargetDeviceFileConstanstsL23ArmComportBootAttributeE
__ZN26TargetDeviceFileConstanstsL16ArmNeonAttributeE
__ZN26TargetDeviceFileConstanstsL15RegSetAttributeE
__ZN26TargetDeviceFileConstanstsL15ScriptAttributeE
__ZN26TargetDeviceFileConstanstsL11PCAttributeE
__ZN26TargetDeviceFileConstanstsL21ArchitectureAttributeE
__ZN26TargetDeviceFileConstanstsL19ExtensionsAttributeE
__ZN26TargetDeviceFileConstanstsL13ArmMonitorTagE
__ZN26TargetDeviceFileConstanstsL26ArmMonitorAddressAttributeE
__ZN26TargetDeviceFileConstanstsL23ArmMonitorSizeAttributeE
__ZN26TargetDeviceFileConstanstsL23ArmMonitorNameAttributeE
__ZN26TargetDeviceFileConstanstsL24ArmMonitorWriteAttributeE
__ZN26TargetDeviceFileConstanstsL13PartNumberTagE
__ZN26TargetDeviceFileConstanstsL26PartNumberAddressAttributeE
__ZN26TargetDeviceFileConstanstsL24PartNumberDerefAttributeE
__ZN26TargetDeviceFileConstanstsL25PartNumberOffsetAttributeE
__ZN26TargetDeviceFileConstanstsL25PartNumberFormatAttributeE
__ZN26TargetDeviceFileConstanstsL18MonitorRegisterTagE
__ZN26TargetDeviceFileConstanstsL31MonitorRegisterAddressAttributeE
__ZN26TargetDeviceFileConstanstsL28MonitorRegisterSizeAttributeE
__ZN26TargetDeviceFileConstanstsL28MonitorRegisterNameAttributeE
__ZN26TargetDeviceFileConstanstsL28MonitorRegisterMaskAttributeE
__ZN26TargetDeviceFileConstanstsL28MonitorRegisterUnitAttributeE
__ZN26TargetDeviceFileConstanstsL32MonitorRegisterKilobyteUnitValueE
__ZN26TargetDeviceFileConstanstsL22SecureVectorAddressTagE
__ZN26TargetDeviceFileConstanstsL35SecureVectorAddressAddressAttributeE
__ZN26TargetDeviceFileConstanstsL32SecureVectorAddressSizeAttributeE
__ZN26TargetDeviceFileConstanstsL32SecureVectorAddressMaskAttributeE
__ZN26TargetDeviceFileConstanstsL34SecureVectorAddressLockRegisterTagE
__ZN26TargetDeviceFileConstanstsL44SecureVectorAddressLockRegisterNameAttributeE
__ZN26TargetDeviceFileConstanstsL47SecureVectorAddressLockRegisterAddressAttributeE
__ZN26TargetDeviceFileConstanstsL44SecureVectorAddressLockRegisterSizeAttributeE
__ZN26TargetDeviceFileConstanstsL44SecureVectorAddressLockRegisterMaskAttributeE
__ZN26TargetDeviceFileConstanstsL51SecureVectorAddressLockRegisterUnlockValueAttributeE
__ZN26TargetDeviceFileConstanstsL49SecureVectorAddressLockRegisterLockValueAttributeE
__ZN26TargetDeviceFileConstanstsL25NonsecureVectorAddressTagE
__ZN26TargetDeviceFileConstanstsL38NonsecureVectorAddressAddressAttributeE
__ZN26TargetDeviceFileConstanstsL35NonsecureVectorAddressSizeAttributeE
__ZN26TargetDeviceFileConstanstsL35NonsecureVectorAddressMaskAttributeE
__ZN26TargetDeviceFileConstanstsL37NonsecureVectorAddressLockRegisterTagE
__ZN26TargetDeviceFileConstanstsL47NonsecureVectorAddressLockRegisterNameAttributeE
__ZN26TargetDeviceFileConstanstsL50NonsecureVectorAddressLockRegisterAddressAttributeE
__ZN26TargetDeviceFileConstanstsL47NonsecureVectorAddressLockRegisterSizeAttributeE
__ZN26TargetDeviceFileConstanstsL47NonsecureVectorAddressLockRegisterMaskAttributeE
__ZN26TargetDeviceFileConstanstsL54NonsecureVectorAddressLockRegisterUnlockValueAttributeE
__ZN26TargetDeviceFileConstanstsL52NonsecureVectorAddressLockRegisterLockValueAttributeE
__ZN26TargetDeviceFileConstanstsL12TrustZoneTagE
__ZN26TargetDeviceFileConstanstsL16TzStateAttributeE
__ZN26TargetDeviceFileConstanstsL18TzCpuNameAttributeE
__ZN26TargetDeviceFileConstanstsL14IgnoreResetTagE
__ZN26TargetDeviceFileConstanstsL22IgnoreResetPcAttributeE
__ZN26TargetDeviceFileConstanstsL20ResumeBeforeResetTagE
__ZN26TargetDeviceFileConstanstsL10BinPathTagE
__ZN26TargetDeviceFileConstanstsL10DllPathTagE
__ZN26TargetDeviceFileConstanstsL6DllTagE
__ZN26TargetDeviceFileConstanstsL14RFPInformationE
__ZN26TargetDeviceFileConstanstsL19FlashBankAddressTagE
__ZN26TargetDeviceFileConstanstsL29FlashBankAddressNameAttributeE
__ZN26TargetDeviceFileConstanstsL32FlashBankAddressAddressAttributeE
__ZN26TargetDeviceFileConstanstsL18FlashLoaderTypeTagE
__ZN26TargetDeviceFileConstanstsL34FlashLoaderTypeMemoryTypeAttributeE
__ZN26TargetDeviceFileConstanstsL34FlashLoaderTypeLoaderNameAttributeE
__ZN26TargetDeviceFileConstanstsL32ZonedMemoryAccessWhileRunningTagE
__ZN26TargetDeviceFileConstanstsL42ZonedMemoryAccessWhileRunningZoneAttributeE
__ZN26TargetDeviceFileConstanstsL24ZonedAccessWithOffsetTagE
__ZN26TargetDeviceFileConstanstsL42ZonedAccessWithOffsetStartAddressAttributeE
__ZN26TargetDeviceFileConstanstsL40ZonedAccessWithOffsetEndAddressAttributeE
__ZN26TargetDeviceFileConstanstsL37ZonedAccessWithOffsetAddressAttributeE
__ZN26TargetDeviceFileConstanstsL24ArmMulticoreCortexPrefixE
__ZN26TargetDeviceFileConstanstsL36ArmMulticoreCortexPrefixAbbreviationE
__ZN33TargetDeviceListEntryARMConstantsL13CM_ARM_FAMILYE
__ZN33TargetDeviceListEntryARMConstantsL13CM0_ARMFAMILYE
__ZN33TargetDeviceListEntryARMConstantsL18CM0_PLUS_ARMFAMILYE
__ZN33TargetDeviceListEntryARMConstantsL13CM3_ARMFAMILYE
__ZN33TargetDeviceListEntryARMConstantsL13CM4_ARMFAMILYE
__ZN33TargetDeviceListEntryARMConstantsL14CM23_ARMFAMILYE
__ZN33TargetDeviceListEntryARMConstantsL14CM33_ARMFAMILYE
__ZN33TargetDeviceListEntryARMConstantsL14CM55_ARMFAMILYE
__ZN33TargetDeviceListEntryARMConstantsL14CM85_ARMFAMILYE
__ZN33TargetDeviceListEntryARMConstantsL14CA55_ARMFAMILYE
__ZN33TargetDeviceListEntryARMConstantsL12A7_ARMFAMILYE
__ZN33TargetDeviceListEntryARMConstantsL12A9_ARMFAMILYE
__ZN33TargetDeviceListEntryARMConstantsL13A15_ARMFAMILYE
__ZN33TargetDeviceListEntryARMConstantsL12R4_ARMFAMILYE
__ZN33TargetDeviceListEntryARMConstantsL14CR52_ARMFAMILYE
__ZN33TargetDeviceListEntryARMConstantsL13CR8_ARMFAMILYE
__ZN33TargetDeviceListEntryARMConstantsL11CM23_REGSETE
__ZN33TargetDeviceListEntryARMConstantsL20ARMV8M_REGSET_PREFIXE
__ZN33TargetDeviceListEntryARMConstantsL20ARMV8A_REGSET_PREFIXE
__ZN33TargetDeviceListEntryARMConstantsL21FPU_EXT_REGSET_SUFFIXE
__ZN33TargetDeviceListEntryARMConstantsL27TRUSTZONE_EXT_REGSET_SUFFIXE
__ZN33TargetDeviceListEntryARMConstantsL21MVE_EXT_REGSET_SUFFIXE
__ZN33TargetDeviceListEntryARMConstantsL24PACBTI_EXT_REGSET_SUFFIXE
__ZN33TargetDeviceListEntryARMConstantsL20ARMV8M_REGSET_SUFFIXE
__ZN33TargetDeviceListEntryARMConstantsL19armFamilyListARMv6ME
__ZN33TargetDeviceListEntryARMConstantsL19armFamilyListARMv7ME
__ZN33TargetDeviceListEntryARMConstantsL19armFamilyListARMv8ME
__ZN33TargetDeviceListEntryARMConstantsL20armFamilyListARMv81ME
__ZN33TargetDeviceListEntryARMConstantsL19armFamilyListARMv8RE
__ZN26TargetDeviceFileConstanstsL13DeviceListTagE
__ZN26TargetDeviceFileConstanstsL9DeviceTagE
__ZN26TargetDeviceFileConstanstsL17DeviceFileInfoTagE
__ZN26TargetDeviceFileConstanstsL16CpuNameAttributeE
__ZN26TargetDeviceFileConstanstsL9headerTagE
__ZN26TargetDeviceFileConstanstsL16headerSupportTagE
__ZN26TargetDeviceFileConstanstsL18headerGeneratedTagE
__ZN26TargetDeviceFileConstanstsL16headerToolVerTagE
__ZN26TargetDeviceFileConstanstsL15McuFilesPathTagE
__ZN26TargetDeviceFileConstanstsL16McuFileAttributeE
__ZN26TargetDeviceFileConstanstsL7PathTagE
__ZN26TargetDeviceFileConstanstsL11FileNameTagE
__ZN26TargetDeviceFileConstanstsL17DriverFileNameTagE
__ZN26TargetDeviceFileConstanstsL9TargetTagE
__ZN26TargetDeviceFileConstanstsL8CoresTagE
__ZN26TargetDeviceFileConstanstsL7CoreTagE
__ZN26TargetDeviceFileConstanstsL19CoreNumberAttributeE
__ZN26TargetDeviceFileConstanstsL17CoreNameAttributeE
__ZN26TargetDeviceFileConstanstsL18CoreDebugAttributeE
__ZN26TargetDeviceFileConstanstsL16CoreCTIAttributeE
__ZN26TargetDeviceFileConstanstsL16CoreEXEAttributeE
__ZN26TargetDeviceFileConstanstsL16CoreOCVAttributeE
__ZN26TargetDeviceFileConstanstsL14GroupAttributeE
__ZN26TargetDeviceFileConstanstsL19Attribute1AttributeE
__ZN26TargetDeviceFileConstanstsL13NameAttributeE
__ZN26TargetDeviceFileConstanstsL13TypeAttributeE
__ZN26TargetDeviceFileConstanstsL15ExecIdAttributeE
__ZN26TargetDeviceFileConstanstsL20DvfFileNameAttributeE
__ZN26TargetDeviceFileConstanstsL21DdfxFileNameAttributeE
__ZN26TargetDeviceFileConstanstsL41IsRHG4ResponseDataVariableLengthAttributeE
__ZN26TargetDeviceFileConstanstsL10DvfPathTagE
__ZN26TargetDeviceFileConstanstsL11DdfxPathTagE
__ZN26TargetDeviceFileConstanstsL12MultiCoreTagE
__ZN26TargetDeviceFileConstanstsL19DeviceAttributesTagE
__ZN26TargetDeviceFileConstanstsL14DifferentFWTagE
__ZN26TargetDeviceFileConstanstsL22ShaderR4R5SupportedTagE
__ZN26TargetDeviceFileConstanstsL18ShaderLWMStrideTagE
__ZN26TargetDeviceFileConstanstsL24ShaderLWMStrideLengthTagE
__ZN26TargetDeviceFileConstanstsL28ShaderScratchpadCommonEndTagE
__ZN26TargetDeviceFileConstanstsL31ShaderScratchpadNonCommonEndTagE
__ZN26TargetDeviceFileConstanstsL26BusMonitorQOSRecordSizeTagE
__ZN26TargetDeviceFileConstanstsL28BusMonitorDBSC4RecordSizeTagE
__ZN26TargetDeviceFileConstanstsL18InitHSSTPScriptTagE
__ZN26TargetDeviceFileConstanstsL21PreInitHSSTPScriptTagE
__ZN26TargetDeviceFileConstanstsL18ArmFamilyAttributeE
__ZN26TargetDeviceFileConstanstsL15ArmFpuAttributeE
__ZN26TargetDeviceFileConstanstsL21ArmTrustZoneAttributeE
__ZN26TargetDeviceFileConstanstsL15ArmMveAttributeE
__ZN26TargetDeviceFileConstanstsL18ArmPacbtiAttributeE
__ZN26TargetDeviceFileConstanstsL20ArmJtagBootAttributeE
__ZN26TargetDeviceFileConstanstsL23ArmComportBootAttributeE
__ZN26TargetDeviceFileConstanstsL16ArmNeonAttributeE
__ZN26TargetDeviceFileConstanstsL15RegSetAttributeE
__ZN26TargetDeviceFileConstanstsL15ScriptAttributeE
__ZN26TargetDeviceFileConstanstsL11PCAttributeE
__ZN26TargetDeviceFileConstanstsL21ArchitectureAttributeE
__ZN26TargetDeviceFileConstanstsL19ExtensionsAttributeE
__ZN26TargetDeviceFileConstanstsL13ArmMonitorTagE
__ZN26TargetDeviceFileConstanstsL26ArmMonitorAddressAttributeE
__ZN26TargetDeviceFileConstanstsL23ArmMonitorSizeAttributeE
__ZN26TargetDeviceFileConstanstsL23ArmMonitorNameAttributeE
__ZN26TargetDeviceFileConstanstsL24ArmMonitorWriteAttributeE
__ZN26TargetDeviceFileConstanstsL13PartNumberTagE
__ZN26TargetDeviceFileConstanstsL26PartNumberAddressAttributeE
__ZN26TargetDeviceFileConstanstsL24PartNumberDerefAttributeE
__ZN26TargetDeviceFileConstanstsL25PartNumberOffsetAttributeE
__ZN26TargetDeviceFileConstanstsL25PartNumberFormatAttributeE
__ZN26TargetDeviceFileConstanstsL18MonitorRegisterTagE
__ZN26TargetDeviceFileConstanstsL31MonitorRegisterAddressAttributeE
__ZN26TargetDeviceFileConstanstsL28MonitorRegisterSizeAttributeE
__ZN26TargetDeviceFileConstanstsL28MonitorRegisterNameAttributeE
__ZN26TargetDeviceFileConstanstsL28MonitorRegisterMaskAttributeE
__ZN26TargetDeviceFileConstanstsL28MonitorRegisterUnitAttributeE
__ZN26TargetDeviceFileConstanstsL32MonitorRegisterKilobyteUnitValueE
__ZN26TargetDeviceFileConstanstsL22SecureVectorAddressTagE
__ZN26TargetDeviceFileConstanstsL35SecureVectorAddressAddressAttributeE
__ZN26TargetDeviceFileConstanstsL32SecureVectorAddressSizeAttributeE
__ZN26TargetDeviceFileConstanstsL32SecureVectorAddressMaskAttributeE
__ZN26TargetDeviceFileConstanstsL34SecureVectorAddressLockRegisterTagE
__ZN26TargetDeviceFileConstanstsL44SecureVectorAddressLockRegisterNameAttributeE
__ZN26TargetDeviceFileConstanstsL47SecureVectorAddressLockRegisterAddressAttributeE
__ZN26TargetDeviceFileConstanstsL44SecureVectorAddressLockRegisterSizeAttributeE
__ZN26TargetDeviceFileConstanstsL44SecureVectorAddressLockRegisterMaskAttributeE
__ZN26TargetDeviceFileConstanstsL51SecureVectorAddressLockRegisterUnlockValueAttributeE
__ZN26TargetDeviceFileConstanstsL49SecureVectorAddressLockRegisterLockValueAttributeE
__ZN26TargetDeviceFileConstanstsL25NonsecureVectorAddressTagE
__ZN26TargetDeviceFileConstanstsL38NonsecureVectorAddressAddressAttributeE
__ZN26TargetDeviceFileConstanstsL35NonsecureVectorAddressSizeAttributeE
__ZN26TargetDeviceFileConstanstsL35NonsecureVectorAddressMaskAttributeE
__ZN26TargetDeviceFileConstanstsL37NonsecureVectorAddressLockRegisterTagE
__ZN26TargetDeviceFileConstanstsL47NonsecureVectorAddressLockRegisterNameAttributeE
__ZN26TargetDeviceFileConstanstsL50NonsecureVectorAddressLockRegisterAddressAttributeE
__ZN26TargetDeviceFileConstanstsL47NonsecureVectorAddressLockRegisterSizeAttributeE
__ZN26TargetDeviceFileConstanstsL47NonsecureVectorAddressLockRegisterMaskAttributeE
__ZN26TargetDeviceFileConstanstsL54NonsecureVectorAddressLockRegisterUnlockValueAttributeE
__ZN26TargetDeviceFileConstanstsL52NonsecureVectorAddressLockRegisterLockValueAttributeE
__ZN26TargetDeviceFileConstanstsL12TrustZoneTagE
__ZN26TargetDeviceFileConstanstsL16TzStateAttributeE
__ZN26TargetDeviceFileConstanstsL18TzCpuNameAttributeE
__ZN26TargetDeviceFileConstanstsL14IgnoreResetTagE
__ZN26TargetDeviceFileConstanstsL22IgnoreResetPcAttributeE
__ZN26TargetDeviceFileConstanstsL20ResumeBeforeResetTagE
__ZN26TargetDeviceFileConstanstsL10BinPathTagE
__ZN26TargetDeviceFileConstanstsL10DllPathTagE
__ZN26TargetDeviceFileConstanstsL6DllTagE
__ZN26TargetDeviceFileConstanstsL14RFPInformationE
__ZN26TargetDeviceFileConstanstsL19FlashBankAddressTagE
__ZN26TargetDeviceFileConstanstsL29FlashBankAddressNameAttributeE
__ZN26TargetDeviceFileConstanstsL32FlashBankAddressAddressAttributeE
__ZN26TargetDeviceFileConstanstsL18FlashLoaderTypeTagE
__ZN26TargetDeviceFileConstanstsL34FlashLoaderTypeMemoryTypeAttributeE
__ZN26TargetDeviceFileConstanstsL34FlashLoaderTypeLoaderNameAttributeE
__ZN26TargetDeviceFileConstanstsL32ZonedMemoryAccessWhileRunningTagE
__ZN26TargetDeviceFileConstanstsL42ZonedMemoryAccessWhileRunningZoneAttributeE
__ZN26TargetDeviceFileConstanstsL24ZonedAccessWithOffsetTagE
__ZN26TargetDeviceFileConstanstsL42ZonedAccessWithOffsetStartAddressAttributeE
__ZN26TargetDeviceFileConstanstsL40ZonedAccessWithOffsetEndAddressAttributeE
__ZN26TargetDeviceFileConstanstsL37ZonedAccessWithOffsetAddressAttributeE
__ZN26TargetDeviceFileConstanstsL24ArmMulticoreCortexPrefixE
__ZN26TargetDeviceFileConstanstsL36ArmMulticoreCortexPrefixAbbreviationE
__ZN33TargetDeviceListEntryARMConstantsL13CM_ARM_FAMILYE
__ZN33TargetDeviceListEntryARMConstantsL13CM0_ARMFAMILYE
__ZN33TargetDeviceListEntryARMConstantsL18CM0_PLUS_ARMFAMILYE
__ZN33TargetDeviceListEntryARMConstantsL13CM3_ARMFAMILYE
__ZN33TargetDeviceListEntryARMConstantsL13CM4_ARMFAMILYE
__ZN33TargetDeviceListEntryARMConstantsL14CM23_ARMFAMILYE
__ZN33TargetDeviceListEntryARMConstantsL14CM33_ARMFAMILYE
__ZN33TargetDeviceListEntryARMConstantsL14CM55_ARMFAMILYE
__ZN33TargetDeviceListEntryARMConstantsL14CM85_ARMFAMILYE
__ZN33TargetDeviceListEntryARMConstantsL14CA55_ARMFAMILYE
__ZN33TargetDeviceListEntryARMConstantsL12A7_ARMFAMILYE
__ZN33TargetDeviceListEntryARMConstantsL12A9_ARMFAMILYE
__ZN33TargetDeviceListEntryARMConstantsL13A15_ARMFAMILYE
__ZN33TargetDeviceListEntryARMConstantsL12R4_ARMFAMILYE
__ZN33TargetDeviceListEntryARMConstantsL14CR52_ARMFAMILYE
__ZN33TargetDeviceListEntryARMConstantsL13CR8_ARMFAMILYE
__ZN33TargetDeviceListEntryARMConstantsL11CM23_REGSETE
__ZN33TargetDeviceListEntryARMConstantsL20ARMV8M_REGSET_PREFIXE
__ZN33TargetDeviceListEntryARMConstantsL20ARMV8A_REGSET_PREFIXE
__ZN33TargetDeviceListEntryARMConstantsL21FPU_EXT_REGSET_SUFFIXE
__ZN33TargetDeviceListEntryARMConstantsL27TRUSTZONE_EXT_REGSET_SUFFIXE
__ZN33TargetDeviceListEntryARMConstantsL21MVE_EXT_REGSET_SUFFIXE
__ZN33TargetDeviceListEntryARMConstantsL24PACBTI_EXT_REGSET_SUFFIXE
__ZN33TargetDeviceListEntryARMConstantsL20ARMV8M_REGSET_SUFFIXE
__ZN33TargetDeviceListEntryARMConstantsL19armFamilyListARMv6ME
__ZN33TargetDeviceListEntryARMConstantsL19armFamilyListARMv7ME
__ZN33TargetDeviceListEntryARMConstantsL19armFamilyListARMv8ME
__ZN33TargetDeviceListEntryARMConstantsL20armFamilyListARMv81ME
__ZN33TargetDeviceListEntryARMConstantsL19armFamilyListARMv8RE
__ZN33TargetDeviceListEntryARMConstantsL13CM_ARM_FAMILYE
__ZN33TargetDeviceListEntryARMConstantsL13CM0_ARMFAMILYE
__ZN33TargetDeviceListEntryARMConstantsL18CM0_PLUS_ARMFAMILYE
__ZN33TargetDeviceListEntryARMConstantsL13CM3_ARMFAMILYE
__ZN33TargetDeviceListEntryARMConstantsL13CM4_ARMFAMILYE
__ZN33TargetDeviceListEntryARMConstantsL14CM23_ARMFAMILYE
__ZN33TargetDeviceListEntryARMConstantsL14CM33_ARMFAMILYE
__ZN33TargetDeviceListEntryARMConstantsL14CM55_ARMFAMILYE
__ZN33TargetDeviceListEntryARMConstantsL14CM85_ARMFAMILYE
__ZN33TargetDeviceListEntryARMConstantsL14CA55_ARMFAMILYE
__ZN33TargetDeviceListEntryARMConstantsL12A7_ARMFAMILYE
__ZN33TargetDeviceListEntryARMConstantsL12A9_ARMFAMILYE
__ZN33TargetDeviceListEntryARMConstantsL13A15_ARMFAMILYE
__ZN33TargetDeviceListEntryARMConstantsL12R4_ARMFAMILYE
__ZN33TargetDeviceListEntryARMConstantsL14CR52_ARMFAMILYE
__ZN33TargetDeviceListEntryARMConstantsL13CR8_ARMFAMILYE
__ZN33TargetDeviceListEntryARMConstantsL11CM23_REGSETE
__ZN33TargetDeviceListEntryARMConstantsL20ARMV8M_REGSET_PREFIXE
__ZN33TargetDeviceListEntryARMConstantsL20ARMV8A_REGSET_PREFIXE
__ZN33TargetDeviceListEntryARMConstantsL21FPU_EXT_REGSET_SUFFIXE
__ZN33TargetDeviceListEntryARMConstantsL27TRUSTZONE_EXT_REGSET_SUFFIXE
__ZN33TargetDeviceListEntryARMConstantsL21MVE_EXT_REGSET_SUFFIXE
__ZN33TargetDeviceListEntryARMConstantsL24PACBTI_EXT_REGSET_SUFFIXE
__ZN33TargetDeviceListEntryARMConstantsL20ARMV8M_REGSET_SUFFIXE
__ZN33TargetDeviceListEntryARMConstantsL19armFamilyListARMv6ME
__ZN33TargetDeviceListEntryARMConstantsL19armFamilyListARMv7ME
__ZN33TargetDeviceListEntryARMConstantsL19armFamilyListARMv8ME
__ZN33TargetDeviceListEntryARMConstantsL20armFamilyListARMv81ME
__ZN33TargetDeviceListEntryARMConstantsL19armFamilyListARMv8RE
__ZN33TargetDeviceListEntryARMConstantsL13CM_ARM_FAMILYE
__ZN33TargetDeviceListEntryARMConstantsL13CM0_ARMFAMILYE
__ZN33TargetDeviceListEntryARMConstantsL18CM0_PLUS_ARMFAMILYE
__ZN33TargetDeviceListEntryARMConstantsL13CM3_ARMFAMILYE
__ZN33TargetDeviceListEntryARMConstantsL13CM4_ARMFAMILYE
__ZN33TargetDeviceListEntryARMConstantsL14CM23_ARMFAMILYE
__ZN33TargetDeviceListEntryARMConstantsL14CM33_ARMFAMILYE
__ZN33TargetDeviceListEntryARMConstantsL14CM55_ARMFAMILYE
__ZN33TargetDeviceListEntryARMConstantsL14CM85_ARMFAMILYE
__ZN33TargetDeviceListEntryARMConstantsL14CA55_ARMFAMILYE
__ZN33TargetDeviceListEntryARMConstantsL12A7_ARMFAMILYE
__ZN33TargetDeviceListEntryARMConstantsL12A9_ARMFAMILYE
__ZN33TargetDeviceListEntryARMConstantsL13A15_ARMFAMILYE
__ZN33TargetDeviceListEntryARMConstantsL12R4_ARMFAMILYE
__ZN33TargetDeviceListEntryARMConstantsL14CR52_ARMFAMILYE
__ZN33TargetDeviceListEntryARMConstantsL13CR8_ARMFAMILYE
__ZN33TargetDeviceListEntryARMConstantsL11CM23_REGSETE
__ZN33TargetDeviceListEntryARMConstantsL20ARMV8M_REGSET_PREFIXE
__ZN33TargetDeviceListEntryARMConstantsL20ARMV8A_REGSET_PREFIXE
__ZN33TargetDeviceListEntryARMConstantsL21FPU_EXT_REGSET_SUFFIXE
__ZN33TargetDeviceListEntryARMConstantsL27TRUSTZONE_EXT_REGSET_SUFFIXE
__ZN33TargetDeviceListEntryARMConstantsL21MVE_EXT_REGSET_SUFFIXE
__ZN33TargetDeviceListEntryARMConstantsL24PACBTI_EXT_REGSET_SUFFIXE
__ZN33TargetDeviceListEntryARMConstantsL20ARMV8M_REGSET_SUFFIXE
__ZN33TargetDeviceListEntryARMConstantsL19armFamilyListARMv6ME
__ZN33TargetDeviceListEntryARMConstantsL19armFamilyListARMv7ME
__ZN33TargetDeviceListEntryARMConstantsL19armFamilyListARMv8ME
__ZN33TargetDeviceListEntryARMConstantsL20armFamilyListARMv81ME
__ZN33TargetDeviceListEntryARMConstantsL19armFamilyListARMv8RE
__ZN33TargetDeviceListEntryARMConstantsL13CM_ARM_FAMILYE
__ZN33TargetDeviceListEntryARMConstantsL13CM0_ARMFAMILYE
__ZN33TargetDeviceListEntryARMConstantsL18CM0_PLUS_ARMFAMILYE
__ZN33TargetDeviceListEntryARMConstantsL13CM3_ARMFAMILYE
__ZN33TargetDeviceListEntryARMConstantsL13CM4_ARMFAMILYE
__ZN33TargetDeviceListEntryARMConstantsL14CM23_ARMFAMILYE
__ZN33TargetDeviceListEntryARMConstantsL14CM33_ARMFAMILYE
__ZN33TargetDeviceListEntryARMConstantsL14CM55_ARMFAMILYE
__ZN33TargetDeviceListEntryARMConstantsL14CM85_ARMFAMILYE
__ZN33TargetDeviceListEntryARMConstantsL14CA55_ARMFAMILYE
__ZN33TargetDeviceListEntryARMConstantsL12A7_ARMFAMILYE
__ZN33TargetDeviceListEntryARMConstantsL12A9_ARMFAMILYE
__ZN33TargetDeviceListEntryARMConstantsL13A15_ARMFAMILYE
__ZN33TargetDeviceListEntryARMConstantsL12R4_ARMFAMILYE
__ZN33TargetDeviceListEntryARMConstantsL14CR52_ARMFAMILYE
__ZN33TargetDeviceListEntryARMConstantsL13CR8_ARMFAMILYE
__ZN33TargetDeviceListEntryARMConstantsL11CM23_REGSETE
__ZN33TargetDeviceListEntryARMConstantsL20ARMV8M_REGSET_PREFIXE
__ZN33TargetDeviceListEntryARMConstantsL20ARMV8A_REGSET_PREFIXE
__ZN33TargetDeviceListEntryARMConstantsL21FPU_EXT_REGSET_SUFFIXE
__ZN33TargetDeviceListEntryARMConstantsL27TRUSTZONE_EXT_REGSET_SUFFIXE
__ZN33TargetDeviceListEntryARMConstantsL21MVE_EXT_REGSET_SUFFIXE
__ZN33TargetDeviceListEntryARMConstantsL24PACBTI_EXT_REGSET_SUFFIXE
__ZN33TargetDeviceListEntryARMConstantsL20ARMV8M_REGSET_SUFFIXE
__ZN33TargetDeviceListEntryARMConstantsL19armFamilyListARMv6ME
__ZN33TargetDeviceListEntryARMConstantsL19armFamilyListARMv7ME
__ZN33TargetDeviceListEntryARMConstantsL19armFamilyListARMv8ME
__ZN33TargetDeviceListEntryARMConstantsL20armFamilyListARMv81ME
__ZN33TargetDeviceListEntryARMConstantsL19armFamilyListARMv8RE
__ZN33TargetDeviceListEntryARMConstantsL13CM_ARM_FAMILYE
__ZN33TargetDeviceListEntryARMConstantsL13CM0_ARMFAMILYE
__ZN33TargetDeviceListEntryARMConstantsL18CM0_PLUS_ARMFAMILYE
__ZN33TargetDeviceListEntryARMConstantsL13CM3_ARMFAMILYE
__ZN33TargetDeviceListEntryARMConstantsL13CM4_ARMFAMILYE
__ZN33TargetDeviceListEntryARMConstantsL14CM23_ARMFAMILYE
__ZN33TargetDeviceListEntryARMConstantsL14CM33_ARMFAMILYE
__ZN33TargetDeviceListEntryARMConstantsL14CM55_ARMFAMILYE
__ZN33TargetDeviceListEntryARMConstantsL14CM85_ARMFAMILYE
__ZN33TargetDeviceListEntryARMConstantsL14CA55_ARMFAMILYE
__ZN33TargetDeviceListEntryARMConstantsL12A7_ARMFAMILYE
__ZN33TargetDeviceListEntryARMConstantsL12A9_ARMFAMILYE
__ZN33TargetDeviceListEntryARMConstantsL13A15_ARMFAMILYE
__ZN33TargetDeviceListEntryARMConstantsL12R4_ARMFAMILYE
__ZN33TargetDeviceListEntryARMConstantsL14CR52_ARMFAMILYE
__ZN33TargetDeviceListEntryARMConstantsL13CR8_ARMFAMILYE
__ZN33TargetDeviceListEntryARMConstantsL11CM23_REGSETE
__ZN33TargetDeviceListEntryARMConstantsL20ARMV8M_REGSET_PREFIXE
__ZN33TargetDeviceListEntryARMConstantsL20ARMV8A_REGSET_PREFIXE
__ZN33TargetDeviceListEntryARMConstantsL21FPU_EXT_REGSET_SUFFIXE
__ZN33TargetDeviceListEntryARMConstantsL27TRUSTZONE_EXT_REGSET_SUFFIXE
__ZN33TargetDeviceListEntryARMConstantsL21MVE_EXT_REGSET_SUFFIXE
__ZN33TargetDeviceListEntryARMConstantsL24PACBTI_EXT_REGSET_SUFFIXE
__ZN33TargetDeviceListEntryARMConstantsL20ARMV8M_REGSET_SUFFIXE
__ZN33TargetDeviceListEntryARMConstantsL19armFamilyListARMv6ME
__ZN33TargetDeviceListEntryARMConstantsL19armFamilyListARMv7ME
__ZN33TargetDeviceListEntryARMConstantsL19armFamilyListARMv8ME
__ZN33TargetDeviceListEntryARMConstantsL20armFamilyListARMv81ME
__ZN33TargetDeviceListEntryARMConstantsL19armFamilyListARMv8RE
__ZN33TargetDeviceListEntryARMConstantsL13CM_ARM_FAMILYE
__ZN33TargetDeviceListEntryARMConstantsL13CM0_ARMFAMILYE
__ZN33TargetDeviceListEntryARMConstantsL18CM0_PLUS_ARMFAMILYE
__ZN33TargetDeviceListEntryARMConstantsL13CM3_ARMFAMILYE
__ZN33TargetDeviceListEntryARMConstantsL13CM4_ARMFAMILYE
__ZN33TargetDeviceListEntryARMConstantsL14CM23_ARMFAMILYE
__ZN33TargetDeviceListEntryARMConstantsL14CM33_ARMFAMILYE
__ZN33TargetDeviceListEntryARMConstantsL14CM55_ARMFAMILYE
__ZN33TargetDeviceListEntryARMConstantsL14CM85_ARMFAMILYE
__ZN33TargetDeviceListEntryARMConstantsL14CA55_ARMFAMILYE
__ZN33TargetDeviceListEntryARMConstantsL12A7_ARMFAMILYE
__ZN33TargetDeviceListEntryARMConstantsL12A9_ARMFAMILYE
__ZN33TargetDeviceListEntryARMConstantsL13A15_ARMFAMILYE
__ZN33TargetDeviceListEntryARMConstantsL12R4_ARMFAMILYE
__ZN33TargetDeviceListEntryARMConstantsL14CR52_ARMFAMILYE
__ZN33TargetDeviceListEntryARMConstantsL13CR8_ARMFAMILYE
__ZN33TargetDeviceListEntryARMConstantsL11CM23_REGSETE
__ZN33TargetDeviceListEntryARMConstantsL20ARMV8M_REGSET_PREFIXE
__ZN33TargetDeviceListEntryARMConstantsL20ARMV8A_REGSET_PREFIXE
__ZN33TargetDeviceListEntryARMConstantsL21FPU_EXT_REGSET_SUFFIXE
__ZN33TargetDeviceListEntryARMConstantsL27TRUSTZONE_EXT_REGSET_SUFFIXE
__ZN33TargetDeviceListEntryARMConstantsL21MVE_EXT_REGSET_SUFFIXE
__ZN33TargetDeviceListEntryARMConstantsL24PACBTI_EXT_REGSET_SUFFIXE
__ZN33TargetDeviceListEntryARMConstantsL20ARMV8M_REGSET_SUFFIXE
__ZN33TargetDeviceListEntryARMConstantsL19armFamilyListARMv6ME
__ZN33TargetDeviceListEntryARMConstantsL19armFamilyListARMv7ME
__ZN33TargetDeviceListEntryARMConstantsL19armFamilyListARMv8ME
__ZN33TargetDeviceListEntryARMConstantsL20armFamilyListARMv81ME
__ZN33TargetDeviceListEntryARMConstantsL19armFamilyListARMv8RE
__ZN33TargetDeviceListEntryARMConstantsL13CM_ARM_FAMILYE
__ZN33TargetDeviceListEntryARMConstantsL13CM0_ARMFAMILYE
__ZN33TargetDeviceListEntryARMConstantsL18CM0_PLUS_ARMFAMILYE
__ZN33TargetDeviceListEntryARMConstantsL13CM3_ARMFAMILYE
__ZN33TargetDeviceListEntryARMConstantsL13CM4_ARMFAMILYE
__ZN33TargetDeviceListEntryARMConstantsL14CM23_ARMFAMILYE
__ZN33TargetDeviceListEntryARMConstantsL14CM33_ARMFAMILYE
__ZN33TargetDeviceListEntryARMConstantsL14CM55_ARMFAMILYE
__ZN33TargetDeviceListEntryARMConstantsL14CM85_ARMFAMILYE
__ZN33TargetDeviceListEntryARMConstantsL14CA55_ARMFAMILYE
__ZN33TargetDeviceListEntryARMConstantsL12A7_ARMFAMILYE
__ZN33TargetDeviceListEntryARMConstantsL12A9_ARMFAMILYE
__ZN33TargetDeviceListEntryARMConstantsL13A15_ARMFAMILYE
__ZN33TargetDeviceListEntryARMConstantsL12R4_ARMFAMILYE
__ZN33TargetDeviceListEntryARMConstantsL14CR52_ARMFAMILYE
__ZN33TargetDeviceListEntryARMConstantsL13CR8_ARMFAMILYE
__ZN33TargetDeviceListEntryARMConstantsL11CM23_REGSETE
__ZN33TargetDeviceListEntryARMConstantsL20ARMV8M_REGSET_PREFIXE
__ZN33TargetDeviceListEntryARMConstantsL20ARMV8A_REGSET_PREFIXE
__ZN33TargetDeviceListEntryARMConstantsL21FPU_EXT_REGSET_SUFFIXE
__ZN33TargetDeviceListEntryARMConstantsL27TRUSTZONE_EXT_REGSET_SUFFIXE
__ZN33TargetDeviceListEntryARMConstantsL21MVE_EXT_REGSET_SUFFIXE
__ZN33TargetDeviceListEntryARMConstantsL24PACBTI_EXT_REGSET_SUFFIXE
__ZN33TargetDeviceListEntryARMConstantsL20ARMV8M_REGSET_SUFFIXE
__ZN33TargetDeviceListEntryARMConstantsL19armFamilyListARMv6ME
__ZN33TargetDeviceListEntryARMConstantsL19armFamilyListARMv7ME
__ZN33TargetDeviceListEntryARMConstantsL19armFamilyListARMv8ME
__ZN33TargetDeviceListEntryARMConstantsL20armFamilyListARMv81ME
__ZN33TargetDeviceListEntryARMConstantsL19armFamilyListARMv8RE
__ZZN22E1RxTargetDeviceMC_CPU9displayPCEvE5Time1
__ZZN22E1RxTargetDeviceMC_CPU9displayPCEvE5Time2
__ZZ29JLINKARM_RX_EMU_GetNumDevicesE5pFunc
__ZZN14RxTargetDevice12handle_errorEPcE13bMsgDisplayed
__ZN26TargetDeviceFileConstanstsL13DeviceListTagE
__ZN26TargetDeviceFileConstanstsL9DeviceTagE
__ZN26TargetDeviceFileConstanstsL17DeviceFileInfoTagE
__ZN26TargetDeviceFileConstanstsL16CpuNameAttributeE
__ZN26TargetDeviceFileConstanstsL9headerTagE
__ZN26TargetDeviceFileConstanstsL16headerSupportTagE
__ZN26TargetDeviceFileConstanstsL18headerGeneratedTagE
__ZN26TargetDeviceFileConstanstsL16headerToolVerTagE
__ZN26TargetDeviceFileConstanstsL15McuFilesPathTagE
__ZN26TargetDeviceFileConstanstsL16McuFileAttributeE
__ZN26TargetDeviceFileConstanstsL7PathTagE
__ZN26TargetDeviceFileConstanstsL11FileNameTagE
__ZN26TargetDeviceFileConstanstsL17DriverFileNameTagE
__ZN26TargetDeviceFileConstanstsL9TargetTagE
__ZN26TargetDeviceFileConstanstsL8CoresTagE
__ZN26TargetDeviceFileConstanstsL7CoreTagE
__ZN26TargetDeviceFileConstanstsL19CoreNumberAttributeE
__ZN26TargetDeviceFileConstanstsL17CoreNameAttributeE
__ZN26TargetDeviceFileConstanstsL18CoreDebugAttributeE
__ZN26TargetDeviceFileConstanstsL16CoreCTIAttributeE
__ZN26TargetDeviceFileConstanstsL16CoreEXEAttributeE
__ZN26TargetDeviceFileConstanstsL16CoreOCVAttributeE
__ZN26TargetDeviceFileConstanstsL14GroupAttributeE
__ZN26TargetDeviceFileConstanstsL19Attribute1AttributeE
__ZN26TargetDeviceFileConstanstsL13NameAttributeE
__ZN26TargetDeviceFileConstanstsL13TypeAttributeE
__ZN26TargetDeviceFileConstanstsL15ExecIdAttributeE
__ZN26TargetDeviceFileConstanstsL20DvfFileNameAttributeE
__ZN26TargetDeviceFileConstanstsL21DdfxFileNameAttributeE
__ZN26TargetDeviceFileConstanstsL41IsRHG4ResponseDataVariableLengthAttributeE
__ZN26TargetDeviceFileConstanstsL10DvfPathTagE
__ZN26TargetDeviceFileConstanstsL11DdfxPathTagE
__ZN26TargetDeviceFileConstanstsL12MultiCoreTagE
__ZN26TargetDeviceFileConstanstsL19DeviceAttributesTagE
__ZN26TargetDeviceFileConstanstsL14DifferentFWTagE
__ZN26TargetDeviceFileConstanstsL22ShaderR4R5SupportedTagE
__ZN26TargetDeviceFileConstanstsL18ShaderLWMStrideTagE
__ZN26TargetDeviceFileConstanstsL24ShaderLWMStrideLengthTagE
__ZN26TargetDeviceFileConstanstsL28ShaderScratchpadCommonEndTagE
__ZN26TargetDeviceFileConstanstsL31ShaderScratchpadNonCommonEndTagE
__ZN26TargetDeviceFileConstanstsL26BusMonitorQOSRecordSizeTagE
__ZN26TargetDeviceFileConstanstsL28BusMonitorDBSC4RecordSizeTagE
__ZN26TargetDeviceFileConstanstsL18InitHSSTPScriptTagE
__ZN26TargetDeviceFileConstanstsL21PreInitHSSTPScriptTagE
__ZN26TargetDeviceFileConstanstsL18ArmFamilyAttributeE
__ZN26TargetDeviceFileConstanstsL15ArmFpuAttributeE
__ZN26TargetDeviceFileConstanstsL21ArmTrustZoneAttributeE
__ZN26TargetDeviceFileConstanstsL15ArmMveAttributeE
__ZN26TargetDeviceFileConstanstsL18ArmPacbtiAttributeE
__ZN26TargetDeviceFileConstanstsL20ArmJtagBootAttributeE
__ZN26TargetDeviceFileConstanstsL23ArmComportBootAttributeE
__ZN26TargetDeviceFileConstanstsL16ArmNeonAttributeE
__ZN26TargetDeviceFileConstanstsL15RegSetAttributeE
__ZN26TargetDeviceFileConstanstsL15ScriptAttributeE
__ZN26TargetDeviceFileConstanstsL11PCAttributeE
__ZN26TargetDeviceFileConstanstsL21ArchitectureAttributeE
__ZN26TargetDeviceFileConstanstsL19ExtensionsAttributeE
__ZN26TargetDeviceFileConstanstsL13ArmMonitorTagE
__ZN26TargetDeviceFileConstanstsL26ArmMonitorAddressAttributeE
__ZN26TargetDeviceFileConstanstsL23ArmMonitorSizeAttributeE
__ZN26TargetDeviceFileConstanstsL23ArmMonitorNameAttributeE
__ZN26TargetDeviceFileConstanstsL24ArmMonitorWriteAttributeE
__ZN26TargetDeviceFileConstanstsL13PartNumberTagE
__ZN26TargetDeviceFileConstanstsL26PartNumberAddressAttributeE
__ZN26TargetDeviceFileConstanstsL24PartNumberDerefAttributeE
__ZN26TargetDeviceFileConstanstsL25PartNumberOffsetAttributeE
__ZN26TargetDeviceFileConstanstsL25PartNumberFormatAttributeE
__ZN26TargetDeviceFileConstanstsL18MonitorRegisterTagE
__ZN26TargetDeviceFileConstanstsL31MonitorRegisterAddressAttributeE
__ZN26TargetDeviceFileConstanstsL28MonitorRegisterSizeAttributeE
__ZN26TargetDeviceFileConstanstsL28MonitorRegisterNameAttributeE
__ZN26TargetDeviceFileConstanstsL28MonitorRegisterMaskAttributeE
__ZN26TargetDeviceFileConstanstsL28MonitorRegisterUnitAttributeE
__ZN26TargetDeviceFileConstanstsL32MonitorRegisterKilobyteUnitValueE
__ZN26TargetDeviceFileConstanstsL22SecureVectorAddressTagE
__ZN26TargetDeviceFileConstanstsL35SecureVectorAddressAddressAttributeE
__ZN26TargetDeviceFileConstanstsL32SecureVectorAddressSizeAttributeE
__ZN26TargetDeviceFileConstanstsL32SecureVectorAddressMaskAttributeE
__ZN26TargetDeviceFileConstanstsL34SecureVectorAddressLockRegisterTagE
__ZN26TargetDeviceFileConstanstsL44SecureVectorAddressLockRegisterNameAttributeE
__ZN26TargetDeviceFileConstanstsL47SecureVectorAddressLockRegisterAddressAttributeE
__ZN26TargetDeviceFileConstanstsL44SecureVectorAddressLockRegisterSizeAttributeE
__ZN26TargetDeviceFileConstanstsL44SecureVectorAddressLockRegisterMaskAttributeE
__ZN26TargetDeviceFileConstanstsL51SecureVectorAddressLockRegisterUnlockValueAttributeE
__ZN26TargetDeviceFileConstanstsL49SecureVectorAddressLockRegisterLockValueAttributeE
__ZN26TargetDeviceFileConstanstsL25NonsecureVectorAddressTagE
__ZN26TargetDeviceFileConstanstsL38NonsecureVectorAddressAddressAttributeE
__ZN26TargetDeviceFileConstanstsL35NonsecureVectorAddressSizeAttributeE
__ZN26TargetDeviceFileConstanstsL35NonsecureVectorAddressMaskAttributeE
__ZN26TargetDeviceFileConstanstsL37NonsecureVectorAddressLockRegisterTagE
__ZN26TargetDeviceFileConstanstsL47NonsecureVectorAddressLockRegisterNameAttributeE
__ZN26TargetDeviceFileConstanstsL50NonsecureVectorAddressLockRegisterAddressAttributeE
__ZN26TargetDeviceFileConstanstsL47NonsecureVectorAddressLockRegisterSizeAttributeE
__ZN26TargetDeviceFileConstanstsL47NonsecureVectorAddressLockRegisterMaskAttributeE
__ZN26TargetDeviceFileConstanstsL54NonsecureVectorAddressLockRegisterUnlockValueAttributeE
__ZN26TargetDeviceFileConstanstsL52NonsecureVectorAddressLockRegisterLockValueAttributeE
__ZN26TargetDeviceFileConstanstsL12TrustZoneTagE
__ZN26TargetDeviceFileConstanstsL16TzStateAttributeE
__ZN26TargetDeviceFileConstanstsL18TzCpuNameAttributeE
__ZN26TargetDeviceFileConstanstsL14IgnoreResetTagE
__ZN26TargetDeviceFileConstanstsL22IgnoreResetPcAttributeE
__ZN26TargetDeviceFileConstanstsL20ResumeBeforeResetTagE
__ZN26TargetDeviceFileConstanstsL10BinPathTagE
__ZN26TargetDeviceFileConstanstsL10DllPathTagE
__ZN26TargetDeviceFileConstanstsL6DllTagE
__ZN26TargetDeviceFileConstanstsL14RFPInformationE
__ZN26TargetDeviceFileConstanstsL19FlashBankAddressTagE
__ZN26TargetDeviceFileConstanstsL29FlashBankAddressNameAttributeE
__ZN26TargetDeviceFileConstanstsL32FlashBankAddressAddressAttributeE
__ZN26TargetDeviceFileConstanstsL18FlashLoaderTypeTagE
__ZN26TargetDeviceFileConstanstsL34FlashLoaderTypeMemoryTypeAttributeE
__ZN26TargetDeviceFileConstanstsL34FlashLoaderTypeLoaderNameAttributeE
__ZN26TargetDeviceFileConstanstsL32ZonedMemoryAccessWhileRunningTagE
__ZN26TargetDeviceFileConstanstsL42ZonedMemoryAccessWhileRunningZoneAttributeE
__ZN26TargetDeviceFileConstanstsL24ZonedAccessWithOffsetTagE
__ZN26TargetDeviceFileConstanstsL42ZonedAccessWithOffsetStartAddressAttributeE
__ZN26TargetDeviceFileConstanstsL40ZonedAccessWithOffsetEndAddressAttributeE
__ZN26TargetDeviceFileConstanstsL37ZonedAccessWithOffsetAddressAttributeE
__ZN26TargetDeviceFileConstanstsL24ArmMulticoreCortexPrefixE
__ZN26TargetDeviceFileConstanstsL36ArmMulticoreCortexPrefixAbbreviationE
__ZZN19T32TargetDeviceCore15launchPowerViewEvE6exeExt
__ZGVZN19T32TargetDeviceCore15launchPowerViewEvE6exeExt
__ZN26TargetDeviceFileConstanstsL13DeviceListTagE
__ZN26TargetDeviceFileConstanstsL9DeviceTagE
__ZN26TargetDeviceFileConstanstsL17DeviceFileInfoTagE
__ZN26TargetDeviceFileConstanstsL16CpuNameAttributeE
__ZN26TargetDeviceFileConstanstsL9headerTagE
__ZN26TargetDeviceFileConstanstsL16headerSupportTagE
__ZN26TargetDeviceFileConstanstsL18headerGeneratedTagE
__ZN26TargetDeviceFileConstanstsL16headerToolVerTagE
__ZN26TargetDeviceFileConstanstsL15McuFilesPathTagE
__ZN26TargetDeviceFileConstanstsL16McuFileAttributeE
__ZN26TargetDeviceFileConstanstsL7PathTagE
__ZN26TargetDeviceFileConstanstsL11FileNameTagE
__ZN26TargetDeviceFileConstanstsL17DriverFileNameTagE
__ZN26TargetDeviceFileConstanstsL9TargetTagE
__ZN26TargetDeviceFileConstanstsL8CoresTagE
__ZN26TargetDeviceFileConstanstsL7CoreTagE
__ZN26TargetDeviceFileConstanstsL19CoreNumberAttributeE
__ZN26TargetDeviceFileConstanstsL17CoreNameAttributeE
__ZN26TargetDeviceFileConstanstsL18CoreDebugAttributeE
__ZN26TargetDeviceFileConstanstsL16CoreCTIAttributeE
__ZN26TargetDeviceFileConstanstsL16CoreEXEAttributeE
__ZN26TargetDeviceFileConstanstsL16CoreOCVAttributeE
__ZN26TargetDeviceFileConstanstsL14GroupAttributeE
__ZN26TargetDeviceFileConstanstsL19Attribute1AttributeE
__ZN26TargetDeviceFileConstanstsL13NameAttributeE
__ZN26TargetDeviceFileConstanstsL13TypeAttributeE
__ZN26TargetDeviceFileConstanstsL15ExecIdAttributeE
__ZN26TargetDeviceFileConstanstsL20DvfFileNameAttributeE
__ZN26TargetDeviceFileConstanstsL21DdfxFileNameAttributeE
__ZN26TargetDeviceFileConstanstsL41IsRHG4ResponseDataVariableLengthAttributeE
__ZN26TargetDeviceFileConstanstsL10DvfPathTagE
__ZN26TargetDeviceFileConstanstsL11DdfxPathTagE
__ZN26TargetDeviceFileConstanstsL12MultiCoreTagE
__ZN26TargetDeviceFileConstanstsL19DeviceAttributesTagE
__ZN26TargetDeviceFileConstanstsL14DifferentFWTagE
__ZN26TargetDeviceFileConstanstsL22ShaderR4R5SupportedTagE
__ZN26TargetDeviceFileConstanstsL18ShaderLWMStrideTagE
__ZN26TargetDeviceFileConstanstsL24ShaderLWMStrideLengthTagE
__ZN26TargetDeviceFileConstanstsL28ShaderScratchpadCommonEndTagE
__ZN26TargetDeviceFileConstanstsL31ShaderScratchpadNonCommonEndTagE
__ZN26TargetDeviceFileConstanstsL26BusMonitorQOSRecordSizeTagE
__ZN26TargetDeviceFileConstanstsL28BusMonitorDBSC4RecordSizeTagE
__ZN26TargetDeviceFileConstanstsL18InitHSSTPScriptTagE
__ZN26TargetDeviceFileConstanstsL21PreInitHSSTPScriptTagE
__ZN26TargetDeviceFileConstanstsL18ArmFamilyAttributeE
__ZN26TargetDeviceFileConstanstsL15ArmFpuAttributeE
__ZN26TargetDeviceFileConstanstsL21ArmTrustZoneAttributeE
__ZN26TargetDeviceFileConstanstsL15ArmMveAttributeE
__ZN26TargetDeviceFileConstanstsL18ArmPacbtiAttributeE
__ZN26TargetDeviceFileConstanstsL20ArmJtagBootAttributeE
__ZN26TargetDeviceFileConstanstsL23ArmComportBootAttributeE
__ZN26TargetDeviceFileConstanstsL16ArmNeonAttributeE
__ZN26TargetDeviceFileConstanstsL15RegSetAttributeE
__ZN26TargetDeviceFileConstanstsL15ScriptAttributeE
__ZN26TargetDeviceFileConstanstsL11PCAttributeE
__ZN26TargetDeviceFileConstanstsL21ArchitectureAttributeE
__ZN26TargetDeviceFileConstanstsL19ExtensionsAttributeE
__ZN26TargetDeviceFileConstanstsL13ArmMonitorTagE
__ZN26TargetDeviceFileConstanstsL26ArmMonitorAddressAttributeE
__ZN26TargetDeviceFileConstanstsL23ArmMonitorSizeAttributeE
__ZN26TargetDeviceFileConstanstsL23ArmMonitorNameAttributeE
__ZN26TargetDeviceFileConstanstsL24ArmMonitorWriteAttributeE
__ZN26TargetDeviceFileConstanstsL13PartNumberTagE
__ZN26TargetDeviceFileConstanstsL26PartNumberAddressAttributeE
__ZN26TargetDeviceFileConstanstsL24PartNumberDerefAttributeE
__ZN26TargetDeviceFileConstanstsL25PartNumberOffsetAttributeE
__ZN26TargetDeviceFileConstanstsL25PartNumberFormatAttributeE
__ZN26TargetDeviceFileConstanstsL18MonitorRegisterTagE
__ZN26TargetDeviceFileConstanstsL31MonitorRegisterAddressAttributeE
__ZN26TargetDeviceFileConstanstsL28MonitorRegisterSizeAttributeE
__ZN26TargetDeviceFileConstanstsL28MonitorRegisterNameAttributeE
__ZN26TargetDeviceFileConstanstsL28MonitorRegisterMaskAttributeE
__ZN26TargetDeviceFileConstanstsL28MonitorRegisterUnitAttributeE
__ZN26TargetDeviceFileConstanstsL32MonitorRegisterKilobyteUnitValueE
__ZN26TargetDeviceFileConstanstsL22SecureVectorAddressTagE
__ZN26TargetDeviceFileConstanstsL35SecureVectorAddressAddressAttributeE
__ZN26TargetDeviceFileConstanstsL32SecureVectorAddressSizeAttributeE
__ZN26TargetDeviceFileConstanstsL32SecureVectorAddressMaskAttributeE
__ZN26TargetDeviceFileConstanstsL34SecureVectorAddressLockRegisterTagE
__ZN26TargetDeviceFileConstanstsL44SecureVectorAddressLockRegisterNameAttributeE
__ZN26TargetDeviceFileConstanstsL47SecureVectorAddressLockRegisterAddressAttributeE
__ZN26TargetDeviceFileConstanstsL44SecureVectorAddressLockRegisterSizeAttributeE
__ZN26TargetDeviceFileConstanstsL44SecureVectorAddressLockRegisterMaskAttributeE
__ZN26TargetDeviceFileConstanstsL51SecureVectorAddressLockRegisterUnlockValueAttributeE
__ZN26TargetDeviceFileConstanstsL49SecureVectorAddressLockRegisterLockValueAttributeE
__ZN26TargetDeviceFileConstanstsL25NonsecureVectorAddressTagE
__ZN26TargetDeviceFileConstanstsL38NonsecureVectorAddressAddressAttributeE
__ZN26TargetDeviceFileConstanstsL35NonsecureVectorAddressSizeAttributeE
__ZN26TargetDeviceFileConstanstsL35NonsecureVectorAddressMaskAttributeE
__ZN26TargetDeviceFileConstanstsL37NonsecureVectorAddressLockRegisterTagE
__ZN26TargetDeviceFileConstanstsL47NonsecureVectorAddressLockRegisterNameAttributeE
__ZN26TargetDeviceFileConstanstsL50NonsecureVectorAddressLockRegisterAddressAttributeE
__ZN26TargetDeviceFileConstanstsL47NonsecureVectorAddressLockRegisterSizeAttributeE
__ZN26TargetDeviceFileConstanstsL47NonsecureVectorAddressLockRegisterMaskAttributeE
__ZN26TargetDeviceFileConstanstsL54NonsecureVectorAddressLockRegisterUnlockValueAttributeE
__ZN26TargetDeviceFileConstanstsL52NonsecureVectorAddressLockRegisterLockValueAttributeE
__ZN26TargetDeviceFileConstanstsL12TrustZoneTagE
__ZN26TargetDeviceFileConstanstsL16TzStateAttributeE
__ZN26TargetDeviceFileConstanstsL18TzCpuNameAttributeE
__ZN26TargetDeviceFileConstanstsL14IgnoreResetTagE
__ZN26TargetDeviceFileConstanstsL22IgnoreResetPcAttributeE
__ZN26TargetDeviceFileConstanstsL20ResumeBeforeResetTagE
__ZN26TargetDeviceFileConstanstsL10BinPathTagE
__ZN26TargetDeviceFileConstanstsL10DllPathTagE
__ZN26TargetDeviceFileConstanstsL6DllTagE
__ZN26TargetDeviceFileConstanstsL14RFPInformationE
__ZN26TargetDeviceFileConstanstsL19FlashBankAddressTagE
__ZN26TargetDeviceFileConstanstsL29FlashBankAddressNameAttributeE
__ZN26TargetDeviceFileConstanstsL32FlashBankAddressAddressAttributeE
__ZN26TargetDeviceFileConstanstsL18FlashLoaderTypeTagE
__ZN26TargetDeviceFileConstanstsL34FlashLoaderTypeMemoryTypeAttributeE
__ZN26TargetDeviceFileConstanstsL34FlashLoaderTypeLoaderNameAttributeE
__ZN26TargetDeviceFileConstanstsL32ZonedMemoryAccessWhileRunningTagE
__ZN26TargetDeviceFileConstanstsL42ZonedMemoryAccessWhileRunningZoneAttributeE
__ZN26TargetDeviceFileConstanstsL24ZonedAccessWithOffsetTagE
__ZN26TargetDeviceFileConstanstsL42ZonedAccessWithOffsetStartAddressAttributeE
__ZN26TargetDeviceFileConstanstsL40ZonedAccessWithOffsetEndAddressAttributeE
__ZN26TargetDeviceFileConstanstsL37ZonedAccessWithOffsetAddressAttributeE
__ZN26TargetDeviceFileConstanstsL24ArmMulticoreCortexPrefixE
__ZN26TargetDeviceFileConstanstsL36ArmMulticoreCortexPrefixAbbreviationE
__ZN26TargetDeviceFileConstanstsL13DeviceListTagE
__ZN26TargetDeviceFileConstanstsL9DeviceTagE
__ZN26TargetDeviceFileConstanstsL17DeviceFileInfoTagE
__ZN26TargetDeviceFileConstanstsL16CpuNameAttributeE
__ZN26TargetDeviceFileConstanstsL9headerTagE
__ZN26TargetDeviceFileConstanstsL16headerSupportTagE
__ZN26TargetDeviceFileConstanstsL18headerGeneratedTagE
__ZN26TargetDeviceFileConstanstsL16headerToolVerTagE
__ZN26TargetDeviceFileConstanstsL15McuFilesPathTagE
__ZN26TargetDeviceFileConstanstsL16McuFileAttributeE
__ZN26TargetDeviceFileConstanstsL7PathTagE
__ZN26TargetDeviceFileConstanstsL11FileNameTagE
__ZN26TargetDeviceFileConstanstsL17DriverFileNameTagE
__ZN26TargetDeviceFileConstanstsL9TargetTagE
__ZN26TargetDeviceFileConstanstsL8CoresTagE
__ZN26TargetDeviceFileConstanstsL7CoreTagE
__ZN26TargetDeviceFileConstanstsL19CoreNumberAttributeE
__ZN26TargetDeviceFileConstanstsL17CoreNameAttributeE
__ZN26TargetDeviceFileConstanstsL18CoreDebugAttributeE
__ZN26TargetDeviceFileConstanstsL16CoreCTIAttributeE
__ZN26TargetDeviceFileConstanstsL16CoreEXEAttributeE
__ZN26TargetDeviceFileConstanstsL16CoreOCVAttributeE
__ZN26TargetDeviceFileConstanstsL14GroupAttributeE
__ZN26TargetDeviceFileConstanstsL19Attribute1AttributeE
__ZN26TargetDeviceFileConstanstsL13NameAttributeE
__ZN26TargetDeviceFileConstanstsL13TypeAttributeE
__ZN26TargetDeviceFileConstanstsL15ExecIdAttributeE
__ZN26TargetDeviceFileConstanstsL20DvfFileNameAttributeE
__ZN26TargetDeviceFileConstanstsL21DdfxFileNameAttributeE
__ZN26TargetDeviceFileConstanstsL41IsRHG4ResponseDataVariableLengthAttributeE
__ZN26TargetDeviceFileConstanstsL10DvfPathTagE
__ZN26TargetDeviceFileConstanstsL11DdfxPathTagE
__ZN26TargetDeviceFileConstanstsL12MultiCoreTagE
__ZN26TargetDeviceFileConstanstsL19DeviceAttributesTagE
__ZN26TargetDeviceFileConstanstsL14DifferentFWTagE
__ZN26TargetDeviceFileConstanstsL22ShaderR4R5SupportedTagE
__ZN26TargetDeviceFileConstanstsL18ShaderLWMStrideTagE
__ZN26TargetDeviceFileConstanstsL24ShaderLWMStrideLengthTagE
__ZN26TargetDeviceFileConstanstsL28ShaderScratchpadCommonEndTagE
__ZN26TargetDeviceFileConstanstsL31ShaderScratchpadNonCommonEndTagE
__ZN26TargetDeviceFileConstanstsL26BusMonitorQOSRecordSizeTagE
__ZN26TargetDeviceFileConstanstsL28BusMonitorDBSC4RecordSizeTagE
__ZN26TargetDeviceFileConstanstsL18InitHSSTPScriptTagE
__ZN26TargetDeviceFileConstanstsL21PreInitHSSTPScriptTagE
__ZN26TargetDeviceFileConstanstsL18ArmFamilyAttributeE
__ZN26TargetDeviceFileConstanstsL15ArmFpuAttributeE
__ZN26TargetDeviceFileConstanstsL21ArmTrustZoneAttributeE
__ZN26TargetDeviceFileConstanstsL15ArmMveAttributeE
__ZN26TargetDeviceFileConstanstsL18ArmPacbtiAttributeE
__ZN26TargetDeviceFileConstanstsL20ArmJtagBootAttributeE
__ZN26TargetDeviceFileConstanstsL23ArmComportBootAttributeE
__ZN26TargetDeviceFileConstanstsL16ArmNeonAttributeE
__ZN26TargetDeviceFileConstanstsL15RegSetAttributeE
__ZN26TargetDeviceFileConstanstsL15ScriptAttributeE
__ZN26TargetDeviceFileConstanstsL11PCAttributeE
__ZN26TargetDeviceFileConstanstsL21ArchitectureAttributeE
__ZN26TargetDeviceFileConstanstsL19ExtensionsAttributeE
__ZN26TargetDeviceFileConstanstsL13ArmMonitorTagE
__ZN26TargetDeviceFileConstanstsL26ArmMonitorAddressAttributeE
__ZN26TargetDeviceFileConstanstsL23ArmMonitorSizeAttributeE
__ZN26TargetDeviceFileConstanstsL23ArmMonitorNameAttributeE
__ZN26TargetDeviceFileConstanstsL24ArmMonitorWriteAttributeE
__ZN26TargetDeviceFileConstanstsL13PartNumberTagE
__ZN26TargetDeviceFileConstanstsL26PartNumberAddressAttributeE
__ZN26TargetDeviceFileConstanstsL24PartNumberDerefAttributeE
__ZN26TargetDeviceFileConstanstsL25PartNumberOffsetAttributeE
__ZN26TargetDeviceFileConstanstsL25PartNumberFormatAttributeE
__ZN26TargetDeviceFileConstanstsL18MonitorRegisterTagE
__ZN26TargetDeviceFileConstanstsL31MonitorRegisterAddressAttributeE
__ZN26TargetDeviceFileConstanstsL28MonitorRegisterSizeAttributeE
__ZN26TargetDeviceFileConstanstsL28MonitorRegisterNameAttributeE
__ZN26TargetDeviceFileConstanstsL28MonitorRegisterMaskAttributeE
__ZN26TargetDeviceFileConstanstsL28MonitorRegisterUnitAttributeE
__ZN26TargetDeviceFileConstanstsL32MonitorRegisterKilobyteUnitValueE
__ZN26TargetDeviceFileConstanstsL22SecureVectorAddressTagE
__ZN26TargetDeviceFileConstanstsL35SecureVectorAddressAddressAttributeE
__ZN26TargetDeviceFileConstanstsL32SecureVectorAddressSizeAttributeE
__ZN26TargetDeviceFileConstanstsL32SecureVectorAddressMaskAttributeE
__ZN26TargetDeviceFileConstanstsL34SecureVectorAddressLockRegisterTagE
__ZN26TargetDeviceFileConstanstsL44SecureVectorAddressLockRegisterNameAttributeE
__ZN26TargetDeviceFileConstanstsL47SecureVectorAddressLockRegisterAddressAttributeE
__ZN26TargetDeviceFileConstanstsL44SecureVectorAddressLockRegisterSizeAttributeE
__ZN26TargetDeviceFileConstanstsL44SecureVectorAddressLockRegisterMaskAttributeE
__ZN26TargetDeviceFileConstanstsL51SecureVectorAddressLockRegisterUnlockValueAttributeE
__ZN26TargetDeviceFileConstanstsL49SecureVectorAddressLockRegisterLockValueAttributeE
__ZN26TargetDeviceFileConstanstsL25NonsecureVectorAddressTagE
__ZN26TargetDeviceFileConstanstsL38NonsecureVectorAddressAddressAttributeE
__ZN26TargetDeviceFileConstanstsL35NonsecureVectorAddressSizeAttributeE
__ZN26TargetDeviceFileConstanstsL35NonsecureVectorAddressMaskAttributeE
__ZN26TargetDeviceFileConstanstsL37NonsecureVectorAddressLockRegisterTagE
__ZN26TargetDeviceFileConstanstsL47NonsecureVectorAddressLockRegisterNameAttributeE
__ZN26TargetDeviceFileConstanstsL50NonsecureVectorAddressLockRegisterAddressAttributeE
__ZN26TargetDeviceFileConstanstsL47NonsecureVectorAddressLockRegisterSizeAttributeE
__ZN26TargetDeviceFileConstanstsL47NonsecureVectorAddressLockRegisterMaskAttributeE
__ZN26TargetDeviceFileConstanstsL54NonsecureVectorAddressLockRegisterUnlockValueAttributeE
__ZN26TargetDeviceFileConstanstsL52NonsecureVectorAddressLockRegisterLockValueAttributeE
__ZN26TargetDeviceFileConstanstsL12TrustZoneTagE
__ZN26TargetDeviceFileConstanstsL16TzStateAttributeE
__ZN26TargetDeviceFileConstanstsL18TzCpuNameAttributeE
__ZN26TargetDeviceFileConstanstsL14IgnoreResetTagE
__ZN26TargetDeviceFileConstanstsL22IgnoreResetPcAttributeE
__ZN26TargetDeviceFileConstanstsL20ResumeBeforeResetTagE
__ZN26TargetDeviceFileConstanstsL10BinPathTagE
__ZN26TargetDeviceFileConstanstsL10DllPathTagE
__ZN26TargetDeviceFileConstanstsL6DllTagE
__ZN26TargetDeviceFileConstanstsL14RFPInformationE
__ZN26TargetDeviceFileConstanstsL19FlashBankAddressTagE
__ZN26TargetDeviceFileConstanstsL29FlashBankAddressNameAttributeE
__ZN26TargetDeviceFileConstanstsL32FlashBankAddressAddressAttributeE
__ZN26TargetDeviceFileConstanstsL18FlashLoaderTypeTagE
__ZN26TargetDeviceFileConstanstsL34FlashLoaderTypeMemoryTypeAttributeE
__ZN26TargetDeviceFileConstanstsL34FlashLoaderTypeLoaderNameAttributeE
__ZN26TargetDeviceFileConstanstsL32ZonedMemoryAccessWhileRunningTagE
__ZN26TargetDeviceFileConstanstsL42ZonedMemoryAccessWhileRunningZoneAttributeE
__ZN26TargetDeviceFileConstanstsL24ZonedAccessWithOffsetTagE
__ZN26TargetDeviceFileConstanstsL42ZonedAccessWithOffsetStartAddressAttributeE
__ZN26TargetDeviceFileConstanstsL40ZonedAccessWithOffsetEndAddressAttributeE
__ZN26TargetDeviceFileConstanstsL37ZonedAccessWithOffsetAddressAttributeE
__ZN26TargetDeviceFileConstanstsL24ArmMulticoreCortexPrefixE
__ZN26TargetDeviceFileConstanstsL36ArmMulticoreCortexPrefixAbbreviationE
__ZN26TargetDeviceFileConstanstsL13DeviceListTagE
__ZN26TargetDeviceFileConstanstsL9DeviceTagE
__ZN26TargetDeviceFileConstanstsL17DeviceFileInfoTagE
__ZN26TargetDeviceFileConstanstsL16CpuNameAttributeE
__ZN26TargetDeviceFileConstanstsL9headerTagE
__ZN26TargetDeviceFileConstanstsL16headerSupportTagE
__ZN26TargetDeviceFileConstanstsL18headerGeneratedTagE
__ZN26TargetDeviceFileConstanstsL16headerToolVerTagE
__ZN26TargetDeviceFileConstanstsL15McuFilesPathTagE
__ZN26TargetDeviceFileConstanstsL16McuFileAttributeE
__ZN26TargetDeviceFileConstanstsL7PathTagE
__ZN26TargetDeviceFileConstanstsL11FileNameTagE
__ZN26TargetDeviceFileConstanstsL17DriverFileNameTagE
__ZN26TargetDeviceFileConstanstsL9TargetTagE
__ZN26TargetDeviceFileConstanstsL8CoresTagE
__ZN26TargetDeviceFileConstanstsL7CoreTagE
__ZN26TargetDeviceFileConstanstsL19CoreNumberAttributeE
__ZN26TargetDeviceFileConstanstsL17CoreNameAttributeE
__ZN26TargetDeviceFileConstanstsL18CoreDebugAttributeE
__ZN26TargetDeviceFileConstanstsL16CoreCTIAttributeE
__ZN26TargetDeviceFileConstanstsL16CoreEXEAttributeE
__ZN26TargetDeviceFileConstanstsL16CoreOCVAttributeE
__ZN26TargetDeviceFileConstanstsL14GroupAttributeE
__ZN26TargetDeviceFileConstanstsL19Attribute1AttributeE
__ZN26TargetDeviceFileConstanstsL13NameAttributeE
__ZN26TargetDeviceFileConstanstsL13TypeAttributeE
__ZN26TargetDeviceFileConstanstsL15ExecIdAttributeE
__ZN26TargetDeviceFileConstanstsL20DvfFileNameAttributeE
__ZN26TargetDeviceFileConstanstsL21DdfxFileNameAttributeE
__ZN26TargetDeviceFileConstanstsL41IsRHG4ResponseDataVariableLengthAttributeE
__ZN26TargetDeviceFileConstanstsL10DvfPathTagE
__ZN26TargetDeviceFileConstanstsL11DdfxPathTagE
__ZN26TargetDeviceFileConstanstsL12MultiCoreTagE
__ZN26TargetDeviceFileConstanstsL19DeviceAttributesTagE
__ZN26TargetDeviceFileConstanstsL14DifferentFWTagE
__ZN26TargetDeviceFileConstanstsL22ShaderR4R5SupportedTagE
__ZN26TargetDeviceFileConstanstsL18ShaderLWMStrideTagE
__ZN26TargetDeviceFileConstanstsL24ShaderLWMStrideLengthTagE
__ZN26TargetDeviceFileConstanstsL28ShaderScratchpadCommonEndTagE
__ZN26TargetDeviceFileConstanstsL31ShaderScratchpadNonCommonEndTagE
__ZN26TargetDeviceFileConstanstsL26BusMonitorQOSRecordSizeTagE
__ZN26TargetDeviceFileConstanstsL28BusMonitorDBSC4RecordSizeTagE
__ZN26TargetDeviceFileConstanstsL18InitHSSTPScriptTagE
__ZN26TargetDeviceFileConstanstsL21PreInitHSSTPScriptTagE
__ZN26TargetDeviceFileConstanstsL18ArmFamilyAttributeE
__ZN26TargetDeviceFileConstanstsL15ArmFpuAttributeE
__ZN26TargetDeviceFileConstanstsL21ArmTrustZoneAttributeE
__ZN26TargetDeviceFileConstanstsL15ArmMveAttributeE
__ZN26TargetDeviceFileConstanstsL18ArmPacbtiAttributeE
__ZN26TargetDeviceFileConstanstsL20ArmJtagBootAttributeE
__ZN26TargetDeviceFileConstanstsL23ArmComportBootAttributeE
__ZN26TargetDeviceFileConstanstsL16ArmNeonAttributeE
__ZN26TargetDeviceFileConstanstsL15RegSetAttributeE
__ZN26TargetDeviceFileConstanstsL15ScriptAttributeE
__ZN26TargetDeviceFileConstanstsL11PCAttributeE
__ZN26TargetDeviceFileConstanstsL21ArchitectureAttributeE
__ZN26TargetDeviceFileConstanstsL19ExtensionsAttributeE
__ZN26TargetDeviceFileConstanstsL13ArmMonitorTagE
__ZN26TargetDeviceFileConstanstsL26ArmMonitorAddressAttributeE
__ZN26TargetDeviceFileConstanstsL23ArmMonitorSizeAttributeE
__ZN26TargetDeviceFileConstanstsL23ArmMonitorNameAttributeE
__ZN26TargetDeviceFileConstanstsL24ArmMonitorWriteAttributeE
__ZN26TargetDeviceFileConstanstsL13PartNumberTagE
__ZN26TargetDeviceFileConstanstsL26PartNumberAddressAttributeE
__ZN26TargetDeviceFileConstanstsL24PartNumberDerefAttributeE
__ZN26TargetDeviceFileConstanstsL25PartNumberOffsetAttributeE
__ZN26TargetDeviceFileConstanstsL25PartNumberFormatAttributeE
__ZN26TargetDeviceFileConstanstsL18MonitorRegisterTagE
__ZN26TargetDeviceFileConstanstsL31MonitorRegisterAddressAttributeE
__ZN26TargetDeviceFileConstanstsL28MonitorRegisterSizeAttributeE
__ZN26TargetDeviceFileConstanstsL28MonitorRegisterNameAttributeE
__ZN26TargetDeviceFileConstanstsL28MonitorRegisterMaskAttributeE
__ZN26TargetDeviceFileConstanstsL28MonitorRegisterUnitAttributeE
__ZN26TargetDeviceFileConstanstsL32MonitorRegisterKilobyteUnitValueE
__ZN26TargetDeviceFileConstanstsL22SecureVectorAddressTagE
__ZN26TargetDeviceFileConstanstsL35SecureVectorAddressAddressAttributeE
__ZN26TargetDeviceFileConstanstsL32SecureVectorAddressSizeAttributeE
__ZN26TargetDeviceFileConstanstsL32SecureVectorAddressMaskAttributeE
__ZN26TargetDeviceFileConstanstsL34SecureVectorAddressLockRegisterTagE
__ZN26TargetDeviceFileConstanstsL44SecureVectorAddressLockRegisterNameAttributeE
__ZN26TargetDeviceFileConstanstsL47SecureVectorAddressLockRegisterAddressAttributeE
__ZN26TargetDeviceFileConstanstsL44SecureVectorAddressLockRegisterSizeAttributeE
__ZN26TargetDeviceFileConstanstsL44SecureVectorAddressLockRegisterMaskAttributeE
__ZN26TargetDeviceFileConstanstsL51SecureVectorAddressLockRegisterUnlockValueAttributeE
__ZN26TargetDeviceFileConstanstsL49SecureVectorAddressLockRegisterLockValueAttributeE
__ZN26TargetDeviceFileConstanstsL25NonsecureVectorAddressTagE
__ZN26TargetDeviceFileConstanstsL38NonsecureVectorAddressAddressAttributeE
__ZN26TargetDeviceFileConstanstsL35NonsecureVectorAddressSizeAttributeE
__ZN26TargetDeviceFileConstanstsL35NonsecureVectorAddressMaskAttributeE
__ZN26TargetDeviceFileConstanstsL37NonsecureVectorAddressLockRegisterTagE
__ZN26TargetDeviceFileConstanstsL47NonsecureVectorAddressLockRegisterNameAttributeE
__ZN26TargetDeviceFileConstanstsL50NonsecureVectorAddressLockRegisterAddressAttributeE
__ZN26TargetDeviceFileConstanstsL47NonsecureVectorAddressLockRegisterSizeAttributeE
__ZN26TargetDeviceFileConstanstsL47NonsecureVectorAddressLockRegisterMaskAttributeE
__ZN26TargetDeviceFileConstanstsL54NonsecureVectorAddressLockRegisterUnlockValueAttributeE
__ZN26TargetDeviceFileConstanstsL52NonsecureVectorAddressLockRegisterLockValueAttributeE
__ZN26TargetDeviceFileConstanstsL12TrustZoneTagE
__ZN26TargetDeviceFileConstanstsL16TzStateAttributeE
__ZN26TargetDeviceFileConstanstsL18TzCpuNameAttributeE
__ZN26TargetDeviceFileConstanstsL14IgnoreResetTagE
__ZN26TargetDeviceFileConstanstsL22IgnoreResetPcAttributeE
__ZN26TargetDeviceFileConstanstsL20ResumeBeforeResetTagE
__ZN26TargetDeviceFileConstanstsL10BinPathTagE
__ZN26TargetDeviceFileConstanstsL10DllPathTagE
__ZN26TargetDeviceFileConstanstsL6DllTagE
__ZN26TargetDeviceFileConstanstsL14RFPInformationE
__ZN26TargetDeviceFileConstanstsL19FlashBankAddressTagE
__ZN26TargetDeviceFileConstanstsL29FlashBankAddressNameAttributeE
__ZN26TargetDeviceFileConstanstsL32FlashBankAddressAddressAttributeE
__ZN26TargetDeviceFileConstanstsL18FlashLoaderTypeTagE
__ZN26TargetDeviceFileConstanstsL34FlashLoaderTypeMemoryTypeAttributeE
__ZN26TargetDeviceFileConstanstsL34FlashLoaderTypeLoaderNameAttributeE
__ZN26TargetDeviceFileConstanstsL32ZonedMemoryAccessWhileRunningTagE
__ZN26TargetDeviceFileConstanstsL42ZonedMemoryAccessWhileRunningZoneAttributeE
__ZN26TargetDeviceFileConstanstsL24ZonedAccessWithOffsetTagE
__ZN26TargetDeviceFileConstanstsL42ZonedAccessWithOffsetStartAddressAttributeE
__ZN26TargetDeviceFileConstanstsL40ZonedAccessWithOffsetEndAddressAttributeE
__ZN26TargetDeviceFileConstanstsL37ZonedAccessWithOffsetAddressAttributeE
__ZN26TargetDeviceFileConstanstsL24ArmMulticoreCortexPrefixE
__ZN26TargetDeviceFileConstanstsL36ArmMulticoreCortexPrefixAbbreviationE
__ZN26TargetDeviceFileConstanstsL13DeviceListTagE
__ZN26TargetDeviceFileConstanstsL9DeviceTagE
__ZN26TargetDeviceFileConstanstsL17DeviceFileInfoTagE
__ZN26TargetDeviceFileConstanstsL16CpuNameAttributeE
__ZN26TargetDeviceFileConstanstsL9headerTagE
__ZN26TargetDeviceFileConstanstsL16headerSupportTagE
__ZN26TargetDeviceFileConstanstsL18headerGeneratedTagE
__ZN26TargetDeviceFileConstanstsL16headerToolVerTagE
__ZN26TargetDeviceFileConstanstsL15McuFilesPathTagE
__ZN26TargetDeviceFileConstanstsL16McuFileAttributeE
__ZN26TargetDeviceFileConstanstsL7PathTagE
__ZN26TargetDeviceFileConstanstsL11FileNameTagE
__ZN26TargetDeviceFileConstanstsL17DriverFileNameTagE
__ZN26TargetDeviceFileConstanstsL9TargetTagE
__ZN26TargetDeviceFileConstanstsL8CoresTagE
__ZN26TargetDeviceFileConstanstsL7CoreTagE
__ZN26TargetDeviceFileConstanstsL19CoreNumberAttributeE
__ZN26TargetDeviceFileConstanstsL17CoreNameAttributeE
__ZN26TargetDeviceFileConstanstsL18CoreDebugAttributeE
__ZN26TargetDeviceFileConstanstsL16CoreCTIAttributeE
__ZN26TargetDeviceFileConstanstsL16CoreEXEAttributeE
__ZN26TargetDeviceFileConstanstsL16CoreOCVAttributeE
__ZN26TargetDeviceFileConstanstsL14GroupAttributeE
__ZN26TargetDeviceFileConstanstsL19Attribute1AttributeE
__ZN26TargetDeviceFileConstanstsL13NameAttributeE
__ZN26TargetDeviceFileConstanstsL13TypeAttributeE
__ZN26TargetDeviceFileConstanstsL15ExecIdAttributeE
__ZN26TargetDeviceFileConstanstsL20DvfFileNameAttributeE
__ZN26TargetDeviceFileConstanstsL21DdfxFileNameAttributeE
__ZN26TargetDeviceFileConstanstsL41IsRHG4ResponseDataVariableLengthAttributeE
__ZN26TargetDeviceFileConstanstsL10DvfPathTagE
__ZN26TargetDeviceFileConstanstsL11DdfxPathTagE
__ZN26TargetDeviceFileConstanstsL12MultiCoreTagE
__ZN26TargetDeviceFileConstanstsL19DeviceAttributesTagE
__ZN26TargetDeviceFileConstanstsL14DifferentFWTagE
__ZN26TargetDeviceFileConstanstsL22ShaderR4R5SupportedTagE
__ZN26TargetDeviceFileConstanstsL18ShaderLWMStrideTagE
__ZN26TargetDeviceFileConstanstsL24ShaderLWMStrideLengthTagE
__ZN26TargetDeviceFileConstanstsL28ShaderScratchpadCommonEndTagE
__ZN26TargetDeviceFileConstanstsL31ShaderScratchpadNonCommonEndTagE
__ZN26TargetDeviceFileConstanstsL26BusMonitorQOSRecordSizeTagE
__ZN26TargetDeviceFileConstanstsL28BusMonitorDBSC4RecordSizeTagE
__ZN26TargetDeviceFileConstanstsL18InitHSSTPScriptTagE
__ZN26TargetDeviceFileConstanstsL21PreInitHSSTPScriptTagE
__ZN26TargetDeviceFileConstanstsL18ArmFamilyAttributeE
__ZN26TargetDeviceFileConstanstsL15ArmFpuAttributeE
__ZN26TargetDeviceFileConstanstsL21ArmTrustZoneAttributeE
__ZN26TargetDeviceFileConstanstsL15ArmMveAttributeE
__ZN26TargetDeviceFileConstanstsL18ArmPacbtiAttributeE
__ZN26TargetDeviceFileConstanstsL20ArmJtagBootAttributeE
__ZN26TargetDeviceFileConstanstsL23ArmComportBootAttributeE
__ZN26TargetDeviceFileConstanstsL16ArmNeonAttributeE
__ZN26TargetDeviceFileConstanstsL15RegSetAttributeE
__ZN26TargetDeviceFileConstanstsL15ScriptAttributeE
__ZN26TargetDeviceFileConstanstsL11PCAttributeE
__ZN26TargetDeviceFileConstanstsL21ArchitectureAttributeE
__ZN26TargetDeviceFileConstanstsL19ExtensionsAttributeE
__ZN26TargetDeviceFileConstanstsL13ArmMonitorTagE
__ZN26TargetDeviceFileConstanstsL26ArmMonitorAddressAttributeE
__ZN26TargetDeviceFileConstanstsL23ArmMonitorSizeAttributeE
__ZN26TargetDeviceFileConstanstsL23ArmMonitorNameAttributeE
__ZN26TargetDeviceFileConstanstsL24ArmMonitorWriteAttributeE
__ZN26TargetDeviceFileConstanstsL13PartNumberTagE
__ZN26TargetDeviceFileConstanstsL26PartNumberAddressAttributeE
__ZN26TargetDeviceFileConstanstsL24PartNumberDerefAttributeE
__ZN26TargetDeviceFileConstanstsL25PartNumberOffsetAttributeE
__ZN26TargetDeviceFileConstanstsL25PartNumberFormatAttributeE
__ZN26TargetDeviceFileConstanstsL18MonitorRegisterTagE
__ZN26TargetDeviceFileConstanstsL31MonitorRegisterAddressAttributeE
__ZN26TargetDeviceFileConstanstsL28MonitorRegisterSizeAttributeE
__ZN26TargetDeviceFileConstanstsL28MonitorRegisterNameAttributeE
__ZN26TargetDeviceFileConstanstsL28MonitorRegisterMaskAttributeE
__ZN26TargetDeviceFileConstanstsL28MonitorRegisterUnitAttributeE
__ZN26TargetDeviceFileConstanstsL32MonitorRegisterKilobyteUnitValueE
__ZN26TargetDeviceFileConstanstsL22SecureVectorAddressTagE
__ZN26TargetDeviceFileConstanstsL35SecureVectorAddressAddressAttributeE
__ZN26TargetDeviceFileConstanstsL32SecureVectorAddressSizeAttributeE
__ZN26TargetDeviceFileConstanstsL32SecureVectorAddressMaskAttributeE
__ZN26TargetDeviceFileConstanstsL34SecureVectorAddressLockRegisterTagE
__ZN26TargetDeviceFileConstanstsL44SecureVectorAddressLockRegisterNameAttributeE
__ZN26TargetDeviceFileConstanstsL47SecureVectorAddressLockRegisterAddressAttributeE
__ZN26TargetDeviceFileConstanstsL44SecureVectorAddressLockRegisterSizeAttributeE
__ZN26TargetDeviceFileConstanstsL44SecureVectorAddressLockRegisterMaskAttributeE
__ZN26TargetDeviceFileConstanstsL51SecureVectorAddressLockRegisterUnlockValueAttributeE
__ZN26TargetDeviceFileConstanstsL49SecureVectorAddressLockRegisterLockValueAttributeE
__ZN26TargetDeviceFileConstanstsL25NonsecureVectorAddressTagE
__ZN26TargetDeviceFileConstanstsL38NonsecureVectorAddressAddressAttributeE
__ZN26TargetDeviceFileConstanstsL35NonsecureVectorAddressSizeAttributeE
__ZN26TargetDeviceFileConstanstsL35NonsecureVectorAddressMaskAttributeE
__ZN26TargetDeviceFileConstanstsL37NonsecureVectorAddressLockRegisterTagE
__ZN26TargetDeviceFileConstanstsL47NonsecureVectorAddressLockRegisterNameAttributeE
__ZN26TargetDeviceFileConstanstsL50NonsecureVectorAddressLockRegisterAddressAttributeE
__ZN26TargetDeviceFileConstanstsL47NonsecureVectorAddressLockRegisterSizeAttributeE
__ZN26TargetDeviceFileConstanstsL47NonsecureVectorAddressLockRegisterMaskAttributeE
__ZN26TargetDeviceFileConstanstsL54NonsecureVectorAddressLockRegisterUnlockValueAttributeE
__ZN26TargetDeviceFileConstanstsL52NonsecureVectorAddressLockRegisterLockValueAttributeE
__ZN26TargetDeviceFileConstanstsL12TrustZoneTagE
__ZN26TargetDeviceFileConstanstsL16TzStateAttributeE
__ZN26TargetDeviceFileConstanstsL18TzCpuNameAttributeE
__ZN26TargetDeviceFileConstanstsL14IgnoreResetTagE
__ZN26TargetDeviceFileConstanstsL22IgnoreResetPcAttributeE
__ZN26TargetDeviceFileConstanstsL20ResumeBeforeResetTagE
__ZN26TargetDeviceFileConstanstsL10BinPathTagE
__ZN26TargetDeviceFileConstanstsL10DllPathTagE
__ZN26TargetDeviceFileConstanstsL6DllTagE
__ZN26TargetDeviceFileConstanstsL14RFPInformationE
__ZN26TargetDeviceFileConstanstsL19FlashBankAddressTagE
__ZN26TargetDeviceFileConstanstsL29FlashBankAddressNameAttributeE
__ZN26TargetDeviceFileConstanstsL32FlashBankAddressAddressAttributeE
__ZN26TargetDeviceFileConstanstsL18FlashLoaderTypeTagE
__ZN26TargetDeviceFileConstanstsL34FlashLoaderTypeMemoryTypeAttributeE
__ZN26TargetDeviceFileConstanstsL34FlashLoaderTypeLoaderNameAttributeE
__ZN26TargetDeviceFileConstanstsL32ZonedMemoryAccessWhileRunningTagE
__ZN26TargetDeviceFileConstanstsL42ZonedMemoryAccessWhileRunningZoneAttributeE
__ZN26TargetDeviceFileConstanstsL24ZonedAccessWithOffsetTagE
__ZN26TargetDeviceFileConstanstsL42ZonedAccessWithOffsetStartAddressAttributeE
__ZN26TargetDeviceFileConstanstsL40ZonedAccessWithOffsetEndAddressAttributeE
__ZN26TargetDeviceFileConstanstsL37ZonedAccessWithOffsetAddressAttributeE
__ZN26TargetDeviceFileConstanstsL24ArmMulticoreCortexPrefixE
__ZN26TargetDeviceFileConstanstsL36ArmMulticoreCortexPrefixAbbreviationE
=== rpdm jar members ===
META-INF/ 0
META-INF/MANIFEST.MF 416
gdb_server.tar.xz 847276
plugin.xml 608
=== arm.common.debug jar members containing xml/xmi ===
